region	month	monthName	workType	category	plants	growMethod	text	detail	source
srednyaya-polosa	yanvar	ЯНВАРЬ	obrabotka	ogorod	kartofel,morkov,svekla,luk,chesnok	grunt	Осмотр хранящихся картофеля, моркови, свёклы, лука, чеснока на предмет гнили — выбраковка повреждённых экземпляров. Планирование севооборота для профилактики почвенных вредителей и болезней.		
srednyaya-polosa	yanvar	ЯНВАРЬ	obrabotka	dekor	tuya,mozhzhevelnik,samshit	grunt	Осмотр туи, можжевельника, самшита на признаки зимнего подсушивания и грибковых пятен под снегом (снежное шютте).		
srednyaya-polosa	fevral	ФЕВРАЛЬ	obrabotka	ogorod	tomat,kapusta,perets	rassada,grunt	Продолжение контроля хранящихся овощей. Подготовка почвы и семян — протравливание семян томата, перца, капусты слабым раствором марганцовки или биофунгицидом перед посевом на рассаду.	1%-й раствор марганцовки (1 г на 100 мл воды) — замочить семена на 20-30 минут, затем промыть чистой водой. Из биопрепаратов — «Фитоспорин-М» по инструкции на упаковке, действует мягче. Семена в цветной оболочке (уже заводская обработка) повторно не протравливают.	
srednyaya-polosa	fevral	ФЕВРАЛЬ	obrabotka	dekor	gortenziya,roza	grunt	Осмотр роз, гортензий под укрытием на плесень — при обнаружении приоткрыть укрытие для проветривания.		
srednyaya-polosa	mart	МАРТ	obrabotka	ogorod	tomat,kapusta,perets	rassada,grunt	Обработка почвы в теплицах медным купоросом или биофунгицидом после схода снега. Профилактическая обработка рассады томата, перца, капусты от чёрной ножки (раствор фитоспорина).		
srednyaya-polosa	mart	МАРТ	obrabotka	dekor	barbaris,spireya,doren,puzyreplodnik,veygela,chubushnik	grunt	В конце марта – начале апреля — обработка 3%-й бордоской жидкостью (искореняющее опрыскивание) по спящим почкам — барбарис, спирея, пузыреплодник, дёрен, чубужник, вейгела; проводят при устойчивом дневном тепле +5 °C и выше, без ночных заморозков в ближайшие сутки. Обработка почвы под кустами от перезимовавших вредителей (тля, клещи) до распускания почек.	3%-й раствор бордоской жидкости (300 г медного купороса + 400 г извести на 10 л воды) готовят непосредственно перед применением, не хранят. Опрыскивают в сухую безветренную погоду при +4…+10°C строго по спящим почкам — до их распускания, иначе возможны ожоги молодой листвы.	
srednyaya-polosa	mart	МАРТ	obrabotka	dekor	tuya,mozhzhevelnik,samshit	grunt	Опрыскивание туи, можжевельника, самшита от грибковых инфекций (шютте) фунгицидом на основе меди.	От шютте на туе, можжевельнике, самшите — ХОМ (хлорокись меди, 40 г на 10 л воды, не выше +30°C) или 1%-я бордоская жидкость (+5…+25°C), опрыскивание по кроне в сухую погоду. Для более длительной защиты (20-28 суток) подойдёт системный фунгицид «Ракурс» (эпоксиконазол + ципроконазол, СК) по инструкции на упаковке — эффективен при температуре от +10°C, действует и профилактически, и лечебно.	
srednyaya-polosa	aprel	АПРЕЛЬ	obrabotka	ogorod	kartofel,morkov,luk,chesnok	grunt	Искореняющая обработка почвы на грядках от проволочника и медведки (посев горчицы, ловушки). Профилактика фитофторы на картофеле — протравливание клубней перед посадкой. Обработка чеснока и лука от луковой мухи (высадка рядом с морковью, обработка золой).	От проволочника — инсектицид «Землин» (диазинон) при перекопке или приманочные ловушки из кусочков картофеля, закопанные на 5-7 см (проверять и уничтожать содержимое каждые 3-4 дня). От медведки — гранулированные приманки «Медветокс» или «Гризли» в бороздки. Клубни картофеля перед посадкой протравливают «Максимом» или «Престижем» (заодно защищает от фитофторы) строго по инструкции на упаковке.	
srednyaya-polosa	aprel	АПРЕЛЬ	obrabotka	dekor	barbaris,spireya,puzyreplodnik,gortenziya,roza	grunt	В конце апреля – начале мая — опрыскивание от тли и клещей на розах, спирее, барбарисе, пузыреплотнике: пиретроидными препаратами при дневных +12 °C и выше (в жару за +25 °C эффективность падает), биопрепаратами — не раньше устойчивых +15 °C. Профилактика мучнистой росы на флоксах и гортензии.	От тли и клещей — Инта-Вир или биопрепарат Фитоверм (менее токсичен, можно применять чаще, действует медленнее; эффективнее в тепле — от +12°C, лучше при +18°C и выше). От мучнистой росы на флоксах и гортензии — медьсодержащие препараты (ХОМ — не выше +30°C, 1%-я бордоская жидкость — +5…+25°C) или системный фунгицид на основе тиофанат-метила по инструкции на упаковке.	
srednyaya-polosa	aprel	АПРЕЛЬ	obrabotka	dekor	tuya,mozhzhevelnik,samshit,el,sosna	grunt	Обработка от тли-хермеса и паутинного клеща (актуально для ели и сосны) в начале активного роста. Профилактика фузариоза у молодых саженцев хвойных — полив под корень фунгицидом.	От тли-хермеса и паутинного клеща — специализированный инсектицид для хвойных «Пиноцид» (2 мл на 10 л воды, стадия «зелёный конус» — «розовый бутон», от +10°C) или «Актара» (тиаметоксам, системного действия; +10…+29°C, оптимально +12…+25°C); при слабом поражении — биопрепарат «Фитоверм» (эффективнее в тепле — от +12°C, лучше при +18°C и выше). От фузариоза молодых саженцев — полив под корень «Фитоспорином-М» или «Превикуром» по инструкции, повторяют через 2 недели при сохранении симптомов.	
srednyaya-polosa	may	МАЙ	obrabotka	ogorod	tomat,kartofel,kapusta	grunt	Профилактическая обработка картофеля от колорадского жука (ручной сбор, биопрепараты). Обработка капусты от крестоцветной блошки (зола, табачная пыль). Профилактика фитофторы на томате — опрыскивание медьсодержащим препаратом.	При небольшом числе жуков эффективен ручной сбор вредителя и кладок с нижней стороны листьев. При массовом поражении — инсектициды: Актара (тиаметоксам, системного действия, защита 3-4 недели; работает при +10…+29°C, оптимально +12…+25°C) или Инта-Вир (контактно-кишечный, защита 10-15 дней), строго по инструкции на упаковке и с соблюдением срока ожидания.	
srednyaya-polosa	may	МАЙ	obrabotka	dekor	hosta,roza	grunt	Обработка роз от тли, пилильщика, чёрной пятнистости. Обработка хосты от слизней (метальдегид, ловушки) — пик активности.	От тли и пилильщика — Инта-Вир или биопрепарат Фитоверм (менее токсичен, можно применять чаще; эффективнее в тепле — от +12°C, лучше при +18°C и выше). От чёрной пятнистости и других грибковых пятнистостей — медьсодержащие препараты (ХОМ — не выше +30°C, 1%-я бордоская жидкость — +5…+25°C) или системные фунгициды на основе манкоцеба по инструкции.	
srednyaya-polosa	may	МАЙ	obrabotka	dekor	tuya,mozhzhevelnik,samshit	grunt	Обработка от короеда и хвойного клеща инсектоакарицидами при первых признаках усыхания. Профилактика фитофтороза корневой системы на переувлажнённых участках.	От короеда и хвойного клеща — инсектоакарициды на основе бифентрина («Клипер») или «Актеллик» строго по инструкции: эффективны только на самой ранней стадии, запущенное поражение короедом лечению не поддаётся — поражённые ветви/растения удаляют. От фитофтороза корней на переувлажнённых участках — полив «Превикуром» или «Фитоспорином-М» и в первую очередь нормализация дренажа.	
srednyaya-polosa	iyun	ИЮНЬ	obrabotka	ogorod	tomat,ogurets,kartofel,kapusta,morkov,svekla,luk,gorokh	grunt	Массовая обработка от колорадского жука (картофель), тли (горох, свёкла), морковной и луковой мухи. Профилактика фитофторы томата и огурца — опрыскивание каждые 10-14 дней в дождливую погоду. Обработка капусты от гусениц белянки и совки (Битоксибациллин, Лепидоцид).	При небольшом числе жуков эффективен ручной сбор вредителя и кладок с нижней стороны листьев. При массовом поражении — инсектициды: Актара (тиаметоксам, системного действия, защита 3-4 недели; работает при +10…+29°C, оптимально +12…+25°C) или Инта-Вир (контактно-кишечный, защита 10-15 дней), строго по инструкции на упаковке и с соблюдением срока ожидания.	
srednyaya-polosa	iyun	ИЮНЬ	obrabotka	dekor	hosta,barbaris,spireya,klen,roza,astilba	grunt	Повторная обработка роз от тли и мучнистой росы. Обработка хосты и астильбы от слизней. Профилактика мучнистой росы на клёне, барбарисе, спирее в условиях влажности.	От тли и мучнистой росы на розах — «Топаз» (от росы, от +10°C, оптимум +10…+25°C) и Инта-Вир или Фитоверм (от тли, эффективнее в тепле — от +12°C); обрабатывают в один день, но разными растворами. От слизней на хосте и астильбе — гранулы метальдегида («Гроза», «Слизнеед») вокруг кустов. От мучнистой росы на клёне, барбарисе, спирее — тот же «Топаз» или коллоидная сера (оптимум +20…+28°C, выше +30°C — ожог листьев) по инструкции.	
srednyaya-polosa	iyun	ИЮНЬ	obrabotka	dekor	tuya,mozhzhevelnik,samshit	grunt	Контроль пилильщика на сосне и еловой листовёртки — обработка при обнаружении гусениц.	От пилильщика на сосне и еловой листовёртки — «Инта-Вир» или «Актара» (+10…+29°C) при обнаружении гусениц/личинок, обработка по кроне. При небольшом числе вредителей эффективен и ручной сбор.	
srednyaya-polosa	iyul	ИЮЛЬ	obrabotka	ogorod	tomat,ogurets,kartofel,kapusta,kabachok	grunt	Обработка томата и картофеля от фитофторы (в пик влажности — каждые 7-10 дней). Обработка капусты от белянки, тли. Профилактика мучнистой росы на огурце и кабачке (сыворотка, фунгициды).	В период плодоношения используйте биопрепараты: Фитоспорин-М (10 г на 10 л воды) или связку Алирин-Б + Гамаир. До завязи при сильном развитии болезни допустимы контактные фунгициды на основе хлорокиси меди (ХОМ, не выше +30°C) — строго с соблюдением срока ожидания до сбора урожая, указанного на упаковке. Интервал между обработками: 7-10 дней в дождливую погоду, до 15 дней в сухую.	
srednyaya-polosa	iyul	ИЮЛЬ	obrabotka	dekor	hosta,gortenziya,bereskleet,roza,plyushch	grunt	Обработка роз от чёрной пятнистости и паутинного клеща. Обработка гортензии от тли, хосты от слизней. Контроль щитовки на плюще и бересклете.	От тли и пилильщика — Инта-Вир или биопрепарат Фитоверм (менее токсичен, можно применять чаще; эффективнее в тепле — от +12°C, лучше при +18°C и выше). От чёрной пятнистости и других грибковых пятнистостей — медьсодержащие препараты (ХОМ — не выше +30°C, 1%-я бордоская жидкость — +5…+25°C) или системные фунгициды на основе манкоцеба по инструкции.	
srednyaya-polosa	iyul	ИЮЛЬ	obrabotka	dekor	tuya,mozhzhevelnik,samshit	grunt	Обработка от короеда-типографа (профилактически при жаркой сухой погоде — фактор риска). Контроль побурения хвои — при грибковых поражениях повторная обработка фунгицидом.	Специфических инсектицидов для профилактики короеда-типографа нет — риск снижают поддержанием здоровья дерева (полив в засуху, без лишних повреждений коры); при явном заселении (буровая мука) дерево обычно уже не спасти, убирают до вылета следующего поколения жука. От побурения хвои грибкового происхождения — повторная обработка ХОМ (не выше +30°C) или «Абига-Пик» (+5…+25°C) по инструкции.	
srednyaya-polosa	avgust	АВГУСТ	obrabotka	ogorod	tomat,kartofel,kapusta,morkov,svekla	grunt	Последняя обработка томата и картофеля от фитофторы (за 20 дней до сбора). Обработка капусты поздних сортов от гусениц. Профилактика корневых гнилей моркови и свёклы при избыточном поливе.	Последняя обработка от фитофторы — ХОМ (не выше +30°C) или «Абига-Пик» (+5…+25°C, медьсодержащие, срок ожидания до сбора — 20 дней). От гусениц на капусте поздних сортов — биопрепарат «Лепидоцид» или «Битоксибациллин» (оба малоэффективны ниже +13°C, оптимум +18…+30°C; короткий срок ожидания). От корневых гнилей моркови и свёклы — в первую очередь сократить полив, при необходимости пролить «Фитоспорином-М».	
srednyaya-polosa	avgust	АВГУСТ	obrabotka	dekor	roza	grunt	Снижение частоты обработок роз, последнее опрыскивание от чёрной пятнистости. Контроль вредителей на хвойных перед подготовкой к зиме.	От тли и пилильщика — Инта-Вир или биопрепарат Фитоверм (менее токсичен, можно применять чаще; эффективнее в тепле — от +12°C, лучше при +18°C и выше). От чёрной пятнистости и других грибковых пятнистостей — медьсодержащие препараты (ХОМ — не выше +30°C, 1%-я бордоская жидкость — +5…+25°C) или системные фунгициды на основе манкоцеба по инструкции.	
srednyaya-polosa	avgust	АВГУСТ	obrabotka	dekor	tuya,mozhzhevelnik,samshit	grunt	Осмотр на признаки короеда (буровая мука, смоляные воронки) — при обнаружении удаление и обработка соседних растений.	При первых признаках заселения (буровая мука, смоляные воронки) поражённые ветви вырезают до здоровой древесины и сжигают, срезы обрабатывают садовым варом. Соседние здоровые растения профилактически опрыскивают инсектицидом на основе бифентрина («Клипер») — химобработка уже заселённого дерева малоэффективна.	
srednyaya-polosa	sentyabr	СЕНТЯБРЬ	obrabotka	ogorod	tomat,kartofel	grunt	После уборки урожая — удаление и уничтожение растительных остатков (ботва томата, картофеля) — профилактика зимовки фитофторы и вредителей. Обработка почвы биофунгицидом.	Обработка почвы после уборки ботвы — биофунгицид «Фитоспорин-М» или «Триходермин» по пролитой поверхности, снижает запас спор фитофторы и других патогенов к следующему сезону. Саму ботву томата и картофеля не компостируют, а сжигают или выносят с участка.	
srednyaya-polosa	oktyabr	ОКТЯБРЬ	obrabotka	dekor	roza,smorodina,kryzhovnik,barbaris,spireya	grunt	После полного листопада (обычно в конце октября — начале ноября) — искореняющая обработка роз, плодовых и декоративных кустарников (барбарис, спирея) медьсодержащим препаратом по голым ветвям и опавшим листьям. Профилактика зимующих стадий вредителей и грибных инфекций.	Искореняющая обработка — 3%-я бордоская жидкость (300 г медного купороса + 400 г извести на 10 л воды) или ХОМ (40 г на 10 л) по голым ветвям и опавшим листьям, в сухую безветренную погоду при +3…+5 °C. До полного листопада не проводят — медь обжигает ещё зелёные и окрашивающиеся листья и ослабляет растение перед зимой.	агропроверка: искореняющая обработка — только после полного листопада (kp.ru, aif.ru)
srednyaya-polosa	oktyabr	ОКТЯБРЬ	obrabotka	ogorod		grunt	Уборка и уничтожение растительных остатков с грядок, перекопка почвы с оборотом пласта (уничтожение зимующих личинок вредителей).	Обработка почвы после уборки ботвы — биофунгицид «Фитоспорин-М» или «Триходермин» по пролитой поверхности, снижает запас спор фитофторы и других патогенов к следующему сезону. Саму ботву томата и картофеля не компостируют, а сжигают или выносят с участка.	
srednyaya-polosa	oktyabr	ОКТЯБРЬ	obrabotka	dekor	gortenziya,klen,roza	grunt	Сбор и уничтожение опавших листьев роз, гортензии, клёна (источник грибковых спор). Искореняющая обработка приствольных кругов кустарников бордоской жидкостью.		
srednyaya-polosa	oktyabr	ОКТЯБРЬ	obrabotka	dekor	tuya,mozhzhevelnik,samshit	grunt	Осенняя профилактическая обработка хвойных (туя, можжевельник, самшит) медьсодержащим фунгицидом от шютте и грибных пятнистостей — при устойчивом дневном ниже +12 °C и до перехода днём ниже +5 °C.	ХОМ (40 г на 10 л воды, не выше +30°C) или «Абига-Пик» (+5…+25°C) по кроне в сухую погоду — снижает риск грибковых пятнистостей и шютте под зимним укрытием, когда вентиляция ограничена.	
srednyaya-polosa	noyabr	НОЯБРЬ	obrabotka	ogorod		grunt	Завершение осенней перекопки, обработка теплиц (окуривание серной шашкой или дезинфекция) от зимующих вредителей и патогенов.	Серную шашку («ФАС», расчёт по паспорту теплицы — обычно 1 шашка на 5 м²) применяют строго при плюсовой температуре в полностью герметичной теплице, без металлических некрашеных конструкций (сера вызывает коррозию) и без растений внутри. После обработки теплицу проветривают не менее суток.	
srednyaya-polosa	noyabr	НОЯБРЬ	obrabotka	dekor	gortenziya,roza	grunt	Профилактическая обработка роз и молодых гортензий фунгицидом перед укрытием на зиму. Осмотр вечнозелёных на вредителей перед укрытием.		
srednyaya-polosa	noyabr	НОЯБРЬ	obrabotka	dekor	tuya,mozhzhevelnik,samshit	grunt	Обработка от снежного шютте медьсодержащим препаратом до устойчивых морозов.	ХОМ (40 г на 10 л воды, не выше +30°C) или «Абига-Пик» (+5…+25°C) по кроне хвойных — последняя обработка сезона, проводится по сухой хвое незадолго до устойчивых морозов.	supersadovnik.ru, dacha6.ru — влагозарядковый полив хвойных перед зимой (2026-09)
srednyaya-polosa	dekabr	ДЕКАБРЬ	obrabotka	ogorod	kartofel,morkov,svekla,luk,chesnok	grunt	Контроль хранящегося урожая (картофель, морковь, свёкла, лук, чеснок) на гнили и вредителей (проволочник, плодожорка в хранилище).		
srednyaya-polosa	dekabr	ДЕКАБРЬ	obrabotka	dekor	gortenziya,roza	grunt	Периодический осмотр укрытых роз и гортензий на выпревание и плесень.		
srednyaya-polosa	fevral	ФЕВРАЛЬ	udobrenie	ogorod	tomat,perets	rassada,grunt	Подкормка рассады томата, перца после появления 2-го настоящего листа комплексным удобрением (NPK) в слабой концентрации.	«Кристалон» или «Фертика Люкс» (NPK ~16:16:16 или аналог) в половинной от указанной на упаковке концентрации — молодые корни в этом возрасте легко обжечь избытком солей. Поливают под корень по уже влажной почве (не сразу после пересушки), примерно раз в 10-14 дней до высадки в грунт.	
srednyaya-polosa	mart	МАРТ	udobrenie	ogorod	tomat,ogurets,kapusta,perets	rassada,grunt	Подкормка рассады томата, перца, капусты комплексным удобрением каждые 10-14 дней. Внесение перегноя/компоста в теплицы под будущую посадку огурца.	«Кемира Люкс» или «Фертика Универсал» (NPK ~16:16:16) — по инструкции на упаковке, обычно 1-2 ст. ложки на 10 л воды, полив под корень раз в 10-14 дней. Для самых молодых сеянцев (до 3 недель) концентрацию снижают вдвое.	
srednyaya-polosa	mart	МАРТ	udobrenie	dekor	barbaris,spireya,doren,puzyreplodnik,gortenziya,veygela,chubushnik,roza	grunt	Подкормка азотным удобрением (мочевина, аммиачная селитра) сразу после снятия зимних укрытий, по спящим почкам — роза, спирея, барбарис, пузыреплодник, дёрен, вейгела, чубушник, гортензия — для стимуляции роста побегов.	Мочевина (карбамид, 15-20 г/м²) или аммиачная селитра (20-25 г/м²) — рассыпают по влажной почве вокруг куста сразу после снятия укрытия, слегка заделывают. Гранулы не должны попадать на кору у корневой шейки — риск ожога.	
srednyaya-polosa	mart	МАРТ	udobrenie	dekor	tuya,mozhzhevelnik,el,sosna	grunt	Подкормка специализированным удобрением для хвойных (с магнием) при плюсовых температурах — туя, можжевельник, ель, сосна.	Например, «Фертика Хвойное» (NPK 10:7:14 + Mg + S) — гранулы рассыпают по проекции кроны из расчёта 60 г/м² и слегка заделывают в почву или мульчу. Повышенное содержание магния и серы поддерживает насыщенный цвет хвои. Вносится в апреле-мае и, при необходимости, повторно в сентябре калийной формой без азота. Летние подкормки не проводят (избыток азота летом снижает морозостойкость и провоцирует грибковые заболевания), органику (навоз, свежий компост) не вносят — закисление и ожог корней.	
srednyaya-polosa	aprel	АПРЕЛЬ	udobrenie	ogorod	kartofel,kapusta,morkov,svekla,luk,chesnok	grunt	Внесение перегноя/компоста и комплексного минерального удобрения при перекопке грядок под картофель, капусту, свёклу, морковь, лук, чеснок. Подкормка чеснока и лука азотом (аммиачная селитра) после отрастания перьев.	Перегной или компост — 3-4 кг/м², комплексное минеральное удобрение (нитроаммофоска) — 30-40 г/м² под перекопку. Аммиачную селитру под чеснок и лук (15-20 г/м²) вносят по влажной почве, не допуская попадания гранул на перья — может вызвать ожог.	
srednyaya-polosa	aprel	АПРЕЛЬ	udobrenie	dekor	hosta,tuya,samshit,klen,paporotnik,astilba,brunnera,geyhera	grunt	Подкормка комплексным удобрением с преобладанием азота — хоста, папоротник, астильба, бруннера, гейхера, клён. Первая подкормка самшита и туи после схода снега.	Комплексное удобрение с преобладанием азота, например «Азофоска» (NPK 16:16:16), — 20-30 г/м² по норме на упаковке. Самшит и тую после схода снега подкармливают тем же комплексным удобрением или специализированным «Фертика Хвойное», рассыпая по поверхности почвы и слегка заделывая — не допуская контакта гранул с корой у корневой шейки.	
srednyaya-polosa	aprel	АПРЕЛЬ	udobrenie	dekor	tuya,mozhzhevelnik,samshit	grunt	Продолжение весенней подкормки удобрением для хвойных (медленнодействующее гранулированное, апрель-май — по данным производителей специализированных хвойных удобрений это основное окно, повторно можно подкормить калийной формой в сентябре).	Например, «Фертика Хвойное» (NPK 10:7:14 + Mg + S) — гранулы рассыпают по проекции кроны из расчёта 60 г/м² и слегка заделывают в почву или мульчу. Повышенное содержание магния и серы поддерживает насыщенный цвет хвои. Вносится в апреле-мае и, при необходимости, повторно в сентябре калийной формой без азота.	
srednyaya-polosa	may	МАЙ	udobrenie	ogorod	tomat,ogurets,kartofel,kapusta,perets,kabachok	rassada,grunt	Подкормка высаженной рассады томата, перца, капусты через 10-14 дней после посадки (настой коровяка или комплексное удобрение). Подкормка картофеля при окучивании (зола, комплексное удобрение). Подкормка огурца и кабачка органикой при появлении 3-4 листьев.	Настой коровяка (1:10 с водой, настоять сутки) или комплексное удобрение «Кемира Люкс» по инструкции. Картофелю при окучивании — древесная зола (1 стакан на куст) или тот же комплекс. Огурцу и кабачку при 3-4 листьях — настой коровяка (1:10) или настой крапивы.	
srednyaya-polosa	may	МАЙ	udobrenie	dekor	spireya,gortenziya,veygela,chubushnik,roza	grunt	Подкормка роз после первой обрезки (азотно-калийное удобрение). Подкормка гортензии удобрением для гортензий (влияет на цвет у некоторых видов). Подкормка вейгелы, чубушника, спиреи после начала цветения азотно-фосфорным составом.	Розам — азотно-калийное удобрение, например «Фертика для роз» по норме на упаковке. Гортензии — специализированное удобрение для гидрангий: кислая формула (с сульфатом алюминия) усиливает синий оттенок соцветий у крупнолистной гортензии, нейтральная сохраняет розовый. Вейгеле, чубушнику, спирее — азотно-фосфорный состав по инструкции.	
srednyaya-polosa	may	МАЙ	udobrenie	dekor	tuya,mozhzhevelnik,samshit	grunt	При слабом росте — некорневая подкормка хелатом железа.	Хелат железа («Феровит» или «Микро-Fe») — 2-3 г на литр воды, опрыскивание по листу в утренние или вечерние часы (не в жару и не под прямым солнцем — риск ожога).	
srednyaya-polosa	iyun	ИЮНЬ	udobrenie	ogorod	tomat,kapusta,morkov,svekla	grunt	Подкормка томата фосфорно-калийным удобрением в период цветения и завязи плодов. Подкормка капусты, свёклы, моркови комплексным удобрением.	Томату в период цветения и завязи — сульфат калия (15-20 г на 10 л воды) или монофосфат калия. Капусте, свёкле, моркови — комплексное удобрение («Кемира» или нитроаммофоска, 25-30 г/м²) под рыхление.	
srednyaya-polosa	iyun	ИЮНЬ	udobrenie	dekor	hosta,klen,bereskleet,roza,astilba	grunt	Подкормка роз фосфорно-калийным удобрением для обильного цветения. Подкормка хосты, астильбы органикой или комплексным удобрением. Внекорневая подкормка клёна и бересклета при бледности листвы.	Розам — фосфорно-калийное удобрение («Фертика для роз», без азота). Хосте, астильбе — настой коровяка (1:10) или комплексное гранулированное удобрение. Клёну и бересклету при бледности листвы — внекорневая подкормка хелатом железа (2-3 г/л) по листу.	
srednyaya-polosa	iyul	ИЮЛЬ	udobrenie	ogorod	tomat,kartofel,kapusta,perets	grunt	Подкормка томата и перца калийным удобрением (сульфат калия) для налива плодов. Подкормка капусты поздних сортов. Прекращение азотных подкормок картофеля (для формирования клубней).	Сульфат калия — 20-25 г на 10 л воды, полив под корень для налива плодов томата и перца. Капусте поздних сортов — тот же состав или монофосфат калия. Азотные подкормки картофеля с этого момента прекращают полностью — избыток азота идёт в ботву в ущерб клубням.	
srednyaya-polosa	iyul	ИЮЛЬ	udobrenie	dekor	gortenziya,roza	grunt	Повторная подкормка роз фосфорно-калийным удобрением после первой волны цветения. Подкормка гортензии продолжается.	Повторная подкормка роз — «Фертика для роз» или монофосфат калия (15-20 г на 10 л воды) после первой волны цветения, стимулирует повторное цветение. Гортензии — та же специализированная формула, что и в мае.	
srednyaya-polosa	avgust	АВГУСТ	udobrenie	ogorod	tomat,kapusta,morkov,svekla	grunt	Последняя подкормка томата калийным удобрением. Прекращение всех азотных подкормок овощных культур (кроме поздней капусты). Подкормка свёклы и моркови калием для лучшей лёжкости.	Последняя подкормка томата — сульфат калия (20 г на 10 л воды) без азота. Свёкле и моркови для лучшей лёжкости — тот же сульфат калия или монофосфат калия. Азотные подкормки всех культур (кроме поздней капусты, которой ещё предстоит нарастить кочан) прекращают полностью.	
srednyaya-polosa	avgust	АВГУСТ	udobrenie	dekor	roza	grunt	Фосфорно-калийная подкормка роз для вызревания побегов (последняя за сезон).	Фосфорно-калийное удобрение без азота, например «Фертика Осень» или монофосфат калия (15-20 г на 10 л воды) — последняя подкормка сезона, помогает побегам вызреть и лучше перенести зиму.	
srednyaya-polosa	sentyabr	СЕНТЯБРЬ	udobrenie	ogorod		grunt	Внесение органики (компост) под перекопку освободившихся грядок.		
srednyaya-polosa	sentyabr	СЕНТЯБРЬ	udobrenie	dekor	barbaris,spireya,puzyreplodnik,gortenziya,veygela,chubushnik,roza	grunt	Осенняя подкормка фосфорно-калийным удобрением (без азота) для повышения зимостойкости — роза, спирея, барбарис, пузыреплодник, гортензия, вейгела, чубушник.	Фосфорно-калийное удобрение без азота — «Фертика Осень» или монофосфат калия (15-20 г на 10 л воды), полив под корень. Азот в этот период исключают полностью — он стимулирует рост новых побегов, которые не успеют вызреть до морозов.	
srednyaya-polosa	sentyabr	СЕНТЯБРЬ	udobrenie	dekor	tuya,mozhzhevelnik,samshit	grunt	Осенняя подкормка калийным удобрением (без азота) для повышения морозостойкости туи, можжевельника, ели — по необходимости.	Калийное удобрение без азота — сульфат калия (15-20 г/м²) или специализированное «Фертика Хвойное осеннее», рассыпают по проекции кроны. Повышает морозостойкость хвои и корневой системы.	
srednyaya-polosa	oktyabr	ОКТЯБРЬ	udobrenie	ogorod		grunt	Внесение перегноя/компоста и фосфорно-калийного удобрения под осеннюю перекопку для культур будущего сезона.	Перегной или компост — 3-4 кг/м², фосфорно-калийное удобрение (суперфосфат + сульфат калия, по 20-30 г/м² каждого) под осеннюю перекопку — фосфор и калий медленно доступны растениям и как раз успевают перейти в усвояемую форму к весне.	
srednyaya-polosa	yanvar	ЯНВАРЬ	obrezka	dekor	roza,tuya,mozhzhevelnik,samshit,plyushch	grunt	Санитарная обрезка сухих и повреждённых ветвей у роз при оттепелях (если укрытие позволяет); контроль снеговой нагрузки, стряхивание тяжёлого мокрого снега с ветвей туи и можжевельника; при оттепелях — отряхивание снега с ветвей самшита и плюща, чтобы избежать разломов и выпревания; удаление уже сломанных снегом веток у декоративных и хвойных при необходимости.		
srednyaya-polosa	mart	МАРТ	obrezka	dekor	barbaris,spireya,doren,puzyreplodnik,gortenziya,bereskleet,lapchatka,veygela,roza	grunt	Во 2-й половине марта – 1-й декаде апреля, по мере схода снега, до распускания почек — санитарная и формирующая обрезка спиреи летнецветущей (весеннецветущие виды обрезают после цветения), барбариса, пузыреплодника, дёрена, бересклета, вейгелы, лапчатки. Обрезка розы (удаление подмёрзших побегов, формировка куста) после снятия укрытия. Обрезка гортензии метельчатой и древовидной (укорачивание побегов прошлого года) — гортензия крупнолистная не обрезается весной (цветёт на старой древесине).	Срезанные при обрезке гортензии ветки можно использовать для размножения — но только прошлогодние (однолетние) побеги, старая многолетняя древесина не укореняется. Два способа: 1) поставить ветки в воду в тёплом помещении на светлый подоконник на срок до 5 суток (ежедневно опрыскивать, раз в несколько дней менять воду и обновлять срез) — почки трогаются в рост, после чего ветки нарезают на черенки с 3-5 почками для укоренения; 2) сразу нарезать срезанные ветки на одревесневшие черенки и укоренять в рыхлой влажной почве — приживаемость ниже, чем у летних зелёных черенков (около 60-65% против более высокой у зелёных).	
srednyaya-polosa	mart	МАРТ	obrezka	dekor	tuya,mozhzhevelnik,samshit	grunt	Формирующая стрижка туи и можжевельника до начала сокодвижения, санитарная обрезка сухих веток самшита.		
srednyaya-polosa	aprel	АПРЕЛЬ	obrezka	dekor	samshit,klen,chubushnik	grunt	"Обрезка чубушника (санитарная, после цветения — основная). Формирующая стрижка самшита в начале роста. Обрезка клёна (декоративные формы) — только санитарная, весенняя обрезка ограничена из-за сильного сокотечения (""плача"")."		
srednyaya-polosa	aprel	АПРЕЛЬ	obrezka	dekor	tuya,mozhzhevelnik	grunt	Формирующая стрижка туи, можжевельника продолжается до начала активного роста побегов.		
srednyaya-polosa	may	МАЙ	obrezka	ogorod	tomat,morkov,svekla,redis	grunt	Пасынкование томата (удаление боковых побегов) начинается после высадки и появления пасынков. Прореживание всходов моркови, свёклы, редиса.		
srednyaya-polosa	may	МАЙ	obrezka	dekor	hosta,barbaris,spireya,doren,astilba	grunt	Обрезка спиреи весеннецветущей (после отцветания). Удаление отцветших цветоносов у хосты, астильбы после цветения. Первая стрижка живой изгороди из барбариса, кизильника.		
srednyaya-polosa	may	МАЙ	obrezka	dekor	tuya,mozhzhevelnik,samshit	grunt	Вторая стрижка туи, можжевельника для плотности кроны (после начала роста побегов).		
srednyaya-polosa	iyun	ИЮНЬ	obrezka	ogorod	tomat,ogurets,chesnok,kabachok,tykva	grunt	Регулярное пасынкование и подвязка томата (каждые 7-10 дней). Прищипка верхушки огурца и кабачка для боковых побегов. Формировка тыквы (прищипка плети после завязи 2-3 плодов). Удаление стрелок чеснока.		
srednyaya-polosa	iyun	ИЮНЬ	obrezka	dekor	samshit,barbaris,puzyreplodnik,veygela,chubushnik,roza	grunt	Обрезка вейгелы, чубушника после окончания цветения. Стрижка живых изгородей (барбарис, самшит, пузыреплодник) каждые 3-4 недели. Удаление отцветших соцветий розы (для повторного цветения).		
srednyaya-polosa	iyun	ИЮНЬ	obrezka	dekor	tuya,mozhzhevelnik,samshit	grunt	Формирующая стрижка туи, можжевельника, самшита в топиарной форме — плановая летняя стрижка.		
srednyaya-polosa	iyul	ИЮЛЬ	obrezka	ogorod	tomat,kabachok,tykva	grunt	Продолжение пасынкования томата, прищипка верхушки в конце июля (для вызревания плодов). Прищипка тыквы и кабачка. Обрезка нижних листьев томата для проветривания и профилактики фитофторы.		
srednyaya-polosa	iyul	ИЮЛЬ	obrezka	dekor	spireya	grunt	Повторная стрижка живых изгородей. Обрезка отцветшей спиреи летнецветущей.		
srednyaya-polosa	iyul	ИЮЛЬ	obrezka	dekor	tuya,mozhzhevelnik,samshit	grunt	Последняя летняя стрижка туи, можжевельника (до середины июля, чтобы побеги успели вызреть до морозов).		
srednyaya-polosa	avgust	АВГУСТ	obrezka	ogorod	tomat,bazilik	grunt	Прищипка верхушек томата (если не сделано в июле) и базилика (для кустистости и предотвращения раннего цветения).		
srednyaya-polosa	avgust	АВГУСТ	obrezka	dekor	roza	grunt	Лёгкая корректирующая стрижка живых изгородей (последняя за сезон, до конца августа). Удаление отцветших соцветий роз.		
srednyaya-polosa	sentyabr	СЕНТЯБРЬ	obrezka	ogorod		grunt	Удаление ботвы после уборки урожая.		
srednyaya-polosa	sentyabr	СЕНТЯБРЬ	obrezka	dekor	barbaris,spireya,roza	grunt	Санитарная обрезка повреждённых и больных побегов (не формирующая) — роза, спирея, барбарис.		
srednyaya-polosa	oktyabr	ОКТЯБРЬ	obrezka	dekor	hosta,plyushch,paporotnik,astilba,brunnera,geyhera	grunt	Санитарная обрезка многолетников — обрезка отмерших листьев хосты, астильбы, бруннеры, гейхеры по мере естественного отмирания и полегания листвы в конце вегетации. Обрезка папоротника (удаление отмерших вай). Обрезка плюща для зимовки (укорачивание длинных плетей).		
srednyaya-polosa	oktyabr	ОКТЯБРЬ	obrezka	dekor	tuya,mozhzhevelnik,samshit	grunt	Санитарная обрезка сухих/повреждённых ветвей туи, можжевельника перед зимой (без формирующей стрижки).		
srednyaya-polosa	noyabr	НОЯБРЬ	obrezka	dekor	gortenziya,roza	grunt	Обрезка роз перед укрытием (укорачивание побегов до 40-50 см, удаление невызревших частей). Санитарная обрезка гортензии (только сухие соцветия, без укорачивания живых побегов); удаление явно сухих веток у прочих декоративных и хвойных при необходимости.		
srednyaya-polosa	dekabr	ДЕКАБРЬ	obrezka	dekor	tuya,mozhzhevelnik,samshit	grunt	Визуальный контроль состояния хвои под снегом; снятие снеговой нагрузки — стряхивание снега с ветвей туи, можжевельника (предотвращает поломку веток).		
srednyaya-polosa	fevral	ФЕВРАЛЬ	posev	ogorod	tomat,perets,baklazhan	rassada	Посев семян томата, перца и баклажана на рассаду (перец и баклажан — в первую очередь, у них дольше срок до всходов).		
srednyaya-polosa	mart	МАРТ	posev	ogorod	tomat,kapusta,bazilik	rassada	Посев на рассаду томата (если не посеян в феврале), капусты и базилика.		
srednyaya-polosa	aprel	АПРЕЛЬ	posev	ogorod	morkov,svekla,redis,gorokh,ukrop,petrushka,luk,chesnok	grunt	Посев в открытый грунт холодостойких культур при прогреве почвы: морковь, свёкла, редис, горох, укроп, петрушка; посадка лука-севка и ярового чеснока.		
srednyaya-polosa	aprel	АПРЕЛЬ	posev	sad	yablonya,grusha,sliva,vishnya,smorodina,kryzhovnik,malina,zhimolost,oblepikha,ezhevika,irga,kalina,abrikos,chereshnya	grunt	Весенняя посадка саженцев плодовых деревьев и ягодных кустарников — в начале месяца, до распускания почек.		
srednyaya-polosa	aprel	АПРЕЛЬ	posev	dekor	liliya	grunt	Весенняя посадка луковиц лилий (если не высажены осенью).	Глубина посадки — 3 высоты луковицы (для азиатских и ЛА-гибридов обычно 10-15 см, для трубчатых и ОТ-гибридов чуть глубже). На дно лунки — горсть песка для дренажа: лилии не переносят застоя влаги у донца. Подсохшие луковицы перед посадкой замачивают на 30 минут в растворе фунгицида «Максим».	
srednyaya-polosa	may	МАЙ	posev	ogorod	tomat,perets,kapusta	rassada	В конце месяца, после угрозы возвратных заморозков — высадка рассады томата, перца, капусты в грунт или теплицу.		
srednyaya-polosa	may	МАЙ	posev	ogorod	ogurets,kabachok,tykva	grunt	Посев огурца, кабачка, тыквы в грунт — во 2-й половине мая, по прогреву почвы до +12 °C, под плёночное укрытие для подстраховки от заморозков.		
srednyaya-polosa	may	МАЙ	posev	ogorod	salat,kinza,rukkola,redis,ukrop	grunt	Посев салата, кинзы, рукколы; повторный посев редиса и укропа для конвейера зелени.		
srednyaya-polosa	iyun	ИЮНЬ	posev	ogorod	salat,rukkola,ukrop	grunt	Повторные посевы салата, рукколы и укропа каждые 2-3 недели для непрерывного сбора. Редис в июне сеять не стоит — от длинного дня и жары он стрелкуется, не образуя корнеплод; следующий срок посева — конец июля.		
srednyaya-polosa	sentyabr	СЕНТЯБРЬ	posev	ogorod	morkov,svekla,redis,ukrop,petrushka	grunt	Начало подзимнего посева моркови, свёклы, редиса, укропа, петрушки — в конце месяца, не раньше устойчивого перехода среднесуточной ниже +5 °C, по остывшей, но не промёрзшей почве. В тёплую осень посев откладывают — семена не должны тронуться в рост до зимы.		
srednyaya-polosa	sentyabr	СЕНТЯБРЬ	posev	ogorod	chesnok	grunt	Посадка озимого чеснока (конец сентября — начало октября, за 3-5 недель до устойчивых холодов).		
srednyaya-polosa	sentyabr	СЕНТЯБРЬ	posev	sad	yablonya,grusha,sliva,vishnya,smorodina,kryzhovnik,malina,oblepikha,ezhevika,irga,kalina	grunt	Осенняя посадка саженцев плодовых и ягодных культур (за 3-4 недели до устойчивых заморозков).		
srednyaya-polosa	sentyabr	СЕНТЯБРЬ	posev	dekor	liliya	grunt	Основной срок посадки луковиц лилий (сентябрь — начало октября).	Глубина посадки — 3 высоты луковицы (для азиатских и ЛА-гибридов обычно 10-15 см, для трубчатых и ОТ-гибридов чуть глубже). На дно лунки — горсть песка для дренажа: лилии не переносят застоя влаги у донца. Подсохшие луковицы перед посадкой замачивают на 30 минут в растворе фунгицида «Максим».	
srednyaya-polosa	oktyabr	ОКТЯБРЬ	posev	ogorod	morkov,svekla,redis,ukrop,petrushka,chesnok,luk	grunt	Продолжение подзимнего посева моркови, свёклы, редиса, зелени; посадка озимого чеснока и лука-севка под зиму, если не сделано в сентябре.		
srednyaya-polosa	noyabr	НОЯБРЬ	posev	ogorod	morkov,svekla,ukrop,petrushka	grunt	Завершающий подзимний посев по уже подмёрзшей почве (в оттепель не сеют — семена могут прорасти раньше срока и погибнуть).		
srednyaya-polosa	may	МАЙ	poliv	ogorod	tomat,perets,kapusta,ogurets,kabachok,tykva	rassada,grunt	Регулярный умеренный полив высаженной рассады и всходов, особенно в жаркие дни.		
srednyaya-polosa	iyun	ИЮНЬ	poliv	ogorod	tomat,ogurets,kapusta,kabachok	grunt	Обильный полив в жару под корень, без попадания на листья — профилактика фитофторы и мучнистой росы. Частота — каждые 2-3 дня в засуху.		
srednyaya-polosa	iyun	ИЮНЬ	poliv	sad	smorodina,kryzhovnik,malina,zhimolost,yablonya,grusha,sliva,vishnya,klubnika,vinograd,oblepikha,ezhevika,abrikos,chereshnya	grunt	Полив плодовых и ягодных в засуху, особенно важен в период налива плодов.		
srednyaya-polosa	iyul	ИЮЛЬ	poliv	ogorod	tomat,ogurets,kapusta,kabachok,morkov,svekla	grunt	Продолжение регулярного полива в жару; для корнеплодов — равномерный, без резких перепадов (иначе растрескивание).		
srednyaya-polosa	iyul	ИЮЛЬ	poliv	dekor	gortenziya,hosta,astilba	grunt	Усиленный полив влаголюбивых декоративных — гортензия, хоста, астильба страдают от засухи быстрее других.		
srednyaya-polosa	oktyabr	ОКТЯБРЬ	poliv	sad	yablonya,grusha,sliva,vishnya,smorodina,kryzhovnik,malina,oblepikha,ezhevika,irga,kalina,abrikos,chereshnya	grunt	Влагозарядковый полив плодовых и ягодных перед зимой при отсутствии осенних дождей.	Нормы воды на 1 растение зависят от возраста и вида. Яблоня, груша (семечковые), слива, алыча, абрикос (приравнены к семечковым): 1-й год после посадки — 50 л; 3–5 лет — 60–100 л; 6–10 лет — 110–160 л; старше 10 лет — 170–210 л. Вишня, черешня (косточковые): 1–3 года — 25–30 л; 4–6 лет — 50–70 л; старше 6 лет — до 110 л. Смородина, крыжовник: до 3 лет — 50–60 л на куст; 4–6 лет — 70–90 л; взрослые кусты — 100 л. Малина, ежевика: до 3 лет — 10–20 л на куст; старше — (возраст в годах минус 1) × 10 л. Для облепихи, ирги, калины точных норм в источниках нет — по допущению (не факт из источника) ориентируются на нормы для смородины и крыжовника как на близкие по габитусу кустарники.	Влагозарядный полив осенью: нормы воды для деревьев и кустарников — Огород.ru, https://www.ogorod.ru/ru/sad/care/16543/vlagozarjadnyj-poliv-osenju-normy-vody-dlja-derevev-i-kustarnikov.htm; Как проводить влагозарядковый полив деревьев и кустарников осенью — Antonovsad.ru, https://antonovsad.ru/kak-provodit-vlagozaryadkovyy-poliv-derevev-i-kustarnikov-osenyu-3528/
srednyaya-polosa	noyabr	НОЯБРЬ	poliv	dekor	roza,gortenziya,tuya,mozhzhevelnik,samshit	grunt	Влагозарядковый полив декоративных кустарников и вечнозелёных культур перед укрытием на зиму, при отсутствии осенних дождей.		supersadovnik.ru, dacha6.ru — влагозарядковый полив хвойных перед зимой (2026-09)
srednyaya-polosa	aprel	АПРЕЛЬ	mulcha	ogorod	tomat,perets,kapusta,ogurets,kabachok,tykva	grunt,rassada	Мульчирование грядок после посадки/посева — сохранение влаги и подавление сорняков.		
srednyaya-polosa	aprel	АПРЕЛЬ	mulcha	sad	smorodina,kryzhovnik,malina,yablonya,grusha,sliva,vishnya,klubnika,oblepikha,ezhevika,irga,kalina,abrikos,chereshnya	grunt	Мульчирование приствольных кругов и посадок ягодных кустарников после весенней подкормки.	Мульча слоем 5-7 см — перегной, компост или измельчённая кора, приствольный круг/ряд после подкормки и полива. Удерживает влагу, подавляет сорняки и постепенно перегнивает, дополнительно питая растение.	
srednyaya-polosa	oktyabr	ОКТЯБРЬ	mulcha	sad	smorodina,kryzhovnik,malina,yablonya,grusha,sliva,vishnya,klubnika,oblepikha,ezhevika,irga,kalina,abrikos,chereshnya	grunt	Мульчирование приствольных кругов на зиму (утепление корневой системы) торфом или компостом.		
srednyaya-polosa	oktyabr	ОКТЯБРЬ	mulcha	dekor	pion,floks,hosta,astilba,brunnera,geyhera	grunt	Мульчирование многолетников на зиму после осенней обрезки.		
srednyaya-polosa	oktyabr	ОКТЯБРЬ	mulcha	dekor	tuya,mozhzhevelnik,samshit	grunt	Мульчирование приствольных кругов хвойных торфом или компостом.		
srednyaya-polosa	oktyabr	ОКТЯБРЬ	ukrytie	sad	yablonya,grusha,sliva,vishnya,abrikos,chereshnya	grunt	Обвязка стволов молодых плодовых деревьев от грызунов и морозобоин, побелка штамбов.		
srednyaya-polosa	oktyabr	ОКТЯБРЬ	ukrytie	sad	malina	grunt	Пригибание побегов малины к земле для укрытия снегом.		
srednyaya-polosa	noyabr	НОЯБРЬ	ukrytie	dekor	pion	grunt	Лёгкое укрытие пионов лапником при бесснежных морозах (в средней полосе обычно достаточно мульчи).		
srednyaya-polosa	noyabr	НОЯБРЬ	ukrytie	dekor	roza,gortenziya	grunt	Укрытие роз и гортензий на зиму.		
srednyaya-polosa	mart	МАРТ	ukrytie	sad	yablonya,grusha,sliva,vishnya,abrikos,chereshnya,vinograd	grunt	Снятие зимней обвязки со стволов молодых плодовых деревьев и зимнего укрытия винограда после схода снега.		
srednyaya-polosa	mart	МАРТ	ukrytie	dekor	roza,gortenziya	grunt	Снятие зимних укрытий с роз и гортензии — постепенно, по частям, в несколько приёмов.		
srednyaya-polosa	mart	МАРТ	ukrytie	dekor	tuya,mozhzhevelnik,samshit	grunt	Снятие зимних укрытий с хвойных постепенно, в пасмурную погоду — резкое солнце после снятия укрытия обжигает хвою.	Снимайте укрытие не одномоментно: сначала приоткройте в пасмурный день, затем через несколько дней снимите полностью — резкий переход на яркое солнце обжигает хвою.	
srednyaya-polosa	may	МАЙ	urozhay	ogorod	redis	grunt	Сбор раннего редиса первого посева.		
srednyaya-polosa	iyun	ИЮНЬ	urozhay	sad	zhimolost	grunt	Сбор жимолости — самой ранней ягоды сезона.		
srednyaya-polosa	iyun	ИЮНЬ	urozhay	ogorod	redis,salat	grunt	Сбор редиса и салата повторных посевов.		
srednyaya-polosa	iyul	ИЮЛЬ	urozhay	sad	smorodina,kryzhovnik,vishnya	grunt	Сбор смородины, крыжовника, вишни.		
srednyaya-polosa	iyul	ИЮЛЬ	urozhay	ogorod	gorokh,chesnok	grunt	Сбор гороха; уборка озимого чеснока (по полеганию пера).		
srednyaya-polosa	avgust	АВГУСТ	urozhay	ogorod	ogurets,kabachok,luk	grunt	Конвейерный сбор огурца и кабачка; уборка ярового лука и чеснока на просушку.		
srednyaya-polosa	avgust	АВГУСТ	urozhay	sad	malina,sliva	grunt	Сбор малины (ремонтантные сорта плодоносят до заморозков); сбор сливы.		
srednyaya-polosa	sentyabr	СЕНТЯБРЬ	urozhay	ogorod	kartofel,tomat,perets	grunt,rassada	Уборка картофеля; сбор томата и перца по мере созревания.		
srednyaya-polosa	sentyabr	СЕНТЯБРЬ	urozhay	sad	yablonya,grusha	grunt	Сбор летних сортов яблони и груши.		
srednyaya-polosa	sentyabr	СЕНТЯБРЬ	urozhay	ogorod	kapusta	rassada	Начало уборки ранних сортов капусты.		
srednyaya-polosa	oktyabr	ОКТЯБРЬ	urozhay	ogorod	tykva,morkov,svekla,kapusta	grunt,rassada	Сбор тыквы, моркови, свёклы; уборка капусты среднепоздних сортов сразу, поздних (позднеспелых) — для длительного хранения.		
srednyaya-polosa	oktyabr	ОКТЯБРЬ	urozhay	sad	yablonya,grusha	grunt	Сбор осенних сортов яблони и груши.		
srednyaya-polosa	aprel	АПРЕЛЬ	razmnozhenie	sad	malina	grunt	Размножение малины корневыми отпрысками.		
srednyaya-polosa	iyun	ИЮНЬ	razmnozhenie	sad	smorodina,kryzhovnik	grunt	Размножение смородины и крыжовника зелёными черенками.		
srednyaya-polosa	iyun	ИЮНЬ	razmnozhenie	dekor	spireya,veygela,chubushnik	grunt	Зелёное черенкование после цветения.		
srednyaya-polosa	sentyabr	СЕНТЯБРЬ	razmnozhenie	dekor	hosta,astilba,brunnera,geyhera,pion,iris,lavanda	grunt	Деление куста при пересадке (включая ирис и лаванду) — оптимальный срок для приживания до морозов.		
srednyaya-polosa	oktyabr	ОКТЯБРЬ	razmnozhenie	sad	smorodina,kryzhovnik	grunt	Размножение одревесневшими черенками.		
srednyaya-polosa	aprel	АПРЕЛЬ	obrabotka	sad	yablonya,grusha,sliva,vishnya,smorodina,kryzhovnik,malina,oblepikha,ezhevika,irga,kalina,abrikos,chereshnya	grunt	В 1-й декаде апреля, до распускания почек — искореняющее опрыскивание плодовых и ягодных 3%-й бордоской жидкостью или мочевиной 5–7 % при дневных +5 °C и выше (профилактика парши, тли, клеща).	3%-я бордоская жидкость (+5…+25°C, 300 г медного купороса + 400 г извести на 10 л воды) или препарат «Хорус» (эффективен при более низких температурах, от +3°C). Опрыскивают строго по спящим почкам в сухую безветренную погоду — после распускания почек та же обработка обжигает молодую листву.	
srednyaya-polosa	may	МАЙ	obrabotka	sad	yablonya,grusha,smorodina,kryzhovnik	grunt	Обработка от плодожорки, тли, огнёвки на смородине и крыжовнике; профилактика парши на яблоне и груше в период цветения-после цветения.	От плодожорки, тли и огнёвки на смородине и крыжовнике — «Инта-Вир» или биопрепарат «Фитоверм» (безопаснее для опылителей, обрабатывать до/после цветения, не во время; эффективнее в тепле — от +12°C). От парши на яблоне и груше — «Скор» (оптимум +14…+25°C, ниже +12°C эффект резко падает) или «Хорус» (эффективен и в холод, от +3°C) по инструкции, с соблюдением срока ожидания.	
srednyaya-polosa	iyun	ИЮНЬ	obrabotka	ogorod	ogurets,kabachok,tykva	grunt	Профилактика мучнистой росы на огурце, кабачке, тыкве в условиях повышенной влажности.		
srednyaya-polosa	iyul	ИЮЛЬ	obrabotka	sad	yablonya,malina	grunt	Контроль плодожорки на яблоне; обработка малины от малинного жука по необходимости.	От плодожорки на яблоне — феромонные ловушки для мониторинга лёта + при необходимости «Инта-Вир» с соблюдением срока ожидания до сбора. От малинного жука — ручной сбор личинок из ягод или обработка «Фитовермом» (эффективнее в тепле — от +12°C) сразу после сбора урожая.	
srednyaya-polosa	mart	МАРТ	udobrenie	sad	yablonya,grusha,sliva,vishnya,smorodina,kryzhovnik,malina,zhimolost,klubnika,oblepikha,ezhevika,irga,kalina,abrikos,chereshnya	grunt	Ранневесенняя азотная подкормка плодовых и ягодных — после схода снега, по влажной непромёрзшей почве. На склонах и при толстом снеге по снегу не вносить (азот теряется с талой водой) — вносить по тонкому тающему слою или по оттаявшей почве.	Мочевина (20-25 г/м²) или аммиачная селитра (25-30 г/м²) — рассыпают по остаточному снегу или влажной почве сразу после его схода, талая вода помогает удобрению впитаться к началу роста корней.	
srednyaya-polosa	may	МАЙ	udobrenie	sad	smorodina,kryzhovnik,malina	grunt	Подкормка ягодных кустарников комплексным удобрением перед цветением.	Комплексное удобрение («Ягодка», нитроаммофоска или аналог) — 30-40 г/м² под рыхление перед цветением, стимулирует закладку и налив ягод.	
srednyaya-polosa	avgust	АВГУСТ	udobrenie	sad	yablonya,grusha,sliva,vishnya,abrikos,chereshnya	grunt	Фосфорно-калийная подкормка плодовых деревьев для вызревания древесины и закладки урожая будущего года.	Монофосфат калия или сульфат калия (20-25 г/м² по проекции кроны) без азота — способствует вызреванию древесины и закладке цветочных почек урожая будущего года.	
srednyaya-polosa	aprel	АПРЕЛЬ	obrezka	sad	yablonya,grusha,sliva,vishnya,abrikos,chereshnya	grunt	Санитарная и формирующая обрезка плодовых деревьев до начала сокодвижения.		
srednyaya-polosa	aprel	АПРЕЛЬ	obrezka	sad	smorodina,kryzhovnik,oblepikha,irga,kalina	grunt	Санитарная обрезка смородины и крыжовника — удаление старых (более 5-7 лет) и повреждённых веток.		
srednyaya-polosa	iyul	ИЮЛЬ	obrezka	sad	malina	grunt	Вырезка отплодоносивших побегов малины после сбора урожая.		
srednyaya-polosa	mart	МАРТ	obrabotka	sad	smorodina,kryzhovnik	grunt	Ранневесенняя обработка смородины и крыжовника до распускания почек (конец марта — начало апреля, смородина распускается одной из первых в саду) — против почкового клеща, антракноза и мучнистой росы.	Классический способ — полив кустов кипятком (80-85°C) из лейки с распылителем, строго до распускания почек (после появления листьев кипятком обрабатывать нельзя): уничтожает почкового клеща, зимующие стадии тли и споры антракноза. Альтернатива/дополнение — опрыскивание 2-3%-м раствором железного купороса (200-300 г на 10 л воды) или минерально-масляным препаратом («Препарат 30 Плюс», ~2 л готового раствора на взрослый куст; нужна стабильная погода не ниже +4°C днём и ночью, лучше от +7…+8°C — при возврате заморозков обработку лучше отложить): масляная плёнка перекрывает дыхательные поры клеща и его яиц. Любой из вариантов — одна обработка за сезон, до распускания почек.	
srednyaya-polosa	fevral	ФЕВРАЛЬ	ukrytie	dekor	tuya,mozhzhevelnik,samshit,el,sosna	grunt	Притенение хвойных и вечнозелёных от весенних солнечных ожогов. Наиболее уязвимы туя, можжевельник, самшит, кипарисовик, а также ель и сосна первых 2–3 лет после посадки (взрослые ель и сосна в притенении обычно не нуждаются). Экран ставят с южной и юго-западной стороны в конце января – феврале, до роста числа ясных дней в марте, пока лежит снег: строительная затеняющая сетка (лучше проветривается, не преет), светлый спанбонд низкой плотности или мешковина. Снимают во 2-й половине апреля в пасмурную погоду, когда оттает почва.	Приоритетный вариант — строительная затеняющая сетка (60% затенения — универсальный вариант для большинства случаев, для самых солнечных мест до 70-75%): в отличие от спанбонда, она заметно лучше проветривается и не задерживает влагу, что снижает риск выпревания хвои. Спанбонд как альтернатива — только низкой плотности (60-80 г/м²), оборачивать неполностью, оставляя низ кроны открытым для циркуляции воздуха. Плёнку и другие непроницаемые материалы использовать нельзя. Экран крепят с южной/юго-западной стороны, не оборачивая крону герметично.	
srednyaya-polosa	aprel	АПРЕЛЬ	ukrytie	dekor	tuya,mozhzhevelnik,samshit	grunt	Постепенное снятие притеняющего укрытия — лучше в пасмурную погоду, когда почва оттает на штык лопаты и корни смогут подавать воду (обычно середина-конец апреля); резкое раскрытие в солнечный день само может вызвать ожог.	Снимайте укрытие не одномоментно: сначала приоткройте в пасмурный день, дайте кроне привыкнуть к свету несколько дней, затем снимите полностью. Если стоит ясная погода — дополнительно проливайте не только корень, но и крону из лейки, чтобы снизить нагрузку от испарения. При уже проявившихся ожогах (побурение хвои) для восстановления подойдёт сухой «Тоник для хвойных» Bona Forte (15 г) — растворить в 1 л воды, опрыскивать крону до полного смачивания раз в 7-10 дней, не под прямыми солнечными лучами.	
srednyaya-polosa	aprel	АПРЕЛЬ	posev	ogorod	schavel,shpinat,repa,redka	grunt	Посев в грунт щавеля, шпината, репы, редьки — холодостойкие культуры, можно сеять рано.		
srednyaya-polosa	aprel	АПРЕЛЬ	posev	ogorod	reven	grunt	Посадка ревеня делением корневища (многолетник, на одном месте растёт 5-7 лет и дольше).		
srednyaya-polosa	may	МАЙ	posev	ogorod	baklazhan	rassada	Высадка рассады баклажана в теплицу или под плёнку после угрозы заморозков.		
srednyaya-polosa	may	МАЙ	posev	ogorod	kukuruza,fasol	grunt	Посев кукурузы и фасоли в грунт после прогрева почвы и угрозы заморозков.		
srednyaya-polosa	sentyabr	СЕНТЯБРЬ	posev	sad	klubnika	grunt	Посадка усов клубники (садовой земляники) — лучший срок для укоренения до зимы.		
srednyaya-polosa	aprel	АПРЕЛЬ	posev	sad	vinograd	grunt	Весенняя посадка саженцев винограда.		
srednyaya-polosa	oktyabr	ОКТЯБРЬ	posev	sad	vinograd	grunt	Осенняя посадка саженцев винограда (в средней полосе — только зимостойких сортов).		
srednyaya-polosa	sentyabr	СЕНТЯБРЬ	posev	dekor	tyulpan,narciss	grunt	Посадка луковиц тюльпанов и нарциссов (сентябрь — оптимальный срок для укоренения до морозов).		
srednyaya-polosa	may	МАЙ	posev	dekor	georgin,gladiolus	grunt	Посадка клубней георгин и луковиц гладиолусов после угрозы заморозков.		
srednyaya-polosa	fevral	ФЕВРАЛЬ	posev	dekor	barhatcy,petuniya	rassada	Посев бархатцев и петунии на рассаду.		
srednyaya-polosa	may	МАЙ	posev	dekor	nasturciya,kalendula	grunt	Прямой посев настурции и календулы в грунт.		
srednyaya-polosa	may	МАЙ	posev	dekor	barhatcy,petuniya	rassada	Высадка рассады бархатцев и петунии в грунт после заморозков.		
srednyaya-polosa	aprel	АПРЕЛЬ	posev	dekor	siren,lavanda,iris,delfinium	grunt	Весенняя посадка сирени, лаванды, ириса, дельфиниума.		
srednyaya-polosa	sentyabr	СЕНТЯБРЬ	posev	dekor	siren,iris	grunt	Осенняя посадка и деление сирени и ириса (альтернатива весенней посадке).		
srednyaya-polosa	aprel	АПРЕЛЬ	posev	sad	golubika	grunt	Весенняя посадка саженцев голубики в заранее подготовленную кислую почву (pH 3,5-4,5) — верховой торф с добавлением хвойного опада или коры.		
srednyaya-polosa	mart	МАРТ	udobrenie	sad	golubika	grunt	Ранневесенняя подкормка сульфатом аммония — единственная форма азота, которую голубика усваивает на кислой почве; обычную органику (навоз, золу) вносить нельзя — защелачивают почву.	Сульфат аммония — 20-30 г/м² по норме на упаковке, рассыпают по поверхности приствольного круга. Обычные азотные удобрения (мочевина, аммиачная селитра) голубике не подходят — подщелачивают почву и постепенно убивают микоризу.	
srednyaya-polosa	may	МАЙ	udobrenie	sad	golubika	grunt	Подкормка в период роста и завязывания комплексным удобрением без хлора (суперфосфат, сульфат калия) или специализированным удобрением для голубики и вересковых.	Готовое решение — удобрение «Фертика Хвойное для вечнозелёных и голубики» (маркировка «весна-лето»), вносится по норме на упаковке. Обычную органику (навоз, компост, золу) под голубику не вносят — они защелачивают почву и разрушают микоризу на корнях, без которой куст не усваивает питание.	
srednyaya-polosa	avgust	АВГУСТ	udobrenie	sad	golubika	grunt	Калийно-магниевая подкормка голубики после сбора урожая.	Калийно-магниевое удобрение («Калимагнезия», 15-20 г/м²) — рассыпают по кислой мульче (хвойный опад, верховой торф) после сбора урожая, восполняет вынос питания и укрепляет побеги перед зимой.	
srednyaya-polosa	aprel	АПРЕЛЬ	obrabotka	sad	golubika	grunt	Подкисление почвы гранулированной серой (100-300 г на куст в год) или поливом слабым раствором лимонной кислоты — без поддержания кислотности голубика не усваивает питание.		
srednyaya-polosa	iyun	ИЮНЬ	poliv	sad	golubika	grunt	Регулярный полив мягкой или слегка подкисленной водой, особенно в первые 1-1,5 месяца после посадки и в период налива ягод.		
srednyaya-polosa	iyul	ИЮЛЬ	urozhay	sad	golubika	grunt	Сбор голубики (созревает позже жимолости и смородины — обычно июль-август).		
srednyaya-polosa	oktyabr	ОКТЯБРЬ	mulcha	sad	golubika	grunt	Мульчирование голубики хвойным опадом, корой или верховым торфом — сохраняет кислотность почвы и защищает корни зимой.		
srednyaya-polosa	mart	МАРТ	obrezka	sad	golubika	grunt	Во 2-й половине марта – 1-й декаде апреля, по мере схода снега, до распускания почек — формирующая обрезка голубики (у кустов старше 4-5 лет — удаление старых малопродуктивных ветвей).		
srednyaya-polosa	avgust	АВГУСТ	posev	dekor	krokus,muskari	grunt	Посадка луковиц крокусов и мускари (конец августа — сентябрь), глубина — 2-3 высоты луковицы в зависимости от плотности почвы.	Глубина посадки — 2-3 высоты луковицы (в плотную глинистую почву чуть мельче, в рыхлую песчаную — чуть глубже). Для профилактики гнилей луковицы перед посадкой можно на 30 минут замочить в растворе фунгицида «Максим» согласно инструкции на упаковке.	
srednyaya-polosa	sentyabr	СЕНТЯБРЬ	posev	dekor	podsnezhnik	grunt	Посадка луковиц подснежника (галантуса) — с конца августа по октябрь, за 3-4 недели до промерзания почвы.	Глубина посадки — 2-3 высоты луковицы (в плотную глинистую почву чуть мельче, в рыхлую песчаную — чуть глубже). Для профилактики гнилей луковицы перед посадкой можно на 30 минут замочить в растворе фунгицида «Максим» согласно инструкции на упаковке.	
srednyaya-polosa	aprel	АПРЕЛЬ	obrezka	dekor	krokus,muskari,podsnezhnik	grunt	Удаление отцветших цветоносов; листья не срезать до полного пожелтения — в них накапливаются питательные вещества для луковицы на будущий год.		
srednyaya-polosa	iyun	ИЮНЬ	razmnozhenie	dekor	krokus,muskari,podsnezhnik	grunt	При загущении посадок — выкопка и рассаживание гнёзд после отмирания листьев (раз в 3-4 года).		
srednyaya-polosa	iyul	ИЮЛЬ	urozhay	sad	irga	grunt	Сбор ирги — одна из самых ранних садовых ягод.		
srednyaya-polosa	iyun	ИЮНЬ	urozhay	sad	klubnika	grunt	Сбор клубники (садовой земляники); ремонтантные сорта плодоносят повторно до осени.		
srednyaya-polosa	iyun	ИЮНЬ	urozhay	ogorod	schavel,shpinat,reven	grunt	Сбор щавеля, шпината, черешков ревеня.		
srednyaya-polosa	iyun	ИЮНЬ	urozhay	sad	chereshnya	grunt	Сбор черешни.		
srednyaya-polosa	iyul	ИЮЛЬ	urozhay	sad	abrikos	grunt	Сбор абрикоса.		
srednyaya-polosa	avgust	АВГУСТ	urozhay	sad	oblepikha,ezhevika	grunt	Сбор облепихи и ежевики.		
srednyaya-polosa	iyul	ИЮЛЬ	urozhay	ogorod	repa,redka	grunt	Сбор летней репы и редьки.		
srednyaya-polosa	avgust	АВГУСТ	urozhay	ogorod	fasol	grunt	Сбор стручковой фасоли по мере налива.		
srednyaya-polosa	avgust	АВГУСТ	urozhay	ogorod	baklazhan,kukuruza	rassada,grunt	Сбор баклажана и сахарной кукурузы по мере созревания.		
srednyaya-polosa	sentyabr	СЕНТЯБРЬ	urozhay	sad	kalina	grunt	Сбор калины (после первых заморозков ягоды становятся слаще).		
srednyaya-polosa	sentyabr	СЕНТЯБРЬ	urozhay	sad	vinograd	grunt	Сбор винограда.		
srednyaya-polosa	may	МАЙ	obrabotka	sad	vinograd	grunt	Профилактическая обработка винограда от милдью и оидиума.	От милдью — контактный «ХОМ» (не выше +30°C) или системный «Ридомил Голд» (не выше +28°C) до цветения. От оидиума — препараты на основе серы (коллоидная сера, «Тиовит Джет»); оптимально при +20…+28°C, не совмещать с маслосодержащими средствами и не применять в жару выше +30°C — риск ожога листьев.	
srednyaya-polosa	may	МАЙ	obrabotka	sad	klubnika	grunt	Обработка клубники от слизней и серой гнили (мульча под кустами снижает риск).	От слизней — гранулы на основе метальдегида (например, «Гроза» или «Слизнеед»), рассыпают между рядами, не допуская попадания на ягоды. От серой гнили — опрыскивание биопрепаратом Фитоспорин-М по листу; при сильном поражении до цветения — фунгициды на основе боскалида по инструкции.	
srednyaya-polosa	aprel	АПРЕЛЬ	udobrenie	sad	klubnika	grunt	После схода снега, по влажной непромёрзшей почве — весенняя азотная подкормка клубники (на склонах по снегу не вносить).	Аммиачная селитра (15-20 г/м²) или мочевина (12-15 г/м²) по влажной почве сразу после схода снега и уборки старых листьев. С появлением бутонов переходят на фосфорно-калийное удобрение без азота — его избыток в этот период снижает урожай и качество ягод.	
srednyaya-polosa	iyul	ИЮЛЬ	udobrenie	sad	klubnika	grunt	Подкормка клубники после сбора урожая для закладки будущих цветочных почек.	Комплексное удобрение с преобладанием фосфора и калия («Ягодка», монофосфат калия) — 20-25 г/м² сразу после сбора урожая и удаления старых листьев, помогает заложить цветочные почки урожая будущего года.	
srednyaya-polosa	mart	МАРТ	obrezka	sad	vinograd	grunt	Обрезка винограда до начала сокодвижения (при зимнем укрытии — после снятия).		
srednyaya-polosa	sentyabr	СЕНТЯБРЬ	obrezka	sad	klubnika	grunt	Удаление старых листьев и лишних усов клубники после плодоношения.		
srednyaya-polosa	iyun	ИЮНЬ	obrezka	dekor	siren	grunt	Удаление отцветших метёлок сирени сразу после цветения (для закладки цветения на будущий год).		
srednyaya-polosa	may	МАЙ	obrezka	dekor	tyulpan,narciss	grunt	Удаление отцветших цветоносов тюльпанов и нарциссов; листья не срезать до полного отмирания.		
srednyaya-polosa	iyun	ИЮНЬ	obrezka	ogorod	baklazhan	rassada	Формировка и пасынкование баклажана аналогично томату.		
srednyaya-polosa	oktyabr	ОКТЯБРЬ	ukrytie	sad	vinograd	grunt	В конце месяца, после листопада — укрытие винограда на зиму (в средней полосе обязательно, включая морозостойкие сорта).		
srednyaya-polosa	oktyabr	ОКТЯБРЬ	ukrytie	dekor	georgin,gladiolus	grunt	Выкопка клубней георгин и луковиц гладиолусов на зимнее хранение — в грунте средней полосы не зимуют.		
srednyaya-polosa	iyun	ИЮНЬ	razmnozhenie	sad	klubnika	grunt	Укоренение усов клубники для получения нового посадочного материала.		
srednyaya-polosa	aprel	АПРЕЛЬ	mulcha	sad	klubnika	grunt	Мульчирование клубники соломой или спанбондом — защита ягод от загнивания и слизней.		
srednyaya-polosa	oktyabr	ОКТЯБРЬ	mulcha	sad	vinograd	grunt	Мульчирование винограда на зиму.		
srednyaya-polosa	sentyabr	СЕНТЯБРЬ	posev	dekor	el,sosna	grunt	Посадка саженцев ели и сосны — весной до начала роста побегов или с начала сентября (осенняя посадка завершается до устойчивых холодов). Пересаживают с сохранением земляного кома (для ели — диаметром от 60-80 см, от выкопки до посадки не более 2-4 часов). Корневую шейку у сосны заглублять нельзя — строго на уровне земли или на 2-3 см выше, иначе растение подопревает.		веб-поиск: vplate.ru «Пересадка ели», sadodel.ru «Посадка сосны» (авг. 2026)
srednyaya-polosa	may	МАЙ	obrezka	dekor	el,sosna	grunt	Укорачивание молодых побегов («свечек») ели и сосны для загущения кроны — в мае-июне, до их одревеснения. Формирующую стрижку, как у туи и можжевельника, к ели и сосне не применяют — сильную обрезку старой древесины они переносят плохо; допустима только санитарная обрезка сухих/сломанных веток в любое время года, кроме сильных морозов.		см. docs/data/notes.json — общая информация по хвойным (ранее подтверждено)
srednyaya-polosa	may	МАЙ	obrabotka	dekor	el,sosna	grunt	Еловый пилильщик повреждает молодую хвою ели (пик активности — конец мая — начало июня); сосновый пилильщик повреждает сосну (первое поколение окукливается в конце июня — начале июля). Первую обработку инсектицидом проводят в начале отрастания побегов, повторную — через 2 недели.	От обоих видов пилильщика — «Актара» (тиаметоксам, +10…+29°C, оптимально +12…+25°C) или «Фуфанон-Нова» (малатион) по инструкции на упаковке. При небольшом числе личинок эффективен и ручной сбор с нижней стороны хвои.	веб-поиск: supersadovnik.ru «Опасные вредители ели», derev-grad.ru, betaren.ru, floristics.info (авг. 2026)
srednyaya-polosa	oktyabr	ОКТЯБРЬ	obrabotka	dekor	el,sosna	grunt	Профилактическая обработка ели и сосны медьсодержащим фунгицидом от шютте перед зимой.		см. docs/data/notes.json — общая информация по хвойным (ранее подтверждено)
srednyaya-polosa	dekabr	ДЕКАБРЬ	obrezka	dekor	el,sosna	grunt	У молодых елей и сосен — контроль снеговой нагрузки на ветках и стряхивание тяжёлого снега.		см. docs/data/notes.json — общая информация по хвойным (ранее подтверждено)
srednyaya-polosa	may	МАЙ	razmnozhenie	dekor	gortenziya	grunt	В конце месяца — зелёное черенкование гортензии метельчатой и древовидной: верхушечные черенки молодых побегов (2-3 узла), отросших после весенней обрезки, срезают, когда на макушке только наметился бутон (сам бутон обрезают). Кусты, обрезанные вовремя (с началом сокодвижения), дают черенки, которые укореняются заметно лучше.	Нижний срез обмакивают в стимулятор корнеобразования (Корневин) и высаживают наклонно (45°) во влажный песок на 2-3 см, не давая листьям касаться друг друга и песка. Череночник накрывают плёнкой или стеклянным колпаком, держат в тени, не допуская перегрева и пересыхания. Укореняемость зелёных летних черенков заметно выше, чем весенних одревесневших (60-65%).	веб-поиск: botanichka.ru «Инструкция по черенкованию гортензий», supersadovnik.ru (авг. 2026)
srednyaya-polosa	avgust	АВГУСТ	posev	ogorod	redis	grunt	В начале месяца — повторный посев редиса (среднеспелые сорта, устойчивые к стрелкованию): день укорачивается, жара спадает, корнеплод формируется нормально в отличие от июньских посевов.		веб-поиск: organic-mix.ru «Посев редиса: сорта, сроки и уход» (авг. 2026)
yug	yanvar	ЯНВАРЬ	obrabotka	ogorod	kartofel,morkov,svekla,luk,chesnok	grunt	Осмотр хранящихся картофеля, моркови, свёклы, лука, чеснока на предмет гнили — выбраковка повреждённых экземпляров. Планирование севооборота для профилактики почвенных вредителей и болезней.		авто (сдвиг месяца от средней полосы, не пересмотрено)
yug	yanvar	ЯНВАРЬ	obrabotka	dekor	tuya,mozhzhevelnik,samshit	grunt	Осмотр туи, можжевельника, самшита на признаки зимнего подсушивания и грибковых пятен под снегом (снежное шютте).		авто (сдвиг месяца от средней полосы, не пересмотрено)
yug	fevral	ФЕВРАЛЬ	obrabotka	ogorod	tomat,kapusta,perets	rassada,grunt	Продолжение контроля хранящихся овощей. Подготовка почвы и семян — протравливание семян томата, перца, капусты слабым раствором марганцовки или биофунгицидом перед посевом на рассаду.	1%-й раствор марганцовки (1 г на 100 мл воды) — замочить семена на 20-30 минут, затем промыть чистой водой. Из биопрепаратов — «Фитоспорин-М» по инструкции на упаковке, действует мягче. Семена в цветной оболочке (уже заводская обработка) повторно не протравливают.	авто (сдвиг месяца от средней полосы, не пересмотрено)
yug	fevral	ФЕВРАЛЬ	obrabotka	dekor	gortenziya,roza	grunt	Осмотр роз, гортензий под укрытием на плесень — при обнаружении приоткрыть укрытие для проветривания.		авто (сдвиг месяца от средней полосы, не пересмотрено)
yug	fevral	ФЕВРАЛЬ	obrabotka	ogorod	tomat,kapusta,perets	rassada,grunt	Обработка почвы в теплицах медным купоросом или биофунгицидом после схода снега. Профилактическая обработка рассады томата, перца, капусты от чёрной ножки (раствор фитоспорина).		авто (сдвиг месяца от средней полосы, не пересмотрено)
yug	mart	МАРТ	obrabotka	dekor	barbaris,spireya,doren,puzyreplodnik,veygela,chubushnik	grunt	В 1–2-й декаде марта — обработка 3%-й бордоской жидкостью (искореняющее опрыскивание) по спящим почкам — барбарис, спирея, пузыреплодник, дёрен, чубужник, вейгела; проводят при устойчивом дневном тепле +5 °C и выше, без ночных заморозков в ближайшие сутки. Обработка почвы под кустами от перезимовавших вредителей (тля, клещи) до распускания почек.	3%-й раствор бордоской жидкости (300 г медного купороса + 400 г извести на 10 л воды) готовят непосредственно перед применением, не хранят. Опрыскивают в сухую безветренную погоду при +4…+10°C строго по спящим почкам — до их распускания, иначе возможны ожоги молодой листвы.	авто (сдвиг месяца от средней полосы, не пересмотрено)
yug	fevral	ФЕВРАЛЬ	obrabotka	dekor	tuya,mozhzhevelnik,samshit	grunt	Опрыскивание туи, можжевельника, самшита от грибковых инфекций (шютте) фунгицидом на основе меди.	От шютте на туе, можжевельнике, самшите — ХОМ (хлорокись меди, 40 г на 10 л воды, не выше +30°C) или 1%-я бордоская жидкость (+5…+25°C), опрыскивание по кроне в сухую погоду. Для более длительной защиты (20-28 суток) подойдёт системный фунгицид «Ракурс» (эпоксиконазол + ципроконазол, СК) по инструкции на упаковке — эффективен при температуре от +10°C, действует и профилактически, и лечебно.	авто (сдвиг месяца от средней полосы, не пересмотрено)
yug	mart	МАРТ	obrabotka	ogorod	kartofel,morkov,luk,chesnok	grunt	Искореняющая обработка почвы на грядках от проволочника и медведки (посев горчицы, ловушки). Профилактика фитофторы на картофеле — протравливание клубней перед посадкой. Обработка чеснока и лука от луковой мухи (высадка рядом с морковью, обработка золой).	От проволочника — инсектицид «Землин» (диазинон) при перекопке или приманочные ловушки из кусочков картофеля, закопанные на 5-7 см (проверять и уничтожать содержимое каждые 3-4 дня). От медведки — гранулированные приманки «Медветокс» или «Гризли» в бороздки. Клубни картофеля перед посадкой протравливают «Максимом» или «Престижем» (заодно защищает от фитофторы) строго по инструкции на упаковке.	авто (сдвиг месяца от средней полосы, не пересмотрено)
yug	mart	МАРТ	obrabotka	dekor	barbaris,spireya,puzyreplodnik,gortenziya,roza	grunt	В конце марта – начале апреля, до распускания листьев — опрыскивание от тли и клещей на розах, спирее, барбарисе, пузыреплотнике: пиретроидными препаратами при дневных +12 °C и выше (в жару за +25 °C эффективность падает), биопрепаратами — не раньше устойчивых +15 °C. Профилактика мучнистой росы на флоксах и гортензии.	От тли и клещей — Инта-Вир или биопрепарат Фитоверм (менее токсичен, можно применять чаще, действует медленнее; эффективнее в тепле — от +12°C, лучше при +18°C и выше). От мучнистой росы на флоксах и гортензии — медьсодержащие препараты (ХОМ — не выше +30°C, 1%-я бордоская жидкость — +5…+25°C) или системный фунгицид на основе тиофанат-метила по инструкции на упаковке.	авто (сдвиг месяца от средней полосы, не пересмотрено)
yug	mart	МАРТ	obrabotka	dekor	tuya,mozhzhevelnik,samshit,el,sosna	grunt	Обработка от тли-хермеса и паутинного клеща (актуально для ели и сосны) в начале активного роста. Профилактика фузариоза у молодых саженцев хвойных — полив под корень фунгицидом.	От тли-хермеса и паутинного клеща — специализированный инсектицид для хвойных «Пиноцид» (2 мл на 10 л воды, стадия «зелёный конус» — «розовый бутон», от +10°C) или «Актара» (тиаметоксам, системного действия; +10…+29°C, оптимально +12…+25°C); при слабом поражении — биопрепарат «Фитоверм» (эффективнее в тепле — от +12°C, лучше при +18°C и выше). От фузариоза молодых саженцев — полив под корень «Фитоспорином-М» или «Превикуром» по инструкции, повторяют через 2 недели при сохранении симптомов.	авто (сдвиг месяца от средней полосы, не пересмотрено)
yug	iyun	ИЮНЬ	obrabotka	ogorod	tomat,ogurets,kartofel,kapusta,morkov,svekla,luk,gorokh	grunt	Массовая обработка от колорадского жука (картофель), тли (горох, свёкла), морковной и луковой мухи. Профилактика фитофторы томата и огурца — опрыскивание каждые 10-14 дней в дождливую погоду. Обработка капусты от гусениц белянки и совки (Битоксибациллин, Лепидоцид).	При небольшом числе жуков эффективен ручной сбор вредителя и кладок с нижней стороны листьев. При массовом поражении — инсектициды: Актара (тиаметоксам, системного действия, защита 3-4 недели; работает при +10…+29°C, оптимально +12…+25°C) или Инта-Вир (контактно-кишечный, защита 10-15 дней), строго по инструкции на упаковке и с соблюдением срока ожидания.	авто (сдвиг месяца от средней полосы, не пересмотрено)
yug	iyun	ИЮНЬ	obrabotka	dekor	hosta,barbaris,spireya,klen,roza,astilba	grunt	Повторная обработка роз от тли и мучнистой росы. Обработка хосты и астильбы от слизней. Профилактика мучнистой росы на клёне, барбарисе, спирее в условиях влажности.	От тли и мучнистой росы на розах — «Топаз» (от росы, от +10°C, оптимум +10…+25°C) и Инта-Вир или Фитоверм (от тли, эффективнее в тепле — от +12°C); обрабатывают в один день, но разными растворами. От слизней на хосте и астильбе — гранулы метальдегида («Гроза», «Слизнеед») вокруг кустов. От мучнистой росы на клёне, барбарисе, спирее — тот же «Топаз» или коллоидная сера (оптимум +20…+28°C, выше +30°C — ожог листьев) по инструкции.	авто (сдвиг месяца от средней полосы, не пересмотрено)
yug	iyun	ИЮНЬ	obrabotka	dekor	tuya,mozhzhevelnik,samshit	grunt	Контроль пилильщика на сосне и еловой листовёртки — обработка при обнаружении гусениц.	От пилильщика на сосне и еловой листовёртки — «Инта-Вир» или «Актара» (+10…+29°C) при обнаружении гусениц/личинок, обработка по кроне. При небольшом числе вредителей эффективен и ручной сбор.	авто (сдвиг месяца от средней полосы, не пересмотрено)
yug	iyul	ИЮЛЬ	obrabotka	ogorod	tomat,ogurets,kartofel,kapusta,kabachok	grunt	Обработка томата и картофеля от фитофторы (в пик влажности — каждые 7-10 дней). Обработка капусты от белянки, тли. Профилактика мучнистой росы на огурце и кабачке (сыворотка, фунгициды).	В период плодоношения используйте биопрепараты: Фитоспорин-М (10 г на 10 л воды) или связку Алирин-Б + Гамаир. До завязи при сильном развитии болезни допустимы контактные фунгициды на основе хлорокиси меди (ХОМ, не выше +30°C) — строго с соблюдением срока ожидания до сбора урожая, указанного на упаковке. Интервал между обработками: 7-10 дней в дождливую погоду, до 15 дней в сухую.	авто (сдвиг месяца от средней полосы, не пересмотрено)
yug	iyul	ИЮЛЬ	obrabotka	dekor	hosta,gortenziya,bereskleet,roza,plyushch	grunt	Обработка роз от чёрной пятнистости и паутинного клеща. Обработка гортензии от тли, хосты от слизней. Контроль щитовки на плюще и бересклете.	От тли и пилильщика — Инта-Вир или биопрепарат Фитоверм (менее токсичен, можно применять чаще; эффективнее в тепле — от +12°C, лучше при +18°C и выше). От чёрной пятнистости и других грибковых пятнистостей — медьсодержащие препараты (ХОМ — не выше +30°C, 1%-я бордоская жидкость — +5…+25°C) или системные фунгициды на основе манкоцеба по инструкции.	авто (сдвиг месяца от средней полосы, не пересмотрено)
yug	iyul	ИЮЛЬ	obrabotka	dekor	tuya,mozhzhevelnik,samshit	grunt	Обработка от короеда-типографа (профилактически при жаркой сухой погоде — фактор риска). Контроль побурения хвои — при грибковых поражениях повторная обработка фунгицидом.	Специфических инсектицидов для профилактики короеда-типографа нет — риск снижают поддержанием здоровья дерева (полив в засуху, без лишних повреждений коры); при явном заселении (буровая мука) дерево обычно уже не спасти, убирают до вылета следующего поколения жука. От побурения хвои грибкового происхождения — повторная обработка ХОМ (не выше +30°C) или «Абига-Пик» (+5…+25°C) по инструкции.	авто (сдвиг месяца от средней полосы, не пересмотрено)
yug	avgust	АВГУСТ	obrabotka	ogorod	tomat,kartofel,kapusta,morkov,svekla	grunt	Последняя обработка томата и картофеля от фитофторы (за 20 дней до сбора). Обработка капусты поздних сортов от гусениц. Профилактика корневых гнилей моркови и свёклы при избыточном поливе.	Последняя обработка от фитофторы — ХОМ (не выше +30°C) или «Абига-Пик» (+5…+25°C, медьсодержащие, срок ожидания до сбора — 20 дней). От гусениц на капусте поздних сортов — биопрепарат «Лепидоцид» или «Битоксибациллин» (оба малоэффективны ниже +13°C, оптимум +18…+30°C; короткий срок ожидания). От корневых гнилей моркови и свёклы — в первую очередь сократить полив, при необходимости пролить «Фитоспорином-М».	авто (сдвиг месяца от средней полосы, не пересмотрено)
yug	avgust	АВГУСТ	obrabotka	dekor	roza	grunt	Снижение частоты обработок роз, последнее опрыскивание от чёрной пятнистости. Контроль вредителей на хвойных перед подготовкой к зиме.	От тли и пилильщика — Инта-Вир или биопрепарат Фитоверм (менее токсичен, можно применять чаще; эффективнее в тепле — от +12°C, лучше при +18°C и выше). От чёрной пятнистости и других грибковых пятнистостей — медьсодержащие препараты (ХОМ — не выше +30°C, 1%-я бордоская жидкость — +5…+25°C) или системные фунгициды на основе манкоцеба по инструкции.	авто (сдвиг месяца от средней полосы, не пересмотрено)
yug	avgust	АВГУСТ	obrabotka	dekor	tuya,mozhzhevelnik,samshit	grunt	Осмотр на признаки короеда (буровая мука, смоляные воронки) — при обнаружении удаление и обработка соседних растений.	При первых признаках заселения (буровая мука, смоляные воронки) поражённые ветви вырезают до здоровой древесины и сжигают, срезы обрабатывают садовым варом. Соседние здоровые растения профилактически опрыскивают инсектицидом на основе бифентрина («Клипер») — химобработка уже заселённого дерева малоэффективна.	авто (сдвиг месяца от средней полосы, не пересмотрено)
yug	oktyabr	ОКТЯБРЬ	obrabotka	ogorod	tomat,kartofel	grunt	После уборки урожая — удаление и уничтожение растительных остатков (ботва томата, картофеля) — профилактика зимовки фитофторы и вредителей. Обработка почвы биофунгицидом.	Обработка почвы после уборки ботвы — биофунгицид «Фитоспорин-М» или «Триходермин» по пролитой поверхности, снижает запас спор фитофторы и других патогенов к следующему сезону. Саму ботву томата и картофеля не компостируют, а сжигают или выносят с участка.	авто (сдвиг месяца от средней полосы, не пересмотрено)
yug	oktyabr	ОКТЯБРЬ	obrabotka	dekor	roza,smorodina,kryzhovnik,barbaris,spireya	grunt	После полного листопада (обычно в конце октября — начале ноября) — искореняющая обработка роз, плодовых и декоративных кустарников (барбарис, спирея) медьсодержащим препаратом по голым ветвям и опавшим листьям. Профилактика зимующих стадий вредителей и грибных инфекций.	Искореняющая обработка — 3%-я бордоская жидкость (300 г медного купороса + 400 г извести на 10 л воды) или ХОМ (40 г на 10 л) по голым ветвям и опавшим листьям, в сухую безветренную погоду при +3…+5 °C. До полного листопада не проводят — медь обжигает ещё зелёные и окрашивающиеся листья и ослабляет растение перед зимой.	агропроверка: искореняющая обработка — только после полного листопада (kp.ru, aif.ru)
yug	oktyabr	ОКТЯБРЬ	obrabotka	dekor	tuya,mozhzhevelnik,samshit	grunt	Осенняя профилактическая обработка хвойных (туя, можжевельник, самшит) медьсодержащим фунгицидом от шютте и грибных пятнистостей — при устойчивом дневном ниже +12 °C и до перехода днём ниже +5 °C.	Профилактика шютте — ХОМ (40 г на 10 л воды, не выше +30°C) или «Абига-Пик» (+5…+25°C) по кроне хвойных, повторно при необходимости через 2-3 недели до устойчивых холодов.	авто (сдвиг месяца от средней полосы, не пересмотрено)
yug	noyabr	НОЯБРЬ	obrabotka	ogorod		grunt	Уборка и уничтожение растительных остатков с грядок, перекопка почвы с оборотом пласта (уничтожение зимующих личинок вредителей).	Обработка почвы после уборки ботвы — биофунгицид «Фитоспорин-М» или «Триходермин» по пролитой поверхности, снижает запас спор фитофторы и других патогенов к следующему сезону. Саму ботву томата и картофеля не компостируют, а сжигают или выносят с участка.	авто (сдвиг месяца от средней полосы, не пересмотрено)
yug	noyabr	НОЯБРЬ	obrabotka	dekor	gortenziya,klen,roza	grunt	Сбор и уничтожение опавших листьев роз, гортензии, клёна (источник грибковых спор). Искореняющая обработка приствольных кругов кустарников бордоской жидкостью.		авто (сдвиг месяца от средней полосы, не пересмотрено)
yug	dekabr	ДЕКАБРЬ	obrabotka	ogorod		grunt	Завершение осенней перекопки, обработка теплиц (окуривание серной шашкой или дезинфекция) от зимующих вредителей и патогенов.	Серную шашку («ФАС», расчёт по паспорту теплицы — обычно 1 шашка на 5 м²) применяют строго при плюсовой температуре в полностью герметичной теплице, без металлических некрашеных конструкций (сера вызывает коррозию) и без растений внутри. После обработки теплицу проветривают не менее суток.	авто (сдвиг месяца от средней полосы, не пересмотрено)
yug	dekabr	ДЕКАБРЬ	obrabotka	dekor	gortenziya,roza	grunt	Профилактическая обработка роз и молодых гортензий фунгицидом перед укрытием на зиму. Осмотр вечнозелёных на вредителей перед укрытием.		авто (сдвиг месяца от средней полосы, не пересмотрено)
yug	dekabr	ДЕКАБРЬ	obrabotka	ogorod	kartofel,morkov,svekla,luk,chesnok	grunt	Контроль хранящегося урожая (картофель, морковь, свёкла, лук, чеснок) на гнили и вредителей (проволочник, плодожорка в хранилище).		авто (сдвиг месяца от средней полосы, не пересмотрено)
yug	dekabr	ДЕКАБРЬ	obrabotka	dekor	gortenziya,roza	grunt	Периодический осмотр укрытых роз и гортензий на выпревание и плесень.		авто (сдвиг месяца от средней полосы, не пересмотрено)
yug	fevral	ФЕВРАЛЬ	udobrenie	ogorod	tomat,perets	rassada,grunt	Подкормка рассады томата, перца после появления 2-го настоящего листа комплексным удобрением (NPK) в слабой концентрации.	«Кристалон» или «Фертика Люкс» (NPK ~16:16:16 или аналог) в половинной от указанной на упаковке концентрации — молодые корни в этом возрасте легко обжечь избытком солей. Поливают под корень по уже влажной почве (не сразу после пересушки), примерно раз в 10-14 дней до высадки в грунт.	авто (сдвиг месяца от средней полосы, не пересмотрено)
yug	fevral	ФЕВРАЛЬ	udobrenie	ogorod	tomat,ogurets,kapusta,perets	rassada,grunt	Подкормка рассады томата, перца, капусты комплексным удобрением каждые 10-14 дней. Внесение перегноя/компоста в теплицы под будущую посадку огурца.	«Кемира Люкс» или «Фертика Универсал» (NPK ~16:16:16) — по инструкции на упаковке, обычно 1-2 ст. ложки на 10 л воды, полив под корень раз в 10-14 дней. Для самых молодых сеянцев (до 3 недель) концентрацию снижают вдвое.	авто (сдвиг месяца от средней полосы, не пересмотрено)
yug	fevral	ФЕВРАЛЬ	udobrenie	dekor	barbaris,spireya,doren,puzyreplodnik,gortenziya,veygela,chubushnik,roza	grunt	Подкормка азотным удобрением (мочевина, аммиачная селитра) сразу после снятия зимних укрытий, по спящим почкам — роза, спирея, барбарис, пузыреплодник, дёрен, вейгела, чубушник, гортензия — для стимуляции роста побегов.	Мочевина (карбамид, 15-20 г/м²) или аммиачная селитра (20-25 г/м²) — рассыпают по влажной почве вокруг куста сразу после снятия укрытия, слегка заделывают. Гранулы не должны попадать на кору у корневой шейки — риск ожога.	авто (сдвиг месяца от средней полосы, не пересмотрено)
yug	fevral	ФЕВРАЛЬ	udobrenie	dekor	tuya,mozhzhevelnik,el,sosna	grunt	Подкормка специализированным удобрением для хвойных (с магнием) при плюсовых температурах — туя, можжевельник, ель, сосна.	Например, «Фертика Хвойное» (NPK 10:7:14 + Mg + S) — гранулы рассыпают по проекции кроны из расчёта 60 г/м² и слегка заделывают в почву или мульчу. Повышенное содержание магния и серы поддерживает насыщенный цвет хвои. Вносится в апреле-мае и, при необходимости, повторно в сентябре калийной формой без азота. Летние подкормки не проводят (избыток азота летом снижает морозостойкость и провоцирует грибковые заболевания), органику (навоз, свежий компост) не вносят — закисление и ожог корней.	авто (сдвиг месяца от средней полосы, не пересмотрено)
yug	mart	МАРТ	udobrenie	ogorod	kartofel,kapusta,morkov,svekla,luk,chesnok	grunt	Внесение перегноя/компоста и комплексного минерального удобрения при перекопке грядок под картофель, капусту, свёклу, морковь, лук, чеснок. Подкормка чеснока и лука азотом (аммиачная селитра) после отрастания перьев.	Перегной или компост — 3-4 кг/м², комплексное минеральное удобрение (нитроаммофоска) — 30-40 г/м² под перекопку. Аммиачную селитру под чеснок и лук (15-20 г/м²) вносят по влажной почве, не допуская попадания гранул на перья — может вызвать ожог.	авто (сдвиг месяца от средней полосы, не пересмотрено)
yug	mart	МАРТ	udobrenie	dekor	hosta,tuya,samshit,klen,paporotnik,astilba,brunnera,geyhera	grunt	Подкормка комплексным удобрением с преобладанием азота — хоста, папоротник, астильба, бруннера, гейхера, клён. Первая подкормка самшита и туи после схода снега.	Комплексное удобрение с преобладанием азота, например «Азофоска» (NPK 16:16:16), — 20-30 г/м² по норме на упаковке. Самшит и тую после схода снега подкармливают тем же комплексным удобрением или специализированным «Фертика Хвойное», рассыпая по поверхности почвы и слегка заделывая — не допуская контакта гранул с корой у корневой шейки.	авто (сдвиг месяца от средней полосы, не пересмотрено)
yug	mart	МАРТ	udobrenie	dekor	tuya,mozhzhevelnik,samshit	grunt	Продолжение весенней подкормки удобрением для хвойных (медленнодействующее гранулированное, апрель-май — по данным производителей специализированных хвойных удобрений это основное окно, повторно можно подкормить калийной формой в сентябре).	Например, «Фертика Хвойное» (NPK 10:7:14 + Mg + S) — гранулы рассыпают по проекции кроны из расчёта 60 г/м² и слегка заделывают в почву или мульчу. Повышенное содержание магния и серы поддерживает насыщенный цвет хвои. Вносится в апреле-мае и, при необходимости, повторно в сентябре калийной формой без азота.	авто (сдвиг месяца от средней полосы, не пересмотрено)
yug	iyun	ИЮНЬ	udobrenie	ogorod	tomat,kapusta,morkov,svekla	grunt	Подкормка томата фосфорно-калийным удобрением в период цветения и завязи плодов. Подкормка капусты, свёклы, моркови комплексным удобрением.	Томату в период цветения и завязи — сульфат калия (15-20 г на 10 л воды) или монофосфат калия. Капусте, свёкле, моркови — комплексное удобрение («Кемира» или нитроаммофоска, 25-30 г/м²) под рыхление.	авто (сдвиг месяца от средней полосы, не пересмотрено)
yug	iyun	ИЮНЬ	udobrenie	dekor	hosta,klen,bereskleet,roza,astilba	grunt	Подкормка роз фосфорно-калийным удобрением для обильного цветения. Подкормка хосты, астильбы органикой или комплексным удобрением. Внекорневая подкормка клёна и бересклета при бледности листвы.	Розам — фосфорно-калийное удобрение («Фертика для роз», без азота). Хосте, астильбе — настой коровяка (1:10) или комплексное гранулированное удобрение. Клёну и бересклету при бледности листвы — внекорневая подкормка хелатом железа (2-3 г/л) по листу.	авто (сдвиг месяца от средней полосы, не пересмотрено)
yug	iyul	ИЮЛЬ	udobrenie	ogorod	tomat,kartofel,kapusta,perets	grunt	Подкормка томата и перца калийным удобрением (сульфат калия) для налива плодов. Подкормка капусты поздних сортов. Прекращение азотных подкормок картофеля (для формирования клубней).	Сульфат калия — 20-25 г на 10 л воды, полив под корень для налива плодов томата и перца. Капусте поздних сортов — тот же состав или монофосфат калия. Азотные подкормки картофеля с этого момента прекращают полностью — избыток азота идёт в ботву в ущерб клубням.	авто (сдвиг месяца от средней полосы, не пересмотрено)
yug	iyul	ИЮЛЬ	udobrenie	dekor	gortenziya,roza	grunt	Повторная подкормка роз фосфорно-калийным удобрением после первой волны цветения. Подкормка гортензии продолжается.	Повторная подкормка роз — «Фертика для роз» или монофосфат калия (15-20 г на 10 л воды) после первой волны цветения, стимулирует повторное цветение. Гортензии — та же специализированная формула, что и в мае.	авто (сдвиг месяца от средней полосы, не пересмотрено)
yug	avgust	АВГУСТ	udobrenie	ogorod	tomat,kapusta,morkov,svekla	grunt	Последняя подкормка томата калийным удобрением. Прекращение всех азотных подкормок овощных культур (кроме поздней капусты). Подкормка свёклы и моркови калием для лучшей лёжкости.	Последняя подкормка томата — сульфат калия (20 г на 10 л воды) без азота. Свёкле и моркови для лучшей лёжкости — тот же сульфат калия или монофосфат калия. Азотные подкормки всех культур (кроме поздней капусты, которой ещё предстоит нарастить кочан) прекращают полностью.	авто (сдвиг месяца от средней полосы, не пересмотрено)
yug	avgust	АВГУСТ	udobrenie	dekor	roza	grunt	Фосфорно-калийная подкормка роз для вызревания побегов (последняя за сезон).	Фосфорно-калийное удобрение без азота, например «Фертика Осень» или монофосфат калия (15-20 г на 10 л воды) — последняя подкормка сезона, помогает побегам вызреть и лучше перенести зиму.	авто (сдвиг месяца от средней полосы, не пересмотрено)
yug	oktyabr	ОКТЯБРЬ	udobrenie	ogorod		grunt	Внесение органики (компост) под перекопку освободившихся грядок.		авто (сдвиг месяца от средней полосы, не пересмотрено)
yug	oktyabr	ОКТЯБРЬ	udobrenie	dekor	barbaris,spireya,puzyreplodnik,gortenziya,veygela,chubushnik,roza	grunt	Осенняя подкормка фосфорно-калийным удобрением (без азота) для повышения зимостойкости — роза, спирея, барбарис, пузыреплодник, гортензия, вейгела, чубушник.	Фосфорно-калийное удобрение без азота — «Фертика Осень» или монофосфат калия (15-20 г на 10 л воды), полив под корень. Азот в этот период исключают полностью — он стимулирует рост новых побегов, которые не успеют вызреть до морозов.	авто (сдвиг месяца от средней полосы, не пересмотрено)
yug	oktyabr	ОКТЯБРЬ	udobrenie	dekor	tuya,mozhzhevelnik,samshit	grunt	Осенняя подкормка калийным удобрением (без азота) для повышения морозостойкости туи, можжевельника, ели — по необходимости.	Калийное удобрение без азота — сульфат калия (15-20 г/м²) или специализированное «Фертика Хвойное осеннее», рассыпают по проекции кроны. Повышает морозостойкость хвои и корневой системы.	авто (сдвиг месяца от средней полосы, не пересмотрено)
yug	noyabr	НОЯБРЬ	udobrenie	ogorod		grunt	Внесение перегноя/компоста и фосфорно-калийного удобрения под осеннюю перекопку для культур будущего сезона.	Перегной или компост — 3-4 кг/м², фосфорно-калийное удобрение (суперфосфат + сульфат калия, по 20-30 г/м² каждого) под осеннюю перекопку — фосфор и калий медленно доступны растениям и как раз успевают перейти в усвояемую форму к весне.	авто (сдвиг месяца от средней полосы, не пересмотрено)
yug	yanvar	ЯНВАРЬ	obrezka	dekor	roza,tuya,mozhzhevelnik,samshit,plyushch	grunt	Санитарная обрезка сухих и повреждённых ветвей у роз при оттепелях (если укрытие позволяет); контроль снеговой нагрузки, стряхивание тяжёлого мокрого снега с ветвей туи и можжевельника; при оттепелях — отряхивание снега с ветвей самшита и плюща, чтобы избежать разломов и выпревания; удаление уже сломанных снегом веток у декоративных и хвойных при необходимости.		авто (сдвиг месяца от средней полосы, не пересмотрено)
yug	fevral	ФЕВРАЛЬ	obrezka	dekor	barbaris,spireya,doren,puzyreplodnik,gortenziya,bereskleet,lapchatka,veygela,roza	grunt	В феврале в оттепель или начале марта, до распускания почек — санитарная и формирующая обрезка спиреи летнецветущей (весеннецветущие виды обрезают после цветения), барбариса, пузыреплодника, дёрена, бересклета, вейгелы, лапчатки. Обрезка розы (удаление подмёрзших побегов, формировка куста) после снятия укрытия. Обрезка гортензии метельчатой и древовидной (укорачивание побегов прошлого года) — гортензия крупнолистная не обрезается весной (цветёт на старой древесине).	Срезанные при обрезке гортензии ветки можно использовать для размножения — но только прошлогодние (однолетние) побеги, старая многолетняя древесина не укореняется. Два способа: 1) поставить ветки в воду в тёплом помещении на светлый подоконник на срок до 5 суток (ежедневно опрыскивать, раз в несколько дней менять воду и обновлять срез) — почки трогаются в рост, после чего ветки нарезают на черенки с 3-5 почками для укоренения; 2) сразу нарезать срезанные ветки на одревесневшие черенки и укоренять в рыхлой влажной почве — приживаемость ниже, чем у летних зелёных черенков (около 60-65% против более высокой у зелёных).	авто (сдвиг месяца от средней полосы, не пересмотрено)
yug	fevral	ФЕВРАЛЬ	obrezka	dekor	tuya,mozhzhevelnik,samshit	grunt	Формирующая стрижка туи и можжевельника до начала сокодвижения, санитарная обрезка сухих веток самшита.		авто (сдвиг месяца от средней полосы, не пересмотрено)
yug	mart	МАРТ	obrezka	dekor	samshit,klen,chubushnik	grunt	"Обрезка чубушника (санитарная, после цветения — основная). Формирующая стрижка самшита в начале роста. Обрезка клёна (декоративные формы) — только санитарная, весенняя обрезка ограничена из-за сильного сокотечения (""плача"")."		авто (сдвиг месяца от средней полосы, не пересмотрено)
yug	mart	МАРТ	obrezka	dekor	tuya,mozhzhevelnik	grunt	Формирующая стрижка туи, можжевельника продолжается до начала активного роста побегов.		авто (сдвиг месяца от средней полосы, не пересмотрено)
yug	iyun	ИЮНЬ	obrezka	ogorod	tomat,ogurets,chesnok,kabachok,tykva	grunt	Регулярное пасынкование и подвязка томата (каждые 7-10 дней). Прищипка верхушки огурца и кабачка для боковых побегов. Формировка тыквы (прищипка плети после завязи 2-3 плодов). Удаление стрелок чеснока.		авто (сдвиг месяца от средней полосы, не пересмотрено)
yug	iyun	ИЮНЬ	obrezka	dekor	samshit,barbaris,puzyreplodnik,veygela,chubushnik,roza	grunt	Обрезка вейгелы, чубушника после окончания цветения. Стрижка живых изгородей (барбарис, самшит, пузыреплодник) каждые 3-4 недели. Удаление отцветших соцветий розы (для повторного цветения).		авто (сдвиг месяца от средней полосы, не пересмотрено)
yug	iyun	ИЮНЬ	obrezka	dekor	tuya,mozhzhevelnik,samshit	grunt	Формирующая стрижка туи, можжевельника, самшита в топиарной форме — плановая летняя стрижка.		авто (сдвиг месяца от средней полосы, не пересмотрено)
yug	iyul	ИЮЛЬ	obrezka	ogorod	tomat,kabachok,tykva	grunt	Продолжение пасынкования томата, прищипка верхушки в конце июля (для вызревания плодов). Прищипка тыквы и кабачка. Обрезка нижних листьев томата для проветривания и профилактики фитофторы.		авто (сдвиг месяца от средней полосы, не пересмотрено)
yug	iyul	ИЮЛЬ	obrezka	dekor	spireya	grunt	Повторная стрижка живых изгородей. Обрезка отцветшей спиреи летнецветущей.		авто (сдвиг месяца от средней полосы, не пересмотрено)
yug	iyul	ИЮЛЬ	obrezka	dekor	tuya,mozhzhevelnik,samshit	grunt	Последняя летняя стрижка туи, можжевельника (до середины июля, чтобы побеги успели вызреть до морозов).		авто (сдвиг месяца от средней полосы, не пересмотрено)
yug	avgust	АВГУСТ	obrezka	ogorod	tomat,bazilik	grunt	Прищипка верхушек томата (если не сделано в июле) и базилика (для кустистости и предотвращения раннего цветения).		авто (сдвиг месяца от средней полосы, не пересмотрено)
yug	avgust	АВГУСТ	obrezka	dekor	roza	grunt	Лёгкая корректирующая стрижка живых изгородей (последняя за сезон, до конца августа). Удаление отцветших соцветий роз.		авто (сдвиг месяца от средней полосы, не пересмотрено)
yug	oktyabr	ОКТЯБРЬ	obrezka	ogorod		grunt	Удаление ботвы после уборки урожая.		авто (сдвиг месяца от средней полосы, не пересмотрено)
yug	oktyabr	ОКТЯБРЬ	obrezka	dekor	barbaris,spireya,roza	grunt	Санитарная обрезка повреждённых и больных побегов (не формирующая) — роза, спирея, барбарис.		авто (сдвиг месяца от средней полосы, не пересмотрено)
yug	noyabr	НОЯБРЬ	obrezka	dekor	hosta,plyushch,paporotnik,astilba,brunnera,geyhera	grunt	Санитарная обрезка многолетников — обрезка отмерших листьев хосты, астильбы, бруннеры, гейхеры по мере естественного отмирания и полегания листвы в конце вегетации. Обрезка папоротника (удаление отмерших вай). Обрезка плюща для зимовки (укорачивание длинных плетей).		авто (сдвиг месяца от средней полосы, не пересмотрено)
yug	noyabr	НОЯБРЬ	obrezka	dekor	tuya,mozhzhevelnik,samshit	grunt	Санитарная обрезка сухих/повреждённых ветвей туи, можжевельника перед зимой (без формирующей стрижки).		авто (сдвиг месяца от средней полосы, не пересмотрено)
yug	dekabr	ДЕКАБРЬ	obrezka	dekor	tuya,mozhzhevelnik,samshit	grunt	Визуальный контроль состояния хвои под снегом; снятие снеговой нагрузки — стряхивание снега с ветвей туи, можжевельника (предотвращает поломку веток).		авто (сдвиг месяца от средней полосы, не пересмотрено)
yug	fevral	ФЕВРАЛЬ	posev	ogorod	tomat,perets,baklazhan	rassada	Посев семян томата, перца и баклажана на рассаду (перец и баклажан — в первую очередь, у них дольше срок до всходов).		авто (сдвиг месяца от средней полосы, не пересмотрено)
yug	fevral	ФЕВРАЛЬ	posev	ogorod	tomat,kapusta,bazilik	rassada	Посев на рассаду томата (если не посеян в феврале), капусты и базилика.		авто (сдвиг месяца от средней полосы, не пересмотрено)
yug	mart	МАРТ	posev	ogorod	morkov,svekla,redis,gorokh,ukrop,petrushka,luk,chesnok	grunt	Посев в открытый грунт холодостойких культур при прогреве почвы: морковь, свёкла, редис, горох, укроп, петрушка; посадка лука-севка и ярового чеснока.		авто (сдвиг месяца от средней полосы, не пересмотрено)
yug	mart	МАРТ	posev	sad	yablonya,grusha,sliva,vishnya,smorodina,kryzhovnik,malina,zhimolost,oblepikha,ezhevika,irga,kalina,abrikos,chereshnya	grunt	Весенняя посадка саженцев плодовых деревьев и ягодных кустарников — в начале месяца, до распускания почек.		авто (сдвиг месяца от средней полосы, не пересмотрено)
yug	mart	МАРТ	posev	dekor	liliya	grunt	Весенняя посадка луковиц лилий (если не высажены осенью).	Глубина посадки — 3 высоты луковицы (для азиатских и ЛА-гибридов обычно 10-15 см, для трубчатых и ОТ-гибридов чуть глубже). На дно лунки — горсть песка для дренажа: лилии не переносят застоя влаги у донца. Подсохшие луковицы перед посадкой замачивают на 30 минут в растворе фунгицида «Максим».	авто (сдвиг месяца от средней полосы, не пересмотрено)
yug	iyun	ИЮНЬ	posev	ogorod	salat,rukkola,ukrop	grunt	Повторные посевы салата, рукколы и укропа каждые 2-3 недели для непрерывного сбора. Редис в июне сеять не стоит — от длинного дня и жары он стрелкуется, не образуя корнеплод; следующий срок посева — конец июля.		авто (сдвиг месяца от средней полосы, не пересмотрено)
yug	oktyabr	ОКТЯБРЬ	posev	ogorod	morkov,svekla,redis,ukrop,petrushka	grunt	Начало подзимнего посева моркови, свёклы, редиса, укропа, петрушки — в конце месяца, не раньше устойчивого перехода среднесуточной ниже +5 °C, по остывшей, но не промёрзшей почве. В тёплую осень посев откладывают — семена не должны тронуться в рост до зимы.		авто (сдвиг месяца от средней полосы, не пересмотрено)
yug	oktyabr	ОКТЯБРЬ	posev	sad	yablonya,grusha,sliva,vishnya,smorodina,kryzhovnik,malina,oblepikha,ezhevika,irga,kalina	grunt	Осенняя посадка саженцев плодовых и ягодных культур (за 3-4 недели до устойчивых заморозков).		авто (сдвиг месяца от средней полосы, не пересмотрено)
yug	oktyabr	ОКТЯБРЬ	posev	dekor	liliya	grunt	Основной срок посадки луковиц лилий (сентябрь — начало октября).	Глубина посадки — 3 высоты луковицы (для азиатских и ЛА-гибридов обычно 10-15 см, для трубчатых и ОТ-гибридов чуть глубже). На дно лунки — горсть песка для дренажа: лилии не переносят застоя влаги у донца. Подсохшие луковицы перед посадкой замачивают на 30 минут в растворе фунгицида «Максим».	авто (сдвиг месяца от средней полосы, не пересмотрено)
yug	noyabr	НОЯБРЬ	posev	ogorod	morkov,svekla,redis,ukrop,petrushka,chesnok,luk	grunt	Продолжение подзимнего посева моркови, свёклы, редиса, зелени; посадка озимого чеснока и лука-севка под зиму, если не сделано в сентябре.		авто (сдвиг месяца от средней полосы, не пересмотрено)
yug	dekabr	ДЕКАБРЬ	posev	ogorod	morkov,svekla,ukrop,petrushka	grunt	Завершающий подзимний посев по уже подмёрзшей почве (в оттепель не сеют — семена могут прорасти раньше срока и погибнуть).		авто (сдвиг месяца от средней полосы, не пересмотрено)
yug	iyun	ИЮНЬ	poliv	ogorod	tomat,ogurets,kapusta,kabachok	grunt	Обильный полив в жару под корень, без попадания на листья — профилактика фитофторы и мучнистой росы. Частота — каждые 2-3 дня в засуху.		авто (сдвиг месяца от средней полосы, не пересмотрено)
yug	iyun	ИЮНЬ	poliv	sad	smorodina,kryzhovnik,malina,zhimolost,yablonya,grusha,sliva,vishnya,klubnika,vinograd,oblepikha,ezhevika,abrikos,chereshnya	grunt	Полив плодовых и ягодных в засуху, особенно важен в период налива плодов.		авто (сдвиг месяца от средней полосы, не пересмотрено)
yug	iyul	ИЮЛЬ	poliv	ogorod	tomat,ogurets,kapusta,kabachok,morkov,svekla	grunt	Продолжение регулярного полива в жару; для корнеплодов — равномерный, без резких перепадов (иначе растрескивание).		авто (сдвиг месяца от средней полосы, не пересмотрено)
yug	iyul	ИЮЛЬ	poliv	dekor	gortenziya,hosta,astilba	grunt	Усиленный полив влаголюбивых декоративных — гортензия, хоста, астильба страдают от засухи быстрее других.		авто (сдвиг месяца от средней полосы, не пересмотрено)
yug	noyabr	НОЯБРЬ	poliv	sad	yablonya,grusha,sliva,vishnya,smorodina,kryzhovnik,malina,oblepikha,ezhevika,irga,kalina,abrikos,chereshnya	grunt	Влагозарядковый полив плодовых и ягодных перед зимой при отсутствии осенних дождей.		авто (сдвиг месяца от средней полосы, не пересмотрено)
yug	mart	МАРТ	mulcha	ogorod	tomat,perets,kapusta,ogurets,kabachok,tykva	grunt,rassada	Мульчирование грядок после посадки/посева — сохранение влаги и подавление сорняков.		авто (сдвиг месяца от средней полосы, не пересмотрено)
yug	mart	МАРТ	mulcha	sad	smorodina,kryzhovnik,malina,yablonya,grusha,sliva,vishnya,klubnika,oblepikha,ezhevika,irga,kalina,abrikos,chereshnya	grunt	Мульчирование приствольных кругов и посадок ягодных кустарников после весенней подкормки.	Мульча слоем 5-7 см — перегной, компост или измельчённая кора, приствольный круг/ряд после подкормки и полива. Удерживает влагу, подавляет сорняки и постепенно перегнивает, дополнительно питая растение.	авто (сдвиг месяца от средней полосы, не пересмотрено)
yug	noyabr	НОЯБРЬ	mulcha	sad	smorodina,kryzhovnik,malina,yablonya,grusha,sliva,vishnya,klubnika,oblepikha,ezhevika,irga,kalina,abrikos,chereshnya	grunt	Мульчирование приствольных кругов на зиму (утепление корневой системы) торфом или компостом.		авто (сдвиг месяца от средней полосы, не пересмотрено)
yug	noyabr	НОЯБРЬ	mulcha	dekor	pion,floks,hosta,astilba,brunnera,geyhera	grunt	Мульчирование многолетников на зиму после осенней обрезки.		авто (сдвиг месяца от средней полосы, не пересмотрено)
yug	noyabr	НОЯБРЬ	mulcha	dekor	tuya,mozhzhevelnik,samshit	grunt	Мульчирование приствольных кругов хвойных торфом или компостом.		авто (сдвиг месяца от средней полосы, не пересмотрено)
yug	noyabr	НОЯБРЬ	ukrytie	sad	yablonya,grusha,sliva,vishnya,abrikos,chereshnya	grunt	Обвязка стволов молодых плодовых деревьев от грызунов и морозобоин, побелка штамбов.		авто (сдвиг месяца от средней полосы, не пересмотрено)
yug	dekabr	ДЕКАБРЬ	ukrytie	dekor	pion	grunt	Лёгкое укрытие пионов лапником при бесснежных морозах (в средней полосе обычно достаточно мульчи).		авто (сдвиг месяца от средней полосы, не пересмотрено)
yug	iyun	ИЮНЬ	urozhay	sad	zhimolost	grunt	Сбор жимолости — самой ранней ягоды сезона.		авто (сдвиг месяца от средней полосы, не пересмотрено)
yug	iyun	ИЮНЬ	urozhay	ogorod	redis,salat	grunt	Сбор редиса и салата повторных посевов.		авто (сдвиг месяца от средней полосы, не пересмотрено)
yug	iyul	ИЮЛЬ	urozhay	sad	smorodina,kryzhovnik,vishnya	grunt	Сбор смородины, крыжовника, вишни.		авто (сдвиг месяца от средней полосы, не пересмотрено)
yug	iyul	ИЮЛЬ	urozhay	ogorod	gorokh,chesnok	grunt	Сбор гороха; уборка озимого чеснока (по полеганию пера).		авто (сдвиг месяца от средней полосы, не пересмотрено)
yug	avgust	АВГУСТ	urozhay	ogorod	ogurets,kabachok,luk	grunt	Конвейерный сбор огурца и кабачка; уборка ярового лука и чеснока на просушку.		авто (сдвиг месяца от средней полосы, не пересмотрено)
yug	avgust	АВГУСТ	urozhay	sad	malina,sliva	grunt	Сбор малины (ремонтантные сорта плодоносят до заморозков); сбор сливы.		авто (сдвиг месяца от средней полосы, не пересмотрено)
yug	oktyabr	ОКТЯБРЬ	urozhay	ogorod	kartofel,tomat,perets	grunt,rassada	Уборка картофеля; сбор томата и перца по мере созревания.		авто (сдвиг месяца от средней полосы, не пересмотрено)
yug	oktyabr	ОКТЯБРЬ	urozhay	sad	yablonya,grusha	grunt	Сбор летних сортов яблони и груши.		авто (сдвиг месяца от средней полосы, не пересмотрено)
yug	oktyabr	ОКТЯБРЬ	urozhay	ogorod	kapusta	rassada	Начало уборки ранних сортов капусты.		авто (сдвиг месяца от средней полосы, не пересмотрено)
yug	noyabr	НОЯБРЬ	urozhay	ogorod	tykva,morkov,svekla,kapusta	grunt,rassada	Сбор тыквы, моркови, свёклы; уборка капусты среднепоздних сортов сразу, поздних (позднеспелых) — для длительного хранения.		авто (сдвиг месяца от средней полосы, не пересмотрено)
yug	noyabr	НОЯБРЬ	urozhay	sad	yablonya,grusha	grunt	Сбор осенних сортов яблони и груши.		авто (сдвиг месяца от средней полосы, не пересмотрено)
yug	mart	МАРТ	razmnozhenie	sad	malina	grunt	Размножение малины корневыми отпрысками.		авто (сдвиг месяца от средней полосы, не пересмотрено)
yug	iyun	ИЮНЬ	razmnozhenie	sad	smorodina,kryzhovnik	grunt	Размножение смородины и крыжовника зелёными черенками.		авто (сдвиг месяца от средней полосы, не пересмотрено)
yug	iyun	ИЮНЬ	razmnozhenie	dekor	spireya,veygela,chubushnik	grunt	Зелёное черенкование после цветения.		авто (сдвиг месяца от средней полосы, не пересмотрено)
yug	oktyabr	ОКТЯБРЬ	razmnozhenie	dekor	hosta,astilba,brunnera,geyhera,pion,iris,lavanda	grunt	Деление куста при пересадке (включая ирис и лаванду) — оптимальный срок для приживания до морозов.		авто (сдвиг месяца от средней полосы, не пересмотрено)
yug	noyabr	НОЯБРЬ	razmnozhenie	sad	smorodina,kryzhovnik	grunt	Размножение одревесневшими черенками.		авто (сдвиг месяца от средней полосы, не пересмотрено)
yug	mart	МАРТ	obrabotka	sad	yablonya,grusha,sliva,vishnya,smorodina,kryzhovnik,malina,oblepikha,ezhevika,irga,kalina,abrikos,chereshnya	grunt	В 1–2-й декаде марта, до распускания почек — искореняющее опрыскивание плодовых и ягодных 3%-й бордоской жидкостью или мочевиной 5–7 % при дневных +5 °C и выше (профилактика парши, тли, клеща).	3%-я бордоская жидкость (+5…+25°C, 300 г медного купороса + 400 г извести на 10 л воды) или препарат «Хорус» (эффективен при более низких температурах, от +3°C). Опрыскивают строго по спящим почкам в сухую безветренную погоду — после распускания почек та же обработка обжигает молодую листву.	авто (сдвиг месяца от средней полосы, не пересмотрено)
yug	iyun	ИЮНЬ	obrabotka	ogorod	ogurets,kabachok,tykva	grunt	Профилактика мучнистой росы на огурце, кабачке, тыкве в условиях повышенной влажности.		авто (сдвиг месяца от средней полосы, не пересмотрено)
yug	iyul	ИЮЛЬ	obrabotka	sad	yablonya,malina	grunt	Контроль плодожорки на яблоне; обработка малины от малинного жука по необходимости.	От плодожорки на яблоне — феромонные ловушки для мониторинга лёта + при необходимости «Инта-Вир» с соблюдением срока ожидания до сбора. От малинного жука — ручной сбор личинок из ягод или обработка «Фитовермом» (эффективнее в тепле — от +12°C) сразу после сбора урожая.	авто (сдвиг месяца от средней полосы, не пересмотрено)
yug	fevral	ФЕВРАЛЬ	udobrenie	sad	yablonya,grusha,sliva,vishnya,smorodina,kryzhovnik,malina,zhimolost,klubnika,oblepikha,ezhevika,irga,kalina,abrikos,chereshnya	grunt	Ранневесенняя азотная подкормка плодовых и ягодных — после схода снега, по влажной непромёрзшей почве. На склонах и при толстом снеге по снегу не вносить (азот теряется с талой водой) — вносить по тонкому тающему слою или по оттаявшей почве.	Мочевина (20-25 г/м²) или аммиачная селитра (25-30 г/м²) — рассыпают по остаточному снегу или влажной почве сразу после его схода, талая вода помогает удобрению впитаться к началу роста корней.	авто (сдвиг месяца от средней полосы, не пересмотрено)
yug	avgust	АВГУСТ	udobrenie	sad	yablonya,grusha,sliva,vishnya,abrikos,chereshnya	grunt	Фосфорно-калийная подкормка плодовых деревьев для вызревания древесины и закладки урожая будущего года.	Монофосфат калия или сульфат калия (20-25 г/м² по проекции кроны) без азота — способствует вызреванию древесины и закладке цветочных почек урожая будущего года.	авто (сдвиг месяца от средней полосы, не пересмотрено)
yug	mart	МАРТ	obrezka	sad	yablonya,grusha,sliva,vishnya,abrikos,chereshnya	grunt	Санитарная и формирующая обрезка плодовых деревьев до начала сокодвижения.		авто (сдвиг месяца от средней полосы, не пересмотрено)
yug	mart	МАРТ	obrezka	sad	smorodina,kryzhovnik,oblepikha,irga,kalina	grunt	Санитарная обрезка смородины и крыжовника — удаление старых (более 5-7 лет) и повреждённых веток.		авто (сдвиг месяца от средней полосы, не пересмотрено)
yug	iyul	ИЮЛЬ	obrezka	sad	malina	grunt	Вырезка отплодоносивших побегов малины после сбора урожая.		авто (сдвиг месяца от средней полосы, не пересмотрено)
yug	fevral	ФЕВРАЛЬ	obrabotka	sad	smorodina,kryzhovnik	grunt	Ранневесенняя обработка смородины и крыжовника до распускания почек (конец марта — начало апреля, смородина распускается одной из первых в саду) — против почкового клеща, антракноза и мучнистой росы.	Классический способ — полив кустов кипятком (80-85°C) из лейки с распылителем, строго до распускания почек (после появления листьев кипятком обрабатывать нельзя): уничтожает почкового клеща, зимующие стадии тли и споры антракноза. Альтернатива/дополнение — опрыскивание 2-3%-м раствором железного купороса (200-300 г на 10 л воды) или минерально-масляным препаратом («Препарат 30 Плюс», ~2 л готового раствора на взрослый куст; нужна стабильная погода не ниже +4°C днём и ночью, лучше от +7…+8°C — при возврате заморозков обработку лучше отложить): масляная плёнка перекрывает дыхательные поры клеща и его яиц. Любой из вариантов — одна обработка за сезон, до распускания почек.	авто (сдвиг месяца от средней полосы, не пересмотрено)
yug	mart	МАРТ	posev	ogorod	schavel,shpinat,repa,redka	grunt	Посев в грунт щавеля, шпината, репы, редьки — холодостойкие культуры, можно сеять рано.		авто (сдвиг месяца от средней полосы, не пересмотрено)
yug	mart	МАРТ	posev	ogorod	reven	grunt	Посадка ревеня делением корневища (многолетник, на одном месте растёт 5-7 лет и дольше).		авто (сдвиг месяца от средней полосы, не пересмотрено)
yug	oktyabr	ОКТЯБРЬ	posev	sad	klubnika	grunt	Посадка усов клубники (садовой земляники) — лучший срок для укоренения до зимы.		авто (сдвиг месяца от средней полосы, не пересмотрено)
yug	mart	МАРТ	posev	sad	vinograd	grunt	Весенняя посадка саженцев винограда.		авто (сдвиг месяца от средней полосы, не пересмотрено)
yug	oktyabr	ОКТЯБРЬ	posev	dekor	tyulpan,narciss	grunt	Посадка луковиц тюльпанов и нарциссов (сентябрь — оптимальный срок для укоренения до морозов).		авто (сдвиг месяца от средней полосы, не пересмотрено)
yug	fevral	ФЕВРАЛЬ	posev	dekor	barhatcy,petuniya	rassada	Посев бархатцев и петунии на рассаду.		авто (сдвиг месяца от средней полосы, не пересмотрено)
yug	mart	МАРТ	posev	dekor	siren,lavanda,iris,delfinium	grunt	Весенняя посадка сирени, лаванды, ириса, дельфиниума.		авто (сдвиг месяца от средней полосы, не пересмотрено)
yug	oktyabr	ОКТЯБРЬ	posev	dekor	siren,iris	grunt	Осенняя посадка и деление сирени и ириса (альтернатива весенней посадке).		авто (сдвиг месяца от средней полосы, не пересмотрено)
yug	mart	МАРТ	posev	sad	golubika	grunt	Весенняя посадка саженцев голубики в заранее подготовленную кислую почву (pH 3,5-4,5) — верховой торф с добавлением хвойного опада или коры.		авто (сдвиг месяца от средней полосы, не пересмотрено)
yug	fevral	ФЕВРАЛЬ	udobrenie	sad	golubika	grunt	Ранневесенняя подкормка сульфатом аммония — единственная форма азота, которую голубика усваивает на кислой почве; обычную органику (навоз, золу) вносить нельзя — защелачивают почву.	Сульфат аммония — 20-30 г/м² по норме на упаковке, рассыпают по поверхности приствольного круга. Обычные азотные удобрения (мочевина, аммиачная селитра) голубике не подходят — подщелачивают почву и постепенно убивают микоризу.	авто (сдвиг месяца от средней полосы, не пересмотрено)
yug	avgust	АВГУСТ	udobrenie	sad	golubika	grunt	Калийно-магниевая подкормка голубики после сбора урожая.	Калийно-магниевое удобрение («Калимагнезия», 15-20 г/м²) — рассыпают по кислой мульче (хвойный опад, верховой торф) после сбора урожая, восполняет вынос питания и укрепляет побеги перед зимой.	авто (сдвиг месяца от средней полосы, не пересмотрено)
yug	mart	МАРТ	obrabotka	sad	golubika	grunt	Подкисление почвы гранулированной серой (100-300 г на куст в год) или поливом слабым раствором лимонной кислоты — без поддержания кислотности голубика не усваивает питание.		авто (сдвиг месяца от средней полосы, не пересмотрено)
yug	iyun	ИЮНЬ	poliv	sad	golubika	grunt	Регулярный полив мягкой или слегка подкисленной водой, особенно в первые 1-1,5 месяца после посадки и в период налива ягод.		авто (сдвиг месяца от средней полосы, не пересмотрено)
yug	iyul	ИЮЛЬ	urozhay	sad	golubika	grunt	Сбор голубики (созревает позже жимолости и смородины — обычно июль-август).		авто (сдвиг месяца от средней полосы, не пересмотрено)
yug	noyabr	НОЯБРЬ	mulcha	sad	golubika	grunt	Мульчирование голубики хвойным опадом, корой или верховым торфом — сохраняет кислотность почвы и защищает корни зимой.		авто (сдвиг месяца от средней полосы, не пересмотрено)
yug	fevral	ФЕВРАЛЬ	obrezka	sad	golubika	grunt	В феврале в оттепель или начале марта, до распускания почек — формирующая обрезка голубики (у кустов старше 4-5 лет — удаление старых малопродуктивных ветвей).		авто (сдвиг месяца от средней полосы, не пересмотрено)
yug	avgust	АВГУСТ	posev	dekor	krokus,muskari	grunt	Посадка луковиц крокусов и мускари (конец августа — сентябрь), глубина — 2-3 высоты луковицы в зависимости от плотности почвы.	Глубина посадки — 2-3 высоты луковицы (в плотную глинистую почву чуть мельче, в рыхлую песчаную — чуть глубже). Для профилактики гнилей луковицы перед посадкой можно на 30 минут замочить в растворе фунгицида «Максим» согласно инструкции на упаковке.	авто (сдвиг месяца от средней полосы, не пересмотрено)
yug	oktyabr	ОКТЯБРЬ	posev	dekor	podsnezhnik	grunt	Посадка луковиц подснежника (галантуса) — с конца августа по октябрь, за 3-4 недели до промерзания почвы.	Глубина посадки — 2-3 высоты луковицы (в плотную глинистую почву чуть мельче, в рыхлую песчаную — чуть глубже). Для профилактики гнилей луковицы перед посадкой можно на 30 минут замочить в растворе фунгицида «Максим» согласно инструкции на упаковке.	авто (сдвиг месяца от средней полосы, не пересмотрено)
yug	mart	МАРТ	obrezka	dekor	krokus,muskari,podsnezhnik	grunt	Удаление отцветших цветоносов; листья не срезать до полного пожелтения — в них накапливаются питательные вещества для луковицы на будущий год.		авто (сдвиг месяца от средней полосы, не пересмотрено)
yug	iyun	ИЮНЬ	razmnozhenie	dekor	krokus,muskari,podsnezhnik	grunt	При загущении посадок — выкопка и рассаживание гнёзд после отмирания листьев (раз в 3-4 года).		авто (сдвиг месяца от средней полосы, не пересмотрено)
yug	iyul	ИЮЛЬ	urozhay	sad	irga	grunt	Сбор ирги — одна из самых ранних садовых ягод.		авто (сдвиг месяца от средней полосы, не пересмотрено)
yug	iyun	ИЮНЬ	urozhay	sad	klubnika	grunt	Сбор клубники (садовой земляники); ремонтантные сорта плодоносят повторно до осени.		авто (сдвиг месяца от средней полосы, не пересмотрено)
yug	iyun	ИЮНЬ	urozhay	ogorod	schavel,shpinat,reven	grunt	Сбор щавеля, шпината, черешков ревеня.		авто (сдвиг месяца от средней полосы, не пересмотрено)
yug	iyun	ИЮНЬ	urozhay	sad	chereshnya	grunt	Сбор черешни.		авто (сдвиг месяца от средней полосы, не пересмотрено)
yug	iyul	ИЮЛЬ	urozhay	sad	abrikos	grunt	Сбор абрикоса.		авто (сдвиг месяца от средней полосы, не пересмотрено)
yug	avgust	АВГУСТ	urozhay	sad	oblepikha,ezhevika	grunt	Сбор облепихи и ежевики.		авто (сдвиг месяца от средней полосы, не пересмотрено)
yug	iyul	ИЮЛЬ	urozhay	ogorod	repa,redka	grunt	Сбор летней репы и редьки.		авто (сдвиг месяца от средней полосы, не пересмотрено)
yug	avgust	АВГУСТ	urozhay	ogorod	fasol	grunt	Сбор стручковой фасоли по мере налива.		авто (сдвиг месяца от средней полосы, не пересмотрено)
yug	avgust	АВГУСТ	urozhay	ogorod	baklazhan,kukuruza	rassada,grunt	Сбор баклажана и сахарной кукурузы по мере созревания.		авто (сдвиг месяца от средней полосы, не пересмотрено)
yug	oktyabr	ОКТЯБРЬ	urozhay	sad	kalina	grunt	Сбор калины (после первых заморозков ягоды становятся слаще).		авто (сдвиг месяца от средней полосы, не пересмотрено)
yug	oktyabr	ОКТЯБРЬ	urozhay	sad	vinograd	grunt	Сбор винограда.		авто (сдвиг месяца от средней полосы, не пересмотрено)
yug	mart	МАРТ	udobrenie	sad	klubnika	grunt	После схода снега, по влажной непромёрзшей почве — весенняя азотная подкормка клубники (на склонах по снегу не вносить).	Аммиачная селитра (15-20 г/м²) или мочевина (12-15 г/м²) по влажной почве сразу после схода снега и уборки старых листьев. С появлением бутонов переходят на фосфорно-калийное удобрение без азота — его избыток в этот период снижает урожай и качество ягод.	авто (сдвиг месяца от средней полосы, не пересмотрено)
yug	iyul	ИЮЛЬ	udobrenie	sad	klubnika	grunt	Подкормка клубники после сбора урожая для закладки будущих цветочных почек.	Комплексное удобрение с преобладанием фосфора и калия («Ягодка», монофосфат калия) — 20-25 г/м² сразу после сбора урожая и удаления старых листьев, помогает заложить цветочные почки урожая будущего года.	авто (сдвиг месяца от средней полосы, не пересмотрено)
yug	fevral	ФЕВРАЛЬ	obrezka	sad	vinograd	grunt	Обрезка винограда до начала сокодвижения (при зимнем укрытии — после снятия).		авто (сдвиг месяца от средней полосы, не пересмотрено)
yug	oktyabr	ОКТЯБРЬ	obrezka	sad	klubnika	grunt	Удаление старых листьев и лишних усов клубники после плодоношения.		авто (сдвиг месяца от средней полосы, не пересмотрено)
yug	iyun	ИЮНЬ	obrezka	dekor	siren	grunt	Удаление отцветших метёлок сирени сразу после цветения (для закладки цветения на будущий год).		авто (сдвиг месяца от средней полосы, не пересмотрено)
yug	iyun	ИЮНЬ	obrezka	ogorod	baklazhan	rassada	Формировка и пасынкование баклажана аналогично томату.		авто (сдвиг месяца от средней полосы, не пересмотрено)
yug	noyabr	НОЯБРЬ	ukrytie	dekor	georgin,gladiolus	grunt	Выкопка клубней георгин и луковиц гладиолусов на зимнее хранение — в грунте средней полосы не зимуют.		авто (сдвиг месяца от средней полосы, не пересмотрено)
yug	iyun	ИЮНЬ	razmnozhenie	sad	klubnika	grunt	Укоренение усов клубники для получения нового посадочного материала.		авто (сдвиг месяца от средней полосы, не пересмотрено)
yug	mart	МАРТ	mulcha	sad	klubnika	grunt	Мульчирование клубники соломой или спанбондом — защита ягод от загнивания и слизней.		авто (сдвиг месяца от средней полосы, не пересмотрено)
yug	noyabr	НОЯБРЬ	mulcha	sad	vinograd	grunt	Мульчирование винограда на зиму.		авто (сдвиг месяца от средней полосы, не пересмотрено)
yug	oktyabr	ОКТЯБРЬ	posev	dekor	el,sosna	grunt	Посадка саженцев ели и сосны — весной до начала роста побегов или с начала сентября (осенняя посадка завершается до устойчивых холодов). Пересаживают с сохранением земляного кома (для ели — диаметром от 60-80 см, от выкопки до посадки не более 2-4 часов). Корневую шейку у сосны заглублять нельзя — строго на уровне земли или на 2-3 см выше, иначе растение подопревает.		авто (сдвиг месяца от средней полосы, не пересмотрено)
yug	noyabr	НОЯБРЬ	obrabotka	dekor	el,sosna	grunt	Профилактическая обработка ели и сосны медьсодержащим фунгицидом от шютте перед зимой.		авто (сдвиг месяца от средней полосы, не пересмотрено)
yug	dekabr	ДЕКАБРЬ	obrezka	dekor	el,sosna	grunt	У молодых елей и сосен — контроль снеговой нагрузки на ветках и стряхивание тяжёлого снега.		авто (сдвиг месяца от средней полосы, не пересмотрено)
yug	sentyabr	СЕНТЯБРЬ	posev	ogorod	redis	grunt	Повторный посев редиса на Юге — с конца августа по сентябрь, по спаду жары (в июне–августе на Юге стрелкуется и грубеет так же, как в разгар лета). Среднеспелые устойчивые к стрелкованию сорта.		авто (сдвиг месяца от средней полосы, не пересмотрено)
yug	may	МАЙ	obrabotka	ogorod	tomat,kartofel,kapusta	grunt	Профилактическая обработка картофеля от колорадского жука (ручной сбор, биопрепараты). Обработка капусты от крестоцветной блошки (зола, табачная пыль). Профилактика фитофторы на томате — опрыскивание медьсодержащим препаратом.	При небольшом числе жуков эффективен ручной сбор вредителя и кладок с нижней стороны листьев. При массовом поражении — инсектициды: Актара (тиаметоксам, системного действия, защита 3-4 недели; работает при +10…+29°C, оптимально +12…+25°C) или Инта-Вир (контактно-кишечный, защита 10-15 дней), строго по инструкции на упаковке и с соблюдением срока ожидания.	авто (сдвиг месяца от средней полосы, не пересмотрено)
yug	may	МАЙ	obrabotka	dekor	hosta,roza	grunt	Обработка роз от тли, пилильщика, чёрной пятнистости. Обработка хосты от слизней (метальдегид, ловушки) — пик активности.	От тли и пилильщика — Инта-Вир или биопрепарат Фитоверм (менее токсичен, можно применять чаще; эффективнее в тепле — от +12°C, лучше при +18°C и выше). От чёрной пятнистости и других грибковых пятнистостей — медьсодержащие препараты (ХОМ — не выше +30°C, 1%-я бордоская жидкость — +5…+25°C) или системные фунгициды на основе манкоцеба по инструкции.	авто (сдвиг месяца от средней полосы, не пересмотрено)
yug	may	МАЙ	obrabotka	dekor	tuya,mozhzhevelnik,samshit	grunt	Обработка от короеда и хвойного клеща инсектоакарицидами при первых признаках усыхания. Профилактика фитофтороза корневой системы на переувлажнённых участках.	От короеда и хвойного клеща — инсектоакарициды на основе бифентрина («Клипер») или «Актеллик» строго по инструкции: эффективны только на самой ранней стадии, запущенное поражение короедом лечению не поддаётся — поражённые ветви/растения удаляют. От фитофтороза корней на переувлажнённых участках — полив «Превикуром» или «Фитоспорином-М» и в первую очередь нормализация дренажа.	авто (сдвиг месяца от средней полосы, не пересмотрено)
yug	may	МАЙ	udobrenie	ogorod	tomat,ogurets,kartofel,kapusta,perets,kabachok	rassada,grunt	Подкормка высаженной рассады томата, перца, капусты через 10-14 дней после посадки (настой коровяка или комплексное удобрение). Подкормка картофеля при окучивании (зола, комплексное удобрение). Подкормка огурца и кабачка органикой при появлении 3-4 листьев.	Настой коровяка (1:10 с водой, настоять сутки) или комплексное удобрение «Кемира Люкс» по инструкции. Картофелю при окучивании — древесная зола (1 стакан на куст) или тот же комплекс. Огурцу и кабачку при 3-4 листьях — настой коровяка (1:10) или настой крапивы.	авто (сдвиг месяца от средней полосы, не пересмотрено)
yug	may	МАЙ	udobrenie	dekor	spireya,gortenziya,veygela,chubushnik,roza	grunt	Подкормка роз после первой обрезки (азотно-калийное удобрение). Подкормка гортензии удобрением для гортензий (влияет на цвет у некоторых видов). Подкормка вейгелы, чубушника, спиреи после начала цветения азотно-фосфорным составом.	Розам — азотно-калийное удобрение, например «Фертика для роз» по норме на упаковке. Гортензии — специализированное удобрение для гидрангий: кислая формула (с сульфатом алюминия) усиливает синий оттенок соцветий у крупнолистной гортензии, нейтральная сохраняет розовый. Вейгеле, чубушнику, спирее — азотно-фосфорный состав по инструкции.	авто (сдвиг месяца от средней полосы, не пересмотрено)
yug	may	МАЙ	udobrenie	dekor	tuya,mozhzhevelnik,samshit	grunt	При слабом росте — некорневая подкормка хелатом железа.	Хелат железа («Феровит» или «Микро-Fe») — 2-3 г на литр воды, опрыскивание по листу в утренние или вечерние часы (не в жару и не под прямым солнцем — риск ожога).	авто (сдвиг месяца от средней полосы, не пересмотрено)
yug	may	МАЙ	obrezka	ogorod	tomat,morkov,svekla,redis	grunt	Пасынкование томата (удаление боковых побегов) начинается после высадки и появления пасынков. Прореживание всходов моркови, свёклы, редиса.		авто (сдвиг месяца от средней полосы, не пересмотрено)
yug	may	МАЙ	obrezka	dekor	hosta,barbaris,spireya,doren,astilba	grunt	Обрезка спиреи весеннецветущей (после отцветания). Удаление отцветших цветоносов у хосты, астильбы после цветения. Первая стрижка живой изгороди из барбариса, кизильника.		авто (сдвиг месяца от средней полосы, не пересмотрено)
yug	may	МАЙ	obrezka	dekor	tuya,mozhzhevelnik,samshit	grunt	Вторая стрижка туи, можжевельника для плотности кроны (после начала роста побегов).		авто (сдвиг месяца от средней полосы, не пересмотрено)
yug	may	МАЙ	posev	ogorod	ogurets,kabachok,tykva	grunt	Посев огурца, кабачка, тыквы в грунт (в начале месяца — под плёночное укрытие для подстраховки от заморозков).		авто (сдвиг месяца от средней полосы, не пересмотрено)
yug	may	МАЙ	posev	ogorod	salat,kinza,rukkola,redis,ukrop	grunt	Посев салата, кинзы, рукколы; повторный посев редиса и укропа для конвейера зелени.		авто (сдвиг месяца от средней полосы, не пересмотрено)
yug	may	МАЙ	poliv	ogorod	tomat,perets,kapusta,ogurets,kabachok,tykva	rassada,grunt	Регулярный умеренный полив высаженной рассады и всходов, особенно в жаркие дни.		авто (сдвиг месяца от средней полосы, не пересмотрено)
yug	may	МАЙ	urozhay	ogorod	redis	grunt	Сбор раннего редиса первого посева.		авто (сдвиг месяца от средней полосы, не пересмотрено)
yug	may	МАЙ	obrabotka	sad	yablonya,grusha,smorodina,kryzhovnik	grunt	Обработка от плодожорки, тли, огнёвки на смородине и крыжовнике; профилактика парши на яблоне и груше в период цветения-после цветения.	От плодожорки, тли и огнёвки на смородине и крыжовнике — «Инта-Вир» или биопрепарат «Фитоверм» (безопаснее для опылителей, обрабатывать до/после цветения, не во время; эффективнее в тепле — от +12°C). От парши на яблоне и груше — «Скор» (оптимум +14…+25°C, ниже +12°C эффект резко падает) или «Хорус» (эффективен и в холод, от +3°C) по инструкции, с соблюдением срока ожидания.	авто (сдвиг месяца от средней полосы, не пересмотрено)
yug	may	МАЙ	udobrenie	sad	smorodina,kryzhovnik,malina	grunt	Подкормка ягодных кустарников комплексным удобрением перед цветением.	Комплексное удобрение («Ягодка», нитроаммофоска или аналог) — 30-40 г/м² под рыхление перед цветением, стимулирует закладку и налив ягод.	авто (сдвиг месяца от средней полосы, не пересмотрено)
yug	may	МАЙ	posev	ogorod	baklazhan	rassada	Высадка рассады баклажана в теплицу или под плёнку после угрозы заморозков.		авто (сдвиг месяца от средней полосы, не пересмотрено)
yug	may	МАЙ	posev	ogorod	kukuruza,fasol	grunt	Посев кукурузы и фасоли в грунт после прогрева почвы и угрозы заморозков.		авто (сдвиг месяца от средней полосы, не пересмотрено)
yug	may	МАЙ	posev	dekor	georgin,gladiolus	grunt	Посадка клубней георгин и луковиц гладиолусов после угрозы заморозков.		авто (сдвиг месяца от средней полосы, не пересмотрено)
yug	may	МАЙ	posev	dekor	nasturciya,kalendula	grunt	Прямой посев настурции и календулы в грунт.		авто (сдвиг месяца от средней полосы, не пересмотрено)
yug	may	МАЙ	posev	dekor	barhatcy,petuniya	rassada	Высадка рассады бархатцев и петунии в грунт после заморозков.		авто (сдвиг месяца от средней полосы, не пересмотрено)
yug	may	МАЙ	udobrenie	sad	golubika	grunt	Подкормка в период роста и завязывания комплексным удобрением без хлора (суперфосфат, сульфат калия) или специализированным удобрением для голубики и вересковых.	Готовое решение — удобрение «Фертика Хвойное для вечнозелёных и голубики» (маркировка «весна-лето»), вносится по норме на упаковке. Обычную органику (навоз, компост, золу) под голубику не вносят — они защелачивают почву и разрушают микоризу на корнях, без которой куст не усваивает питание.	авто (сдвиг месяца от средней полосы, не пересмотрено)
yug	may	МАЙ	obrabotka	sad	vinograd	grunt	Профилактическая обработка винограда от милдью и оидиума.	От милдью — контактный «ХОМ» (не выше +30°C) или системный «Ридомил Голд» (не выше +28°C) до цветения. От оидиума — препараты на основе серы (коллоидная сера, «Тиовит Джет»); оптимально при +20…+28°C, не совмещать с маслосодержащими средствами и не применять в жару выше +30°C — риск ожога листьев.	авто (сдвиг месяца от средней полосы, не пересмотрено)
yug	may	МАЙ	obrabotka	sad	klubnika	grunt	Обработка клубники от слизней и серой гнили (мульча под кустами снижает риск).	От слизней — гранулы на основе метальдегида (например, «Гроза» или «Слизнеед»), рассыпают между рядами, не допуская попадания на ягоды. От серой гнили — опрыскивание биопрепаратом Фитоспорин-М по листу; при сильном поражении до цветения — фунгициды на основе боскалида по инструкции.	авто (сдвиг месяца от средней полосы, не пересмотрено)
yug	may	МАЙ	obrezka	dekor	tyulpan,narciss	grunt	Удаление отцветших цветоносов тюльпанов и нарциссов; листья не срезать до полного отмирания.		авто (сдвиг месяца от средней полосы, не пересмотрено)
yug	may	МАЙ	obrezka	dekor	el,sosna	grunt	Укорачивание молодых побегов («свечек») ели и сосны для загущения кроны — в мае-июне, до их одревеснения. Формирующую стрижку, как у туи и можжевельника, к ели и сосне не применяют — сильную обрезку старой древесины они переносят плохо; допустима только санитарная обрезка сухих/сломанных веток в любое время года, кроме сильных морозов.		авто (сдвиг месяца от средней полосы, не пересмотрено)
yug	may	МАЙ	obrabotka	dekor	el,sosna	grunt	Еловый пилильщик повреждает молодую хвою ели (пик активности — конец мая — начало июня); сосновый пилильщик повреждает сосну (первое поколение окукливается в конце июня — начале июля). Первую обработку инсектицидом проводят в начале отрастания побегов, повторную — через 2 недели.	От обоих видов пилильщика — «Актара» (тиаметоксам, +10…+29°C, оптимально +12…+25°C) или «Фуфанон-Нова» (малатион) по инструкции на упаковке. При небольшом числе личинок эффективен и ручной сбор с нижней стороны хвои.	авто (сдвиг месяца от средней полосы, не пересмотрено)
yug	may	МАЙ	razmnozhenie	dekor	gortenziya	grunt	В конце месяца — зелёное черенкование гортензии метельчатой и древовидной: верхушечные черенки молодых побегов (2-3 узла), отросших после весенней обрезки, срезают, когда на макушке только наметился бутон (сам бутон обрезают). Кусты, обрезанные вовремя (с началом сокодвижения), дают черенки, которые укореняются заметно лучше.	Нижний срез обмакивают в стимулятор корнеобразования (Корневин) и высаживают наклонно (45°) во влажный песок на 2-3 см, не давая листьям касаться друг друга и песка. Череночник накрывают плёнкой или стеклянным колпаком, держат в тени, не допуская перегрева и пересыхания. Укореняемость зелёных летних черенков заметно выше, чем весенних одревесневших (60-65%).	авто (сдвиг месяца от средней полосы, не пересмотрено)
yug	oktyabr	ОКТЯБРЬ	posev	ogorod	chesnok	grunt	Посадка озимого чеснока на юге — с 20 октября до конца ноября (позже, чем в средней полосе: тёплая осень позволяет сажать почти перед самыми морозами).		веб-поиск: сроки посадки томата/перца на юге России (авг. 2026)
yug	mart	МАРТ	posev	sad	klubnika	grunt	На юге возможна ранняя весенняя посадка клубники рассадой — конец марта — начало апреля (в отличие от большинства регионов, где весеннюю посадку проводят позже, в мае).		веб-поиск: сроки посадки томата/перца на юге России (авг. 2026)
yug	may	МАЙ	posev	ogorod	tomat,perets,kapusta	rassada	Высадка рассады в грунт на юге — с начала мая, когда почва прогреется до 14-16°C и заморозков уже не будет; перец в теплицу можно высаживать чуть раньше, с конца апреля.		веб-поиск: сроки посадки томата/перца на юге России (авг. 2026)
yug	oktyabr	ОКТЯБРЬ	posev	sad	persik	grunt	Осенняя посадка саженцев персика (сентябрь-октябрь) — успевает укорениться до холодов. Посадочную яму заправляют перегноем и фосфорно-калийным удобрением, без избытка азота.		веб-поиск: supersadovnik.ru, rastenievod.com, floristics.info, ferma.expert (авг. 2026)
yug	mart	МАРТ	obrezka	sad	persik	grunt	Формирующая обрезка персика в чашевидной форме (вырезают центральный проводник, оставляя 5-6 скелетных ветвей) — между началом сокодвижения и началом цветения.		веб-поиск: supersadovnik.ru, rastenievod.com, floristics.info, ferma.expert (авг. 2026)
yug	mart	МАРТ	obrabotka	sad	persik	grunt	Профилактика курчавости листьев персика — двукратное опрыскивание 1%-м медным купоросом (или 3%-й бордоской жидкостью) с интервалом 7 дней, до начала сокодвижения.	Медьсодержащие препараты (медный купорос, бордоская жидкость) — оптимально +5…+25°C, не выше +30°C (риск ожога). При уже проявившейся курчавости повреждённые побеги вырезают и проводят внеплановую обработку тем же препаратом, если до созревания плодов остаётся не менее 3 недель.	веб-поиск: supersadovnik.ru, rastenievod.com, floristics.info, ferma.expert (авг. 2026)
yug	may	МАЙ	obrabotka	sad	persik	grunt	Персиковая тля образует плотные колонии на штамбе и молодых побегах снизу; пилильщики и долгоносики повреждают завязь — двукратная обработка инсектицидом сразу после образования завязи.		веб-поиск: supersadovnik.ru, rastenievod.com, floristics.info, ferma.expert (авг. 2026)
yug	oktyabr	ОКТЯБРЬ	obrabotka	sad	persik	grunt	Повторная обработка медьсодержащим препаратом (1% медный купорос или 3% бордоская жидкость, оптимально +5…+25°C) в период листопада — если весенняя обработка от курчавости не проводилась или заражение было сильным.		веб-поиск: supersadovnik.ru, rastenievod.com, floristics.info, ferma.expert (авг. 2026)
yug	oktyabr	ОКТЯБРЬ	udobrenie	sad	persik	grunt	Осенняя перекопка приствольного круга с внесением суперфосфата и хлористого кальция; органику (перегной, компост) вносят раз в 2-3 года.		веб-поиск: supersadovnik.ru, rastenievod.com, floristics.info, ferma.expert (авг. 2026)
yug	avgust	АВГУСТ	urozhay	sad	persik	grunt	Сбор урожая персика — в зависимости от сорта с конца июля по сентябрь.		веб-поиск: supersadovnik.ru, rastenievod.com, floristics.info, ferma.expert (авг. 2026)
yug	sentyabr	СЕНТЯБРЬ	posev	sad	vinograd	grunt	Осенняя посадка саженцев винограда — в мягком климате юга приживаются как морозостойкие, так и укрывные сорта.		веб-поиск: 7dach.ru «Надёжные способы укрытия винограда для разных регионов» (авг. 2026)
yug	noyabr	НОЯБРЬ	ukrytie	sad	vinograd	grunt	На юге морозостойкие сорта винограда, как правило, зимуют без укрытия — достаточно уложить лозу на землю. Неморозостойким сортам нужно лёгкое укрытие (1-2 слоя плёнки, рубероида или иного материала с вентиляцией, без герметичной обмотки). Сроки — ноябрь, в тёплые зимы возможно и декабрь.		веб-поиск: 7dach.ru «Надёжные способы укрытия винограда для разных регионов» (авг. 2026)
yug	sentyabr	СЕНТЯБРЬ	obrezka	dekor	roza	grunt	На юге обрезку роз начинают уже в конце сентября — начале октября: здоровые побеги укорачивают на 15-20 см с сохранением формы куста.		веб-поиск: rosebook.ru «Зимовка в южных регионах», ogorod.ru (авг. 2026)
yug	noyabr	НОЯБРЬ	ukrytie	dekor	roza	grunt	Взрослые зимостойкие сорта роз на юге обычно зимуют без укрытия или с лёгким окучиванием (1-2 ведра почвосмеси на куст, холмик высотой ~20 см). Чайно-гибридные и плетистые сорта укрывают после наступления устойчивых лёгких заморозков — обычно в ноябре, в Краснодарском крае и Крыму иногда в декабре.		веб-поиск: rosebook.ru «Зимовка в южных регионах», ogorod.ru (авг. 2026)
yug	sentyabr	СЕНТЯБРЬ	posev	dekor	el,sosna	grunt	На юге ель хуже переносит летнюю жару и сухость воздуха, чем сосна (у сосны глубокая стержневая корневая система лучше достаёт влагу) — при выборе для жаркого сухого участка предпочтение отдают сосне или засухоустойчивым видам туи/можжевельника.		веб-поиск: общие сведения о засухоустойчивости хвойных (авг. 2026)
yug	fevral	ФЕВРАЛЬ	ukrytie	dekor	el,sosna	grunt	Снеговой механизм весенних ожогов (яркое солнце + отражение от снега) на юге малоактуален из-за короткого снежного покрова. Но саженцы первых 2-3 лет всё равно уязвимее взрослых растений в период адаптации — в морозные ясные дни их можно лёгким нетканым материалом притенить с южной стороны, без герметичного укрытия.		веб-поиск: abekker.ru «Солнечные ожоги у хвойных», pitomnik-vo.ru (авг. 2026)
yug	iyun	ИЮНЬ	poliv	dekor	tuya,mozhzhevelnik,samshit	grunt	Летняя жара и сухость на юге вызывают побурение хвои (обезвоживание, «горит» с южной стороны) — регулярный полив (почва умеренно влажная, без застоя, при переувлажнении — рыхление и дренаж) и вечернее дождевание кроны для повышения влажности воздуха и смывания пыли.		веб-поиск: abekker.ru «Солнечные ожоги у хвойных», pitomnik-vo.ru (авг. 2026)
ural-sibir	yanvar	ЯНВАРЬ	obrabotka	ogorod	kartofel,morkov,svekla,luk,chesnok	grunt	Осмотр хранящихся картофеля, моркови, свёклы, лука, чеснока на предмет гнили — выбраковка повреждённых экземпляров. Планирование севооборота для профилактики почвенных вредителей и болезней.		авто (сдвиг месяца от средней полосы, не пересмотрено)
ural-sibir	yanvar	ЯНВАРЬ	obrabotka	dekor	tuya,mozhzhevelnik,samshit	grunt	Осмотр туи, можжевельника, самшита на признаки зимнего подсушивания и грибковых пятен под снегом (снежное шютте).		авто (сдвиг месяца от средней полосы, не пересмотрено)
ural-sibir	fevral	ФЕВРАЛЬ	obrabotka	ogorod	tomat,kapusta,perets	rassada,grunt	Продолжение контроля хранящихся овощей. Подготовка почвы и семян — протравливание семян томата, перца, капусты слабым раствором марганцовки или биофунгицидом перед посевом на рассаду.	1%-й раствор марганцовки (1 г на 100 мл воды) — замочить семена на 20-30 минут, затем промыть чистой водой. Из биопрепаратов — «Фитоспорин-М» по инструкции на упаковке, действует мягче. Семена в цветной оболочке (уже заводская обработка) повторно не протравливают.	авто (сдвиг месяца от средней полосы, не пересмотрено)
ural-sibir	fevral	ФЕВРАЛЬ	obrabotka	dekor	gortenziya,roza	grunt	Осмотр роз, гортензий под укрытием на плесень — при обнаружении приоткрыть укрытие для проветривания.		авто (сдвиг месяца от средней полосы, не пересмотрено)
ural-sibir	aprel	АПРЕЛЬ	obrabotka	ogorod	tomat,kapusta,perets	rassada,grunt	Обработка почвы в теплицах медным купоросом или биофунгицидом после схода снега. Профилактическая обработка рассады томата, перца, капусты от чёрной ножки (раствор фитоспорина).		авто (сдвиг месяца от средней полосы, не пересмотрено)
ural-sibir	aprel	АПРЕЛЬ	obrabotka	dekor	barbaris,spireya,doren,puzyreplodnik,veygela,chubushnik	grunt	Во 2-й декаде апреля — обработка 3%-й бордоской жидкостью (искореняющее опрыскивание) по спящим почкам — барбарис, спирея, пузыреплодник, дёрен, чубужник, вейгела; проводят при устойчивом дневном тепле +5 °C и выше, без ночных заморозков в ближайшие сутки. Обработка почвы под кустами от перезимовавших вредителей (тля, клещи) до распускания почек.	3%-й раствор бордоской жидкости (300 г медного купороса + 400 г извести на 10 л воды) готовят непосредственно перед применением, не хранят. Опрыскивают в сухую безветренную погоду при +4…+10°C строго по спящим почкам — до их распускания, иначе возможны ожоги молодой листвы.	авто (сдвиг месяца от средней полосы, не пересмотрено)
ural-sibir	aprel	АПРЕЛЬ	obrabotka	dekor	tuya,mozhzhevelnik,samshit	grunt	Опрыскивание туи, можжевельника, самшита от грибковых инфекций (шютте) фунгицидом на основе меди.	От шютте на туе, можжевельнике, самшите — ХОМ (хлорокись меди, 40 г на 10 л воды, не выше +30°C) или 1%-я бордоская жидкость (+5…+25°C), опрыскивание по кроне в сухую погоду. Для более длительной защиты (20-28 суток) подойдёт системный фунгицид «Ракурс» (эпоксиконазол + ципроконазол, СК) по инструкции на упаковке — эффективен при температуре от +10°C, действует и профилактически, и лечебно.	авто (сдвиг месяца от средней полосы, не пересмотрено)
ural-sibir	may	МАЙ	obrabotka	ogorod	kartofel,morkov,luk,chesnok	grunt	Искореняющая обработка почвы на грядках от проволочника и медведки (посев горчицы, ловушки). Профилактика фитофторы на картофеле — протравливание клубней перед посадкой. Обработка чеснока и лука от луковой мухи (высадка рядом с морковью, обработка золой).	От проволочника — инсектицид «Землин» (диазинон) при перекопке или приманочные ловушки из кусочков картофеля, закопанные на 5-7 см (проверять и уничтожать содержимое каждые 3-4 дня). От медведки — гранулированные приманки «Медветокс» или «Гризли» в бороздки. Клубни картофеля перед посадкой протравливают «Максимом» или «Престижем» (заодно защищает от фитофторы) строго по инструкции на упаковке.	авто (сдвиг месяца от средней полосы, не пересмотрено)
ural-sibir	may	МАЙ	obrabotka	dekor	barbaris,spireya,puzyreplodnik,gortenziya,roza	grunt	В 1–2-й декаде мая — опрыскивание от тли и клещей на розах, спирее, барбарисе, пузыреплотнике: пиретроидными препаратами при дневных +12 °C и выше (в жару за +25 °C эффективность падает), биопрепаратами — не раньше устойчивых +15 °C. Профилактика мучнистой росы на флоксах и гортензии.	От тли и клещей — Инта-Вир или биопрепарат Фитоверм (менее токсичен, можно применять чаще, действует медленнее; эффективнее в тепле — от +12°C, лучше при +18°C и выше). От мучнистой росы на флоксах и гортензии — медьсодержащие препараты (ХОМ — не выше +30°C, 1%-я бордоская жидкость — +5…+25°C) или системный фунгицид на основе тиофанат-метила по инструкции на упаковке.	авто (сдвиг месяца от средней полосы, не пересмотрено)
ural-sibir	may	МАЙ	obrabotka	dekor	tuya,mozhzhevelnik,samshit,el,sosna	grunt	Обработка от тли-хермеса и паутинного клеща (актуально для ели и сосны) в начале активного роста. Профилактика фузариоза у молодых саженцев хвойных — полив под корень фунгицидом.	От тли-хермеса и паутинного клеща — специализированный инсектицид для хвойных «Пиноцид» (2 мл на 10 л воды, стадия «зелёный конус» — «розовый бутон», от +10°C) или «Актара» (тиаметоксам, системного действия; +10…+29°C, оптимально +12…+25°C); при слабом поражении — биопрепарат «Фитоверм» (эффективнее в тепле — от +12°C, лучше при +18°C и выше). От фузариоза молодых саженцев — полив под корень «Фитоспорином-М» или «Превикуром» по инструкции, повторяют через 2 недели при сохранении симптомов.	авто (сдвиг месяца от средней полосы, не пересмотрено)
ural-sibir	iyun	ИЮНЬ	obrabotka	ogorod	tomat,kartofel,kapusta	grunt	Профилактическая обработка картофеля от колорадского жука (ручной сбор, биопрепараты). Обработка капусты от крестоцветной блошки (зола, табачная пыль). Профилактика фитофторы на томате — опрыскивание медьсодержащим препаратом.	При небольшом числе жуков эффективен ручной сбор вредителя и кладок с нижней стороны листьев. При массовом поражении — инсектициды: Актара (тиаметоксам, системного действия, защита 3-4 недели; работает при +10…+29°C, оптимально +12…+25°C) или Инта-Вир (контактно-кишечный, защита 10-15 дней), строго по инструкции на упаковке и с соблюдением срока ожидания.	авто (сдвиг месяца от средней полосы, не пересмотрено)
ural-sibir	iyun	ИЮНЬ	obrabotka	dekor	hosta,roza	grunt	Обработка роз от тли, пилильщика, чёрной пятнистости. Обработка хосты от слизней (метальдегид, ловушки) — пик активности.	От тли и пилильщика — Инта-Вир или биопрепарат Фитоверм (менее токсичен, можно применять чаще; эффективнее в тепле — от +12°C, лучше при +18°C и выше). От чёрной пятнистости и других грибковых пятнистостей — медьсодержащие препараты (ХОМ — не выше +30°C, 1%-я бордоская жидкость — +5…+25°C) или системные фунгициды на основе манкоцеба по инструкции.	авто (сдвиг месяца от средней полосы, не пересмотрено)
ural-sibir	iyun	ИЮНЬ	obrabotka	dekor	tuya,mozhzhevelnik,samshit	grunt	Обработка от короеда и хвойного клеща инсектоакарицидами при первых признаках усыхания. Профилактика фитофтороза корневой системы на переувлажнённых участках.	От короеда и хвойного клеща — инсектоакарициды на основе бифентрина («Клипер») или «Актеллик» строго по инструкции: эффективны только на самой ранней стадии, запущенное поражение короедом лечению не поддаётся — поражённые ветви/растения удаляют. От фитофтороза корней на переувлажнённых участках — полив «Превикуром» или «Фитоспорином-М» и в первую очередь нормализация дренажа.	авто (сдвиг месяца от средней полосы, не пересмотрено)
ural-sibir	iyun	ИЮНЬ	obrabotka	ogorod	tomat,ogurets,kartofel,kapusta,morkov,svekla,luk,gorokh	grunt	Массовая обработка от колорадского жука (картофель), тли (горох, свёкла), морковной и луковой мухи. Профилактика фитофторы томата и огурца — опрыскивание каждые 10-14 дней в дождливую погоду. Обработка капусты от гусениц белянки и совки (Битоксибациллин, Лепидоцид).	При небольшом числе жуков эффективен ручной сбор вредителя и кладок с нижней стороны листьев. При массовом поражении — инсектициды: Актара (тиаметоксам, системного действия, защита 3-4 недели; работает при +10…+29°C, оптимально +12…+25°C) или Инта-Вир (контактно-кишечный, защита 10-15 дней), строго по инструкции на упаковке и с соблюдением срока ожидания.	авто (сдвиг месяца от средней полосы, не пересмотрено)
ural-sibir	iyun	ИЮНЬ	obrabotka	dekor	hosta,barbaris,spireya,klen,roza,astilba	grunt	Повторная обработка роз от тли и мучнистой росы. Обработка хосты и астильбы от слизней. Профилактика мучнистой росы на клёне, барбарисе, спирее в условиях влажности.	От тли и мучнистой росы на розах — «Топаз» (от росы, от +10°C, оптимум +10…+25°C) и Инта-Вир или Фитоверм (от тли, эффективнее в тепле — от +12°C); обрабатывают в один день, но разными растворами. От слизней на хосте и астильбе — гранулы метальдегида («Гроза», «Слизнеед») вокруг кустов. От мучнистой росы на клёне, барбарисе, спирее — тот же «Топаз» или коллоидная сера (оптимум +20…+28°C, выше +30°C — ожог листьев) по инструкции.	авто (сдвиг месяца от средней полосы, не пересмотрено)
ural-sibir	iyun	ИЮНЬ	obrabotka	dekor	tuya,mozhzhevelnik,samshit	grunt	Контроль пилильщика на сосне и еловой листовёртки — обработка при обнаружении гусениц.	От пилильщика на сосне и еловой листовёртки — «Инта-Вир» или «Актара» (+10…+29°C) при обнаружении гусениц/личинок, обработка по кроне. При небольшом числе вредителей эффективен и ручной сбор.	авто (сдвиг месяца от средней полосы, не пересмотрено)
ural-sibir	iyul	ИЮЛЬ	obrabotka	ogorod	tomat,ogurets,kartofel,kapusta,kabachok	grunt	Обработка томата и картофеля от фитофторы (в пик влажности — каждые 7-10 дней). Обработка капусты от белянки, тли. Профилактика мучнистой росы на огурце и кабачке (сыворотка, фунгициды).	В период плодоношения используйте биопрепараты: Фитоспорин-М (10 г на 10 л воды) или связку Алирин-Б + Гамаир. До завязи при сильном развитии болезни допустимы контактные фунгициды на основе хлорокиси меди (ХОМ, не выше +30°C) — строго с соблюдением срока ожидания до сбора урожая, указанного на упаковке. Интервал между обработками: 7-10 дней в дождливую погоду, до 15 дней в сухую.	авто (сдвиг месяца от средней полосы, не пересмотрено)
ural-sibir	iyul	ИЮЛЬ	obrabotka	dekor	hosta,gortenziya,bereskleet,roza,plyushch	grunt	Обработка роз от чёрной пятнистости и паутинного клеща. Обработка гортензии от тли, хосты от слизней. Контроль щитовки на плюще и бересклете.	От тли и пилильщика — Инта-Вир или биопрепарат Фитоверм (менее токсичен, можно применять чаще; эффективнее в тепле — от +12°C, лучше при +18°C и выше). От чёрной пятнистости и других грибковых пятнистостей — медьсодержащие препараты (ХОМ — не выше +30°C, 1%-я бордоская жидкость — +5…+25°C) или системные фунгициды на основе манкоцеба по инструкции.	авто (сдвиг месяца от средней полосы, не пересмотрено)
ural-sibir	iyul	ИЮЛЬ	obrabotka	dekor	tuya,mozhzhevelnik,samshit	grunt	Обработка от короеда-типографа (профилактически при жаркой сухой погоде — фактор риска). Контроль побурения хвои — при грибковых поражениях повторная обработка фунгицидом.	Специфических инсектицидов для профилактики короеда-типографа нет — риск снижают поддержанием здоровья дерева (полив в засуху, без лишних повреждений коры); при явном заселении (буровая мука) дерево обычно уже не спасти, убирают до вылета следующего поколения жука. От побурения хвои грибкового происхождения — повторная обработка ХОМ (не выше +30°C) или «Абига-Пик» (+5…+25°C) по инструкции.	авто (сдвиг месяца от средней полосы, не пересмотрено)
ural-sibir	avgust	АВГУСТ	obrabotka	ogorod	tomat,kartofel,kapusta,morkov,svekla	grunt	Последняя обработка томата и картофеля от фитофторы (за 20 дней до сбора). Обработка капусты поздних сортов от гусениц. Профилактика корневых гнилей моркови и свёклы при избыточном поливе.	Последняя обработка от фитофторы — ХОМ (не выше +30°C) или «Абига-Пик» (+5…+25°C, медьсодержащие, срок ожидания до сбора — 20 дней). От гусениц на капусте поздних сортов — биопрепарат «Лепидоцид» или «Битоксибациллин» (оба малоэффективны ниже +13°C, оптимум +18…+30°C; короткий срок ожидания). От корневых гнилей моркови и свёклы — в первую очередь сократить полив, при необходимости пролить «Фитоспорином-М».	авто (сдвиг месяца от средней полосы, не пересмотрено)
ural-sibir	avgust	АВГУСТ	obrabotka	dekor	roza	grunt	Снижение частоты обработок роз, последнее опрыскивание от чёрной пятнистости. Контроль вредителей на хвойных перед подготовкой к зиме.	От тли и пилильщика — Инта-Вир или биопрепарат Фитоверм (менее токсичен, можно применять чаще; эффективнее в тепле — от +12°C, лучше при +18°C и выше). От чёрной пятнистости и других грибковых пятнистостей — медьсодержащие препараты (ХОМ — не выше +30°C, 1%-я бордоская жидкость — +5…+25°C) или системные фунгициды на основе манкоцеба по инструкции.	авто (сдвиг месяца от средней полосы, не пересмотрено)
ural-sibir	avgust	АВГУСТ	obrabotka	dekor	tuya,mozhzhevelnik,samshit	grunt	Осмотр на признаки короеда (буровая мука, смоляные воронки) — при обнаружении удаление и обработка соседних растений.	При первых признаках заселения (буровая мука, смоляные воронки) поражённые ветви вырезают до здоровой древесины и сжигают, срезы обрабатывают садовым варом. Соседние здоровые растения профилактически опрыскивают инсектицидом на основе бифентрина («Клипер») — химобработка уже заселённого дерева малоэффективна.	авто (сдвиг месяца от средней полосы, не пересмотрено)
ural-sibir	avgust	АВГУСТ	obrabotka	ogorod	tomat,kartofel	grunt	После уборки урожая — удаление и уничтожение растительных остатков (ботва томата, картофеля) — профилактика зимовки фитофторы и вредителей. Обработка почвы биофунгицидом.	Обработка почвы после уборки ботвы — биофунгицид «Фитоспорин-М» или «Триходермин» по пролитой поверхности, снижает запас спор фитофторы и других патогенов к следующему сезону. Саму ботву томата и картофеля не компостируют, а сжигают или выносят с участка.	авто (сдвиг месяца от средней полосы, не пересмотрено)
ural-sibir	oktyabr	ОКТЯБРЬ	obrabotka	dekor	roza,smorodina,kryzhovnik,barbaris,spireya	grunt	После полного листопада (обычно в конце октября — начале ноября) — искореняющая обработка роз, плодовых и декоративных кустарников (барбарис, спирея) медьсодержащим препаратом по голым ветвям и опавшим листьям. Профилактика зимующих стадий вредителей и грибных инфекций.	Искореняющая обработка — 3%-я бордоская жидкость (300 г медного купороса + 400 г извести на 10 л воды) или ХОМ (40 г на 10 л) по голым ветвям и опавшим листьям, в сухую безветренную погоду при +3…+5 °C. До полного листопада не проводят — медь обжигает ещё зелёные и окрашивающиеся листья и ослабляет растение перед зимой.	агропроверка: искореняющая обработка — только после полного листопада (kp.ru, aif.ru)
ural-sibir	sentyabr	СЕНТЯБРЬ	obrabotka	ogorod		grunt	Уборка и уничтожение растительных остатков с грядок, перекопка почвы с оборотом пласта (уничтожение зимующих личинок вредителей).	Обработка почвы после уборки ботвы — биофунгицид «Фитоспорин-М» или «Триходермин» по пролитой поверхности, снижает запас спор фитофторы и других патогенов к следующему сезону. Саму ботву томата и картофеля не компостируют, а сжигают или выносят с участка.	авто (сдвиг месяца от средней полосы, не пересмотрено)
ural-sibir	sentyabr	СЕНТЯБРЬ	obrabotka	dekor	gortenziya,klen,roza	grunt	Сбор и уничтожение опавших листьев роз, гортензии, клёна (источник грибковых спор). Искореняющая обработка приствольных кругов кустарников бордоской жидкостью.		авто (сдвиг месяца от средней полосы, не пересмотрено)
ural-sibir	sentyabr	СЕНТЯБРЬ	obrabotka	dekor	tuya,mozhzhevelnik,samshit	grunt	Осенняя профилактическая обработка хвойных (туя, можжевельник, самшит) медьсодержащим фунгицидом от шютте и грибных пятнистостей — при устойчивом дневном ниже +12 °C и до перехода днём ниже +5 °C.	ХОМ (40 г на 10 л воды, не выше +30°C) или «Абига-Пик» (+5…+25°C) по кроне в сухую погоду — снижает риск грибковых пятнистостей и шютте под зимним укрытием, когда вентиляция ограничена.	авто (сдвиг месяца от средней полосы, не пересмотрено)
ural-sibir	oktyabr	ОКТЯБРЬ	obrabotka	ogorod		grunt	Завершение осенней перекопки, обработка теплиц (окуривание серной шашкой или дезинфекция) от зимующих вредителей и патогенов.	Серную шашку («ФАС», расчёт по паспорту теплицы — обычно 1 шашка на 5 м²) применяют строго при плюсовой температуре в полностью герметичной теплице, без металлических некрашеных конструкций (сера вызывает коррозию) и без растений внутри. После обработки теплицу проветривают не менее суток.	авто (сдвиг месяца от средней полосы, не пересмотрено)
ural-sibir	oktyabr	ОКТЯБРЬ	obrabotka	dekor	gortenziya,roza	grunt	Профилактическая обработка роз и молодых гортензий фунгицидом перед укрытием на зиму. Осмотр вечнозелёных на вредителей перед укрытием.		авто (сдвиг месяца от средней полосы, не пересмотрено)
ural-sibir	oktyabr	ОКТЯБРЬ	obrabotka	dekor	tuya,mozhzhevelnik,samshit	grunt	Обработка от снежного шютте медьсодержащим препаратом до устойчивых морозов.	ХОМ (40 г на 10 л воды, не выше +30°C) или «Абига-Пик» (+5…+25°C) по кроне хвойных — последняя обработка сезона, проводится по сухой хвое незадолго до устойчивых морозов.	supersadovnik.ru, dacha6.ru — влагозарядковый полив хвойных перед зимой (2026-09)
ural-sibir	dekabr	ДЕКАБРЬ	obrabotka	ogorod	kartofel,morkov,svekla,luk,chesnok	grunt	Контроль хранящегося урожая (картофель, морковь, свёкла, лук, чеснок) на гнили и вредителей (проволочник, плодожорка в хранилище).		авто (сдвиг месяца от средней полосы, не пересмотрено)
ural-sibir	dekabr	ДЕКАБРЬ	obrabotka	dekor	gortenziya,roza	grunt	Периодический осмотр укрытых роз и гортензий на выпревание и плесень.		авто (сдвиг месяца от средней полосы, не пересмотрено)
ural-sibir	fevral	ФЕВРАЛЬ	udobrenie	ogorod	tomat,perets	rassada,grunt	Подкормка рассады томата, перца после появления 2-го настоящего листа комплексным удобрением (NPK) в слабой концентрации.	«Кристалон» или «Фертика Люкс» (NPK ~16:16:16 или аналог) в половинной от указанной на упаковке концентрации — молодые корни в этом возрасте легко обжечь избытком солей. Поливают под корень по уже влажной почве (не сразу после пересушки), примерно раз в 10-14 дней до высадки в грунт.	авто (сдвиг месяца от средней полосы, не пересмотрено)
ural-sibir	aprel	АПРЕЛЬ	udobrenie	ogorod	tomat,ogurets,kapusta,perets	rassada,grunt	Подкормка рассады томата, перца, капусты комплексным удобрением каждые 10-14 дней. Внесение перегноя/компоста в теплицы под будущую посадку огурца.	«Кемира Люкс» или «Фертика Универсал» (NPK ~16:16:16) — по инструкции на упаковке, обычно 1-2 ст. ложки на 10 л воды, полив под корень раз в 10-14 дней. Для самых молодых сеянцев (до 3 недель) концентрацию снижают вдвое.	авто (сдвиг месяца от средней полосы, не пересмотрено)
ural-sibir	aprel	АПРЕЛЬ	udobrenie	dekor	barbaris,spireya,doren,puzyreplodnik,gortenziya,veygela,chubushnik,roza	grunt	Подкормка азотным удобрением (мочевина, аммиачная селитра) сразу после снятия зимних укрытий, по спящим почкам — роза, спирея, барбарис, пузыреплодник, дёрен, вейгела, чубушник, гортензия — для стимуляции роста побегов.	Мочевина (карбамид, 15-20 г/м²) или аммиачная селитра (20-25 г/м²) — рассыпают по влажной почве вокруг куста сразу после снятия укрытия, слегка заделывают. Гранулы не должны попадать на кору у корневой шейки — риск ожога.	авто (сдвиг месяца от средней полосы, не пересмотрено)
ural-sibir	aprel	АПРЕЛЬ	udobrenie	dekor	tuya,mozhzhevelnik,el,sosna	grunt	Подкормка специализированным удобрением для хвойных (с магнием) при плюсовых температурах — туя, можжевельник, ель, сосна.	Например, «Фертика Хвойное» (NPK 10:7:14 + Mg + S) — гранулы рассыпают по проекции кроны из расчёта 60 г/м² и слегка заделывают в почву или мульчу. Повышенное содержание магния и серы поддерживает насыщенный цвет хвои. Вносится в апреле-мае и, при необходимости, повторно в сентябре калийной формой без азота. Летние подкормки не проводят (избыток азота летом снижает морозостойкость и провоцирует грибковые заболевания), органику (навоз, свежий компост) не вносят — закисление и ожог корней.	авто (сдвиг месяца от средней полосы, не пересмотрено)
ural-sibir	may	МАЙ	udobrenie	ogorod	kartofel,kapusta,morkov,svekla,luk,chesnok	grunt	Внесение перегноя/компоста и комплексного минерального удобрения при перекопке грядок под картофель, капусту, свёклу, морковь, лук, чеснок. Подкормка чеснока и лука азотом (аммиачная селитра) после отрастания перьев.	Перегной или компост — 3-4 кг/м², комплексное минеральное удобрение (нитроаммофоска) — 30-40 г/м² под перекопку. Аммиачную селитру под чеснок и лук (15-20 г/м²) вносят по влажной почве, не допуская попадания гранул на перья — может вызвать ожог.	авто (сдвиг месяца от средней полосы, не пересмотрено)
ural-sibir	may	МАЙ	udobrenie	dekor	hosta,tuya,samshit,klen,paporotnik,astilba,brunnera,geyhera	grunt	Подкормка комплексным удобрением с преобладанием азота — хоста, папоротник, астильба, бруннера, гейхера, клён. Первая подкормка самшита и туи после схода снега.	Комплексное удобрение с преобладанием азота, например «Азофоска» (NPK 16:16:16), — 20-30 г/м² по норме на упаковке. Самшит и тую после схода снега подкармливают тем же комплексным удобрением или специализированным «Фертика Хвойное», рассыпая по поверхности почвы и слегка заделывая — не допуская контакта гранул с корой у корневой шейки.	авто (сдвиг месяца от средней полосы, не пересмотрено)
ural-sibir	may	МАЙ	udobrenie	dekor	tuya,mozhzhevelnik,samshit	grunt	Продолжение весенней подкормки удобрением для хвойных (медленнодействующее гранулированное, апрель-май — по данным производителей специализированных хвойных удобрений это основное окно, повторно можно подкормить калийной формой в сентябре).	Например, «Фертика Хвойное» (NPK 10:7:14 + Mg + S) — гранулы рассыпают по проекции кроны из расчёта 60 г/м² и слегка заделывают в почву или мульчу. Повышенное содержание магния и серы поддерживает насыщенный цвет хвои. Вносится в апреле-мае и, при необходимости, повторно в сентябре калийной формой без азота.	авто (сдвиг месяца от средней полосы, не пересмотрено)
ural-sibir	iyun	ИЮНЬ	udobrenie	ogorod	tomat,ogurets,kartofel,kapusta,perets,kabachok	rassada,grunt	Подкормка высаженной рассады томата, перца, капусты через 10-14 дней после посадки (настой коровяка или комплексное удобрение). Подкормка картофеля при окучивании (зола, комплексное удобрение). Подкормка огурца и кабачка органикой при появлении 3-4 листьев.	Настой коровяка (1:10 с водой, настоять сутки) или комплексное удобрение «Кемира Люкс» по инструкции. Картофелю при окучивании — древесная зола (1 стакан на куст) или тот же комплекс. Огурцу и кабачку при 3-4 листьях — настой коровяка (1:10) или настой крапивы.	авто (сдвиг месяца от средней полосы, не пересмотрено)
ural-sibir	iyun	ИЮНЬ	udobrenie	dekor	spireya,gortenziya,veygela,chubushnik,roza	grunt	Подкормка роз после первой обрезки (азотно-калийное удобрение). Подкормка гортензии удобрением для гортензий (влияет на цвет у некоторых видов). Подкормка вейгелы, чубушника, спиреи после начала цветения азотно-фосфорным составом.	Розам — азотно-калийное удобрение, например «Фертика для роз» по норме на упаковке. Гортензии — специализированное удобрение для гидрангий: кислая формула (с сульфатом алюминия) усиливает синий оттенок соцветий у крупнолистной гортензии, нейтральная сохраняет розовый. Вейгеле, чубушнику, спирее — азотно-фосфорный состав по инструкции.	авто (сдвиг месяца от средней полосы, не пересмотрено)
ural-sibir	iyun	ИЮНЬ	udobrenie	dekor	tuya,mozhzhevelnik,samshit	grunt	При слабом росте — некорневая подкормка хелатом железа.	Хелат железа («Феровит» или «Микро-Fe») — 2-3 г на литр воды, опрыскивание по листу в утренние или вечерние часы (не в жару и не под прямым солнцем — риск ожога).	авто (сдвиг месяца от средней полосы, не пересмотрено)
ural-sibir	iyun	ИЮНЬ	udobrenie	ogorod	tomat,kapusta,morkov,svekla	grunt	Подкормка томата фосфорно-калийным удобрением в период цветения и завязи плодов. Подкормка капусты, свёклы, моркови комплексным удобрением.	Томату в период цветения и завязи — сульфат калия (15-20 г на 10 л воды) или монофосфат калия. Капусте, свёкле, моркови — комплексное удобрение («Кемира» или нитроаммофоска, 25-30 г/м²) под рыхление.	авто (сдвиг месяца от средней полосы, не пересмотрено)
ural-sibir	iyun	ИЮНЬ	udobrenie	dekor	hosta,klen,bereskleet,roza,astilba	grunt	Подкормка роз фосфорно-калийным удобрением для обильного цветения. Подкормка хосты, астильбы органикой или комплексным удобрением. Внекорневая подкормка клёна и бересклета при бледности листвы.	Розам — фосфорно-калийное удобрение («Фертика для роз», без азота). Хосте, астильбе — настой коровяка (1:10) или комплексное гранулированное удобрение. Клёну и бересклету при бледности листвы — внекорневая подкормка хелатом железа (2-3 г/л) по листу.	авто (сдвиг месяца от средней полосы, не пересмотрено)
ural-sibir	iyul	ИЮЛЬ	udobrenie	ogorod	tomat,kartofel,kapusta,perets	grunt	Подкормка томата и перца калийным удобрением (сульфат калия) для налива плодов. Подкормка капусты поздних сортов. Прекращение азотных подкормок картофеля (для формирования клубней).	Сульфат калия — 20-25 г на 10 л воды, полив под корень для налива плодов томата и перца. Капусте поздних сортов — тот же состав или монофосфат калия. Азотные подкормки картофеля с этого момента прекращают полностью — избыток азота идёт в ботву в ущерб клубням.	авто (сдвиг месяца от средней полосы, не пересмотрено)
ural-sibir	iyul	ИЮЛЬ	udobrenie	dekor	gortenziya,roza	grunt	Повторная подкормка роз фосфорно-калийным удобрением после первой волны цветения. Подкормка гортензии продолжается.	Повторная подкормка роз — «Фертика для роз» или монофосфат калия (15-20 г на 10 л воды) после первой волны цветения, стимулирует повторное цветение. Гортензии — та же специализированная формула, что и в мае.	авто (сдвиг месяца от средней полосы, не пересмотрено)
ural-sibir	avgust	АВГУСТ	udobrenie	ogorod	tomat,kapusta,morkov,svekla	grunt	Последняя подкормка томата калийным удобрением. Прекращение всех азотных подкормок овощных культур (кроме поздней капусты). Подкормка свёклы и моркови калием для лучшей лёжкости.	Последняя подкормка томата — сульфат калия (20 г на 10 л воды) без азота. Свёкле и моркови для лучшей лёжкости — тот же сульфат калия или монофосфат калия. Азотные подкормки всех культур (кроме поздней капусты, которой ещё предстоит нарастить кочан) прекращают полностью.	авто (сдвиг месяца от средней полосы, не пересмотрено)
ural-sibir	avgust	АВГУСТ	udobrenie	dekor	roza	grunt	Фосфорно-калийная подкормка роз для вызревания побегов (последняя за сезон).	Фосфорно-калийное удобрение без азота, например «Фертика Осень» или монофосфат калия (15-20 г на 10 л воды) — последняя подкормка сезона, помогает побегам вызреть и лучше перенести зиму.	авто (сдвиг месяца от средней полосы, не пересмотрено)
ural-sibir	avgust	АВГУСТ	udobrenie	ogorod		grunt	Внесение органики (компост) под перекопку освободившихся грядок.		авто (сдвиг месяца от средней полосы, не пересмотрено)
ural-sibir	avgust	АВГУСТ	udobrenie	dekor	barbaris,spireya,puzyreplodnik,gortenziya,veygela,chubushnik,roza	grunt	Осенняя подкормка фосфорно-калийным удобрением (без азота) для повышения зимостойкости — роза, спирея, барбарис, пузыреплодник, гортензия, вейгела, чубушник.	Фосфорно-калийное удобрение без азота — «Фертика Осень» или монофосфат калия (15-20 г на 10 л воды), полив под корень. Азот в этот период исключают полностью — он стимулирует рост новых побегов, которые не успеют вызреть до морозов.	авто (сдвиг месяца от средней полосы, не пересмотрено)
ural-sibir	avgust	АВГУСТ	udobrenie	dekor	tuya,mozhzhevelnik,samshit	grunt	Осенняя подкормка калийным удобрением (без азота) для повышения морозостойкости туи, можжевельника, ели — по необходимости.	Калийное удобрение без азота — сульфат калия (15-20 г/м²) или специализированное «Фертика Хвойное осеннее», рассыпают по проекции кроны. Повышает морозостойкость хвои и корневой системы.	авто (сдвиг месяца от средней полосы, не пересмотрено)
ural-sibir	sentyabr	СЕНТЯБРЬ	udobrenie	ogorod		grunt	Внесение перегноя/компоста и фосфорно-калийного удобрения под осеннюю перекопку для культур будущего сезона.	Перегной или компост — 3-4 кг/м², фосфорно-калийное удобрение (суперфосфат + сульфат калия, по 20-30 г/м² каждого) под осеннюю перекопку — фосфор и калий медленно доступны растениям и как раз успевают перейти в усвояемую форму к весне.	авто (сдвиг месяца от средней полосы, не пересмотрено)
ural-sibir	yanvar	ЯНВАРЬ	obrezka	dekor	roza,tuya,mozhzhevelnik,samshit,plyushch	grunt	Санитарная обрезка сухих и повреждённых ветвей у роз при оттепелях (если укрытие позволяет); контроль снеговой нагрузки, стряхивание тяжёлого мокрого снега с ветвей туи и можжевельника; при оттепелях — отряхивание снега с ветвей самшита и плюща, чтобы избежать разломов и выпревания; удаление уже сломанных снегом веток у декоративных и хвойных при необходимости.		авто (сдвиг месяца от средней полосы, не пересмотрено)
ural-sibir	aprel	АПРЕЛЬ	obrezka	dekor	barbaris,spireya,doren,puzyreplodnik,gortenziya,bereskleet,lapchatka,veygela,roza	grunt	Во 2-й половине апреля, после схода снега, до распускания почек — санитарная и формирующая обрезка спиреи летнецветущей (весеннецветущие виды обрезают после цветения), барбариса, пузыреплодника, дёрена, бересклета, вейгелы, лапчатки. Обрезка розы (удаление подмёрзших побегов, формировка куста) после снятия укрытия. Обрезка гортензии метельчатой и древовидной (укорачивание побегов прошлого года) — гортензия крупнолистная не обрезается весной (цветёт на старой древесине).	Срезанные при обрезке гортензии ветки можно использовать для размножения — но только прошлогодние (однолетние) побеги, старая многолетняя древесина не укореняется. Два способа: 1) поставить ветки в воду в тёплом помещении на светлый подоконник на срок до 5 суток (ежедневно опрыскивать, раз в несколько дней менять воду и обновлять срез) — почки трогаются в рост, после чего ветки нарезают на черенки с 3-5 почками для укоренения; 2) сразу нарезать срезанные ветки на одревесневшие черенки и укоренять в рыхлой влажной почве — приживаемость ниже, чем у летних зелёных черенков (около 60-65% против более высокой у зелёных).	авто (сдвиг месяца от средней полосы, не пересмотрено)
ural-sibir	aprel	АПРЕЛЬ	obrezka	dekor	tuya,mozhzhevelnik,samshit	grunt	Формирующая стрижка туи и можжевельника до начала сокодвижения, санитарная обрезка сухих веток самшита.		авто (сдвиг месяца от средней полосы, не пересмотрено)
ural-sibir	may	МАЙ	obrezka	dekor	samshit,klen,chubushnik	grunt	"Обрезка чубушника (санитарная, после цветения — основная). Формирующая стрижка самшита в начале роста. Обрезка клёна (декоративные формы) — только санитарная, весенняя обрезка ограничена из-за сильного сокотечения (""плача"")."		авто (сдвиг месяца от средней полосы, не пересмотрено)
ural-sibir	may	МАЙ	obrezka	dekor	tuya,mozhzhevelnik	grunt	Формирующая стрижка туи, можжевельника продолжается до начала активного роста побегов.		авто (сдвиг месяца от средней полосы, не пересмотрено)
ural-sibir	iyun	ИЮНЬ	obrezka	ogorod	tomat,morkov,svekla,redis	grunt	Пасынкование томата (удаление боковых побегов) начинается после высадки и появления пасынков. Прореживание всходов моркови, свёклы, редиса.		авто (сдвиг месяца от средней полосы, не пересмотрено)
ural-sibir	iyun	ИЮНЬ	obrezka	dekor	hosta,barbaris,spireya,doren,astilba	grunt	Обрезка спиреи весеннецветущей (после отцветания). Удаление отцветших цветоносов у хосты, астильбы после цветения. Первая стрижка живой изгороди из барбариса, кизильника.		авто (сдвиг месяца от средней полосы, не пересмотрено)
ural-sibir	iyun	ИЮНЬ	obrezka	dekor	tuya,mozhzhevelnik,samshit	grunt	Вторая стрижка туи, можжевельника для плотности кроны (после начала роста побегов).		авто (сдвиг месяца от средней полосы, не пересмотрено)
ural-sibir	iyun	ИЮНЬ	obrezka	ogorod	tomat,ogurets,chesnok,kabachok,tykva	grunt	Регулярное пасынкование и подвязка томата (каждые 7-10 дней). Прищипка верхушки огурца и кабачка для боковых побегов. Формировка тыквы (прищипка плети после завязи 2-3 плодов). Удаление стрелок чеснока.		авто (сдвиг месяца от средней полосы, не пересмотрено)
ural-sibir	iyun	ИЮНЬ	obrezka	dekor	samshit,barbaris,puzyreplodnik,veygela,chubushnik,roza	grunt	Обрезка вейгелы, чубушника после окончания цветения. Стрижка живых изгородей (барбарис, самшит, пузыреплодник) каждые 3-4 недели. Удаление отцветших соцветий розы (для повторного цветения).		авто (сдвиг месяца от средней полосы, не пересмотрено)
ural-sibir	iyun	ИЮНЬ	obrezka	dekor	tuya,mozhzhevelnik,samshit	grunt	Формирующая стрижка туи, можжевельника, самшита в топиарной форме — плановая летняя стрижка.		авто (сдвиг месяца от средней полосы, не пересмотрено)
ural-sibir	iyul	ИЮЛЬ	obrezka	ogorod	tomat,kabachok,tykva	grunt	Продолжение пасынкования томата, прищипка верхушки в конце июля (для вызревания плодов). Прищипка тыквы и кабачка. Обрезка нижних листьев томата для проветривания и профилактики фитофторы.		авто (сдвиг месяца от средней полосы, не пересмотрено)
ural-sibir	iyul	ИЮЛЬ	obrezka	dekor	spireya	grunt	Повторная стрижка живых изгородей. Обрезка отцветшей спиреи летнецветущей.		авто (сдвиг месяца от средней полосы, не пересмотрено)
ural-sibir	iyul	ИЮЛЬ	obrezka	dekor	tuya,mozhzhevelnik,samshit	grunt	Последняя летняя стрижка туи, можжевельника (до середины июля, чтобы побеги успели вызреть до морозов).		авто (сдвиг месяца от средней полосы, не пересмотрено)
ural-sibir	avgust	АВГУСТ	obrezka	ogorod	tomat,bazilik	grunt	Прищипка верхушек томата (если не сделано в июле) и базилика (для кустистости и предотвращения раннего цветения).		авто (сдвиг месяца от средней полосы, не пересмотрено)
ural-sibir	avgust	АВГУСТ	obrezka	dekor	roza	grunt	Лёгкая корректирующая стрижка живых изгородей (последняя за сезон, до конца августа). Удаление отцветших соцветий роз.		авто (сдвиг месяца от средней полосы, не пересмотрено)
ural-sibir	avgust	АВГУСТ	obrezka	ogorod		grunt	Удаление ботвы после уборки урожая.		авто (сдвиг месяца от средней полосы, не пересмотрено)
ural-sibir	avgust	АВГУСТ	obrezka	dekor	barbaris,spireya,roza	grunt	Санитарная обрезка повреждённых и больных побегов (не формирующая) — роза, спирея, барбарис.		авто (сдвиг месяца от средней полосы, не пересмотрено)
ural-sibir	sentyabr	СЕНТЯБРЬ	obrezka	dekor	hosta,plyushch,paporotnik,astilba,brunnera,geyhera	grunt	Санитарная обрезка многолетников — обрезка отмерших листьев хосты, астильбы, бруннеры, гейхеры по мере естественного отмирания и полегания листвы в конце вегетации. Обрезка папоротника (удаление отмерших вай). Обрезка плюща для зимовки (укорачивание длинных плетей).		авто (сдвиг месяца от средней полосы, не пересмотрено)
ural-sibir	sentyabr	СЕНТЯБРЬ	obrezka	dekor	tuya,mozhzhevelnik,samshit	grunt	Санитарная обрезка сухих/повреждённых ветвей туи, можжевельника перед зимой (без формирующей стрижки).		авто (сдвиг месяца от средней полосы, не пересмотрено)
ural-sibir	oktyabr	ОКТЯБРЬ	obrezka	dekor	gortenziya,roza	grunt	Обрезка роз перед укрытием (укорачивание побегов до 40-50 см, удаление невызревших частей). Санитарная обрезка гортензии (только сухие соцветия, без укорачивания живых побегов); удаление явно сухих веток у прочих декоративных и хвойных при необходимости.		авто (сдвиг месяца от средней полосы, не пересмотрено)
ural-sibir	dekabr	ДЕКАБРЬ	obrezka	dekor	tuya,mozhzhevelnik,samshit	grunt	Визуальный контроль состояния хвои под снегом; снятие снеговой нагрузки — стряхивание снега с ветвей туи, можжевельника (предотвращает поломку веток).		авто (сдвиг месяца от средней полосы, не пересмотрено)
ural-sibir	fevral	ФЕВРАЛЬ	posev	ogorod	tomat,perets,baklazhan	rassada	Посев семян томата, перца и баклажана на рассаду (перец и баклажан — в первую очередь, у них дольше срок до всходов).		авто (сдвиг месяца от средней полосы, не пересмотрено)
ural-sibir	aprel	АПРЕЛЬ	posev	ogorod	tomat,kapusta,bazilik	rassada	Посев на рассаду томата (если не посеян в феврале), капусты и базилика.		авто (сдвиг месяца от средней полосы, не пересмотрено)
ural-sibir	may	МАЙ	posev	ogorod	morkov,svekla,redis,gorokh,ukrop,petrushka,luk,chesnok	grunt	Посев в открытый грунт холодостойких культур при прогреве почвы: морковь, свёкла, редис, горох, укроп, петрушка; посадка лука-севка и ярового чеснока.		авто (сдвиг месяца от средней полосы, не пересмотрено)
ural-sibir	may	МАЙ	posev	sad	yablonya,grusha,sliva,vishnya,smorodina,kryzhovnik,malina,zhimolost,oblepikha,ezhevika,irga,kalina,abrikos,chereshnya	grunt	Весенняя посадка саженцев плодовых деревьев и ягодных кустарников — в 3-й декаде апреля – начале мая, до распускания почек (не затягивать: почва быстро прогревается).		авто (сдвиг месяца от средней полосы, не пересмотрено)
ural-sibir	may	МАЙ	posev	dekor	liliya	grunt	Весенняя посадка луковиц лилий (если не высажены осенью).	Глубина посадки — 3 высоты луковицы (для азиатских и ЛА-гибридов обычно 10-15 см, для трубчатых и ОТ-гибридов чуть глубже). На дно лунки — горсть песка для дренажа: лилии не переносят застоя влаги у донца. Подсохшие луковицы перед посадкой замачивают на 30 минут в растворе фунгицида «Максим».	авто (сдвиг месяца от средней полосы, не пересмотрено)
ural-sibir	iyun	ИЮНЬ	posev	ogorod	tomat,perets,kapusta	rassada	В конце месяца, после угрозы возвратных заморозков — высадка рассады томата, перца, капусты в грунт или теплицу.		авто (сдвиг месяца от средней полосы, не пересмотрено)
ural-sibir	iyun	ИЮНЬ	posev	ogorod	ogurets,kabachok,tykva	grunt	Посев огурца, кабачка, тыквы в грунт (в начале месяца — под плёночное укрытие для подстраховки от заморозков).		авто (сдвиг месяца от средней полосы, не пересмотрено)
ural-sibir	iyun	ИЮНЬ	posev	ogorod	salat,kinza,rukkola,redis,ukrop	grunt	Посев салата, кинзы, рукколы; повторный посев редиса и укропа для конвейера зелени.		авто (сдвиг месяца от средней полосы, не пересмотрено)
ural-sibir	iyun	ИЮНЬ	posev	ogorod	salat,rukkola,ukrop	grunt	Повторные посевы салата, рукколы и укропа каждые 2-3 недели для непрерывного сбора. Редис в июне сеять не стоит — от длинного дня и жары он стрелкуется, не образуя корнеплод; следующий срок посева — конец июля.		авто (сдвиг месяца от средней полосы, не пересмотрено)
ural-sibir	avgust	АВГУСТ	posev	ogorod	morkov,svekla,redis,ukrop,petrushka	grunt	Начало подзимнего посева моркови, свёклы, редиса, укропа, петрушки — в конце месяца, не раньше устойчивого перехода среднесуточной ниже +5 °C, по остывшей, но не промёрзшей почве. В тёплую осень посев откладывают — семена не должны тронуться в рост до зимы.		авто (сдвиг месяца от средней полосы, не пересмотрено)
ural-sibir	avgust	АВГУСТ	posev	ogorod	chesnok	grunt	Посадка озимого чеснока (конец сентября — начало октября, за 3-5 недель до устойчивых холодов).		авто (сдвиг месяца от средней полосы, не пересмотрено)
ural-sibir	avgust	АВГУСТ	posev	sad	yablonya,grusha,sliva,vishnya,smorodina,kryzhovnik,malina,oblepikha,ezhevika,irga,kalina	grunt	Осенняя посадка саженцев плодовых и ягодных культур (за 3-4 недели до устойчивых заморозков).		авто (сдвиг месяца от средней полосы, не пересмотрено)
ural-sibir	avgust	АВГУСТ	posev	dekor	liliya	grunt	Основной срок посадки луковиц лилий (сентябрь — начало октября).	Глубина посадки — 3 высоты луковицы (для азиатских и ЛА-гибридов обычно 10-15 см, для трубчатых и ОТ-гибридов чуть глубже). На дно лунки — горсть песка для дренажа: лилии не переносят застоя влаги у донца. Подсохшие луковицы перед посадкой замачивают на 30 минут в растворе фунгицида «Максим».	авто (сдвиг месяца от средней полосы, не пересмотрено)
ural-sibir	sentyabr	СЕНТЯБРЬ	posev	ogorod	morkov,svekla,redis,ukrop,petrushka,chesnok,luk	grunt	Продолжение подзимнего посева моркови, свёклы, редиса, зелени; посадка озимого чеснока и лука-севка под зиму, если не сделано в сентябре.		авто (сдвиг месяца от средней полосы, не пересмотрено)
ural-sibir	oktyabr	ОКТЯБРЬ	posev	ogorod	morkov,svekla,ukrop,petrushka	grunt	Завершающий подзимний посев по уже подмёрзшей почве (в оттепель не сеют — семена могут прорасти раньше срока и погибнуть).		авто (сдвиг месяца от средней полосы, не пересмотрено)
ural-sibir	iyun	ИЮНЬ	poliv	ogorod	tomat,perets,kapusta,ogurets,kabachok,tykva	rassada,grunt	Регулярный умеренный полив высаженной рассады и всходов, особенно в жаркие дни.		авто (сдвиг месяца от средней полосы, не пересмотрено)
ural-sibir	iyun	ИЮНЬ	poliv	ogorod	tomat,ogurets,kapusta,kabachok	grunt	Обильный полив в жару под корень, без попадания на листья — профилактика фитофторы и мучнистой росы. Частота — каждые 2-3 дня в засуху.		авто (сдвиг месяца от средней полосы, не пересмотрено)
ural-sibir	iyun	ИЮНЬ	poliv	sad	smorodina,kryzhovnik,malina,zhimolost,yablonya,grusha,sliva,vishnya,klubnika,vinograd,oblepikha,ezhevika,abrikos,chereshnya	grunt	Полив плодовых и ягодных в засуху, особенно важен в период налива плодов.		авто (сдвиг месяца от средней полосы, не пересмотрено)
ural-sibir	iyul	ИЮЛЬ	poliv	ogorod	tomat,ogurets,kapusta,kabachok,morkov,svekla	grunt	Продолжение регулярного полива в жару; для корнеплодов — равномерный, без резких перепадов (иначе растрескивание).		авто (сдвиг месяца от средней полосы, не пересмотрено)
ural-sibir	iyul	ИЮЛЬ	poliv	dekor	gortenziya,hosta,astilba	grunt	Усиленный полив влаголюбивых декоративных — гортензия, хоста, астильба страдают от засухи быстрее других.		авто (сдвиг месяца от средней полосы, не пересмотрено)
ural-sibir	sentyabr	СЕНТЯБРЬ	poliv	sad	yablonya,grusha,sliva,vishnya,smorodina,kryzhovnik,malina,oblepikha,ezhevika,irga,kalina,abrikos,chereshnya	grunt	Влагозарядковый полив плодовых и ягодных перед зимой при отсутствии осенних дождей.		авто (сдвиг месяца от средней полосы, не пересмотрено)
ural-sibir	oktyabr	ОКТЯБРЬ	poliv	dekor	roza,gortenziya,tuya,mozhzhevelnik,samshit	grunt	Влагозарядковый полив декоративных кустарников и вечнозелёных культур перед укрытием на зиму, при отсутствии осенних дождей.		supersadovnik.ru, dacha6.ru — влагозарядковый полив хвойных перед зимой (2026-09)
ural-sibir	may	МАЙ	mulcha	ogorod	tomat,perets,kapusta,ogurets,kabachok,tykva	grunt,rassada	Мульчирование грядок после посадки/посева — сохранение влаги и подавление сорняков.		авто (сдвиг месяца от средней полосы, не пересмотрено)
ural-sibir	may	МАЙ	mulcha	sad	smorodina,kryzhovnik,malina,yablonya,grusha,sliva,vishnya,klubnika,oblepikha,ezhevika,irga,kalina,abrikos,chereshnya	grunt	Мульчирование приствольных кругов и посадок ягодных кустарников после весенней подкормки.	Мульча слоем 5-7 см — перегной, компост или измельчённая кора, приствольный круг/ряд после подкормки и полива. Удерживает влагу, подавляет сорняки и постепенно перегнивает, дополнительно питая растение.	авто (сдвиг месяца от средней полосы, не пересмотрено)
ural-sibir	sentyabr	СЕНТЯБРЬ	mulcha	sad	smorodina,kryzhovnik,malina,yablonya,grusha,sliva,vishnya,klubnika,oblepikha,ezhevika,irga,kalina,abrikos,chereshnya	grunt	Мульчирование приствольных кругов на зиму (утепление корневой системы) торфом или компостом.		авто (сдвиг месяца от средней полосы, не пересмотрено)
ural-sibir	sentyabr	СЕНТЯБРЬ	mulcha	dekor	pion,floks,hosta,astilba,brunnera,geyhera	grunt	Мульчирование многолетников на зиму после осенней обрезки.		авто (сдвиг месяца от средней полосы, не пересмотрено)
ural-sibir	sentyabr	СЕНТЯБРЬ	mulcha	dekor	tuya,mozhzhevelnik,samshit	grunt	Мульчирование приствольных кругов хвойных торфом или компостом.		авто (сдвиг месяца от средней полосы, не пересмотрено)
ural-sibir	sentyabr	СЕНТЯБРЬ	ukrytie	sad	yablonya,grusha,sliva,vishnya,abrikos,chereshnya	grunt	Обвязка стволов молодых плодовых деревьев от грызунов и морозобоин, побелка штамбов.		авто (сдвиг месяца от средней полосы, не пересмотрено)
ural-sibir	sentyabr	СЕНТЯБРЬ	ukrytie	sad	malina	grunt	Пригибание побегов малины к земле для укрытия снегом.		авто (сдвиг месяца от средней полосы, не пересмотрено)
ural-sibir	oktyabr	ОКТЯБРЬ	ukrytie	dekor	pion	grunt	Лёгкое укрытие пионов лапником при бесснежных морозах (в средней полосе обычно достаточно мульчи).		авто (сдвиг месяца от средней полосы, не пересмотрено)
ural-sibir	oktyabr	ОКТЯБРЬ	ukrytie	dekor	roza,gortenziya	grunt	Укрытие роз и гортензий на зиму.		авто (сдвиг месяца от средней полосы, не пересмотрено)
ural-sibir	aprel	АПРЕЛЬ	ukrytie	dekor	roza,gortenziya	grunt	Снятие зимних укрытий с роз и гортензии — постепенно, по частям, в несколько приёмов.		авто (сдвиг месяца от средней полосы, не пересмотрено)
ural-sibir	aprel	АПРЕЛЬ	ukrytie	dekor	tuya,mozhzhevelnik,samshit	grunt	Снятие зимних укрытий с хвойных постепенно, в пасмурную погоду — резкое солнце после снятия укрытия обжигает хвою.	Снимайте укрытие не одномоментно: сначала приоткройте в пасмурный день, затем через несколько дней снимите полностью — резкий переход на яркое солнце обжигает хвою.	авто (сдвиг месяца от средней полосы, не пересмотрено)
ural-sibir	iyun	ИЮНЬ	urozhay	ogorod	redis	grunt	Сбор раннего редиса первого посева.		авто (сдвиг месяца от средней полосы, не пересмотрено)
ural-sibir	iyun	ИЮНЬ	urozhay	sad	zhimolost	grunt	Сбор жимолости — самой ранней ягоды сезона.		авто (сдвиг месяца от средней полосы, не пересмотрено)
ural-sibir	iyun	ИЮНЬ	urozhay	ogorod	redis,salat	grunt	Сбор редиса и салата повторных посевов.		авто (сдвиг месяца от средней полосы, не пересмотрено)
ural-sibir	iyul	ИЮЛЬ	urozhay	sad	smorodina,kryzhovnik,vishnya	grunt	Сбор смородины, крыжовника, вишни.		авто (сдвиг месяца от средней полосы, не пересмотрено)
ural-sibir	iyul	ИЮЛЬ	urozhay	ogorod	gorokh,chesnok	grunt	Сбор гороха; уборка озимого чеснока (по полеганию пера).		авто (сдвиг месяца от средней полосы, не пересмотрено)
ural-sibir	avgust	АВГУСТ	urozhay	ogorod	ogurets,kabachok,luk	grunt	Конвейерный сбор огурца и кабачка; уборка ярового лука и чеснока на просушку.		авто (сдвиг месяца от средней полосы, не пересмотрено)
ural-sibir	avgust	АВГУСТ	urozhay	sad	malina,sliva	grunt	Сбор малины (ремонтантные сорта плодоносят до заморозков); сбор сливы.		авто (сдвиг месяца от средней полосы, не пересмотрено)
ural-sibir	avgust	АВГУСТ	urozhay	ogorod	kartofel,tomat,perets	grunt,rassada	Уборка картофеля; сбор томата и перца по мере созревания.		авто (сдвиг месяца от средней полосы, не пересмотрено)
ural-sibir	avgust	АВГУСТ	urozhay	sad	yablonya,grusha	grunt	Сбор летних сортов яблони и груши.		авто (сдвиг месяца от средней полосы, не пересмотрено)
ural-sibir	avgust	АВГУСТ	urozhay	ogorod	kapusta	rassada	Начало уборки ранних сортов капусты.		авто (сдвиг месяца от средней полосы, не пересмотрено)
ural-sibir	sentyabr	СЕНТЯБРЬ	urozhay	ogorod	tykva,morkov,svekla,kapusta	grunt,rassada	Сбор тыквы, моркови, свёклы; уборка капусты среднепоздних сортов сразу, поздних (позднеспелых) — для длительного хранения.		авто (сдвиг месяца от средней полосы, не пересмотрено)
ural-sibir	sentyabr	СЕНТЯБРЬ	urozhay	sad	yablonya,grusha	grunt	Сбор осенних сортов яблони и груши.		авто (сдвиг месяца от средней полосы, не пересмотрено)
ural-sibir	may	МАЙ	razmnozhenie	sad	malina	grunt	Размножение малины корневыми отпрысками.		авто (сдвиг месяца от средней полосы, не пересмотрено)
ural-sibir	iyun	ИЮНЬ	razmnozhenie	sad	smorodina,kryzhovnik	grunt	Размножение смородины и крыжовника зелёными черенками.		авто (сдвиг месяца от средней полосы, не пересмотрено)
ural-sibir	iyun	ИЮНЬ	razmnozhenie	dekor	spireya,veygela,chubushnik	grunt	Зелёное черенкование после цветения.		авто (сдвиг месяца от средней полосы, не пересмотрено)
ural-sibir	avgust	АВГУСТ	razmnozhenie	dekor	hosta,astilba,brunnera,geyhera,pion,iris,lavanda	grunt	Деление куста при пересадке (включая ирис и лаванду) — оптимальный срок для приживания до морозов.		авто (сдвиг месяца от средней полосы, не пересмотрено)
ural-sibir	sentyabr	СЕНТЯБРЬ	razmnozhenie	sad	smorodina,kryzhovnik	grunt	Размножение одревесневшими черенками.		авто (сдвиг месяца от средней полосы, не пересмотрено)
ural-sibir	may	МАЙ	obrabotka	sad	yablonya,grusha,sliva,vishnya,malina,oblepikha,ezhevika,irga,kalina,abrikos,chereshnya	grunt	В 1-й декаде мая, до распускания почек — искореняющее опрыскивание семечковых и косточковых 3%-й бордоской жидкостью или мочевиной 5–7 % (профилактика парши, тли, клеща).	3%-я бордоская жидкость (+5…+25°C, 300 г медного купороса + 400 г извести на 10 л воды) или препарат «Хорус» (эффективен при более низких температурах, от +3°C). Опрыскивают строго по спящим почкам в сухую безветренную погоду — после распускания почек та же обработка обжигает молодую листву.	авто (сдвиг месяца от средней полосы, не пересмотрено)
ural-sibir	iyun	ИЮНЬ	obrabotka	sad	yablonya,grusha,smorodina,kryzhovnik	grunt	Обработка от плодожорки, тли, огнёвки на смородине и крыжовнике; профилактика парши на яблоне и груше в период цветения-после цветения.	От плодожорки, тли и огнёвки на смородине и крыжовнике — «Инта-Вир» или биопрепарат «Фитоверм» (безопаснее для опылителей, обрабатывать до/после цветения, не во время; эффективнее в тепле — от +12°C). От парши на яблоне и груше — «Скор» (оптимум +14…+25°C, ниже +12°C эффект резко падает) или «Хорус» (эффективен и в холод, от +3°C) по инструкции, с соблюдением срока ожидания.	авто (сдвиг месяца от средней полосы, не пересмотрено)
ural-sibir	iyun	ИЮНЬ	obrabotka	ogorod	ogurets,kabachok,tykva	grunt	Профилактика мучнистой росы на огурце, кабачке, тыкве в условиях повышенной влажности.		авто (сдвиг месяца от средней полосы, не пересмотрено)
ural-sibir	iyul	ИЮЛЬ	obrabotka	sad	yablonya,malina	grunt	Контроль плодожорки на яблоне; обработка малины от малинного жука по необходимости.	От плодожорки на яблоне — феромонные ловушки для мониторинга лёта + при необходимости «Инта-Вир» с соблюдением срока ожидания до сбора. От малинного жука — ручной сбор личинок из ягод или обработка «Фитовермом» (эффективнее в тепле — от +12°C) сразу после сбора урожая.	авто (сдвиг месяца от средней полосы, не пересмотрено)
ural-sibir	aprel	АПРЕЛЬ	udobrenie	sad	yablonya,grusha,sliva,vishnya,smorodina,kryzhovnik,malina,zhimolost,klubnika,oblepikha,ezhevika,irga,kalina,abrikos,chereshnya	grunt	Ранневесенняя азотная подкормка плодовых и ягодных — после схода снега, по влажной непромёрзшей почве. На склонах и при толстом снеге по снегу не вносить (азот теряется с талой водой) — вносить по тонкому тающему слою или по оттаявшей почве.	Мочевина (20-25 г/м²) или аммиачная селитра (25-30 г/м²) — рассыпают по остаточному снегу или влажной почве сразу после его схода, талая вода помогает удобрению впитаться к началу роста корней.	авто (сдвиг месяца от средней полосы, не пересмотрено)
ural-sibir	iyun	ИЮНЬ	udobrenie	sad	smorodina,kryzhovnik,malina	grunt	Подкормка ягодных кустарников комплексным удобрением перед цветением.	Комплексное удобрение («Ягодка», нитроаммофоска или аналог) — 30-40 г/м² под рыхление перед цветением, стимулирует закладку и налив ягод.	авто (сдвиг месяца от средней полосы, не пересмотрено)
ural-sibir	avgust	АВГУСТ	udobrenie	sad	yablonya,grusha,sliva,vishnya,abrikos,chereshnya	grunt	Фосфорно-калийная подкормка плодовых деревьев для вызревания древесины и закладки урожая будущего года.	Монофосфат калия или сульфат калия (20-25 г/м² по проекции кроны) без азота — способствует вызреванию древесины и закладке цветочных почек урожая будущего года.	авто (сдвиг месяца от средней полосы, не пересмотрено)
ural-sibir	may	МАЙ	obrezka	sad	yablonya,grusha,sliva,vishnya,abrikos,chereshnya	grunt	Санитарная и формирующая обрезка плодовых деревьев до начала сокодвижения.		авто (сдвиг месяца от средней полосы, не пересмотрено)
ural-sibir	may	МАЙ	obrezka	sad	smorodina,kryzhovnik,oblepikha,irga,kalina	grunt	Санитарная обрезка смородины и крыжовника — удаление старых (более 5-7 лет) и повреждённых веток.		авто (сдвиг месяца от средней полосы, не пересмотрено)
ural-sibir	iyul	ИЮЛЬ	obrezka	sad	malina	grunt	Вырезка отплодоносивших побегов малины после сбора урожая.		авто (сдвиг месяца от средней полосы, не пересмотрено)
ural-sibir	aprel	АПРЕЛЬ	obrabotka	sad	smorodina,kryzhovnik	grunt	Ранневесенняя обработка смородины и крыжовника до распускания почек (конец марта — начало апреля, смородина распускается одной из первых в саду) — против почкового клеща, антракноза и мучнистой росы.	Классический способ — полив кустов кипятком (80-85°C) из лейки с распылителем, строго до распускания почек (после появления листьев кипятком обрабатывать нельзя): уничтожает почкового клеща, зимующие стадии тли и споры антракноза. Альтернатива/дополнение — опрыскивание 2-3%-м раствором железного купороса (200-300 г на 10 л воды) или минерально-масляным препаратом («Препарат 30 Плюс», ~2 л готового раствора на взрослый куст; нужна стабильная погода не ниже +4°C днём и ночью, лучше от +7…+8°C — при возврате заморозков обработку лучше отложить): масляная плёнка перекрывает дыхательные поры клеща и его яиц. Любой из вариантов — одна обработка за сезон, до распускания почек.	авто (сдвиг месяца от средней полосы, не пересмотрено)
ural-sibir	fevral	ФЕВРАЛЬ	ukrytie	dekor	tuya,mozhzhevelnik,samshit,el,sosna	grunt	Притенение хвойных и вечнозелёных от весенних солнечных ожогов. Наиболее уязвимы туя, можжевельник, самшит, кипарисовик, а также ель и сосна первых 2–3 лет после посадки (взрослые ель и сосна в притенении обычно не нуждаются). Экран ставят с южной и юго-западной стороны в конце января – феврале, до роста числа ясных дней в марте, пока лежит снег: строительная затеняющая сетка (лучше проветривается, не преет), светлый спанбонд низкой плотности или мешковина. Снимают во 2-й половине апреля в пасмурную погоду, когда оттает почва.	Приоритетный вариант — строительная затеняющая сетка (60% затенения — универсальный вариант для большинства случаев, для самых солнечных мест до 70-75%): в отличие от спанбонда, она заметно лучше проветривается и не задерживает влагу, что снижает риск выпревания хвои. Спанбонд как альтернатива — только низкой плотности (60-80 г/м²), оборачивать неполностью, оставляя низ кроны открытым для циркуляции воздуха. Плёнку и другие непроницаемые материалы использовать нельзя. Экран крепят с южной/юго-западной стороны, не оборачивая крону герметично.	авто (сдвиг месяца от средней полосы, не пересмотрено)
ural-sibir	may	МАЙ	ukrytie	dekor	tuya,mozhzhevelnik,samshit	grunt	Постепенное снятие притеняющего укрытия — лучше в пасмурную погоду, когда почва оттает на штык лопаты и корни смогут подавать воду (обычно середина-конец апреля); резкое раскрытие в солнечный день само может вызвать ожог.	Снимайте укрытие не одномоментно: сначала приоткройте в пасмурный день, дайте кроне привыкнуть к свету несколько дней, затем снимите полностью. Если стоит ясная погода — дополнительно проливайте не только корень, но и крону из лейки, чтобы снизить нагрузку от испарения. При уже проявившихся ожогах (побурение хвои) для восстановления подойдёт сухой «Тоник для хвойных» Bona Forte (15 г) — растворить в 1 л воды, опрыскивать крону до полного смачивания раз в 7-10 дней, не под прямыми солнечными лучами.	авто (сдвиг месяца от средней полосы, не пересмотрено)
ural-sibir	may	МАЙ	posev	ogorod	schavel,shpinat,repa,redka	grunt	Посев в грунт щавеля, шпината, репы, редьки — холодостойкие культуры, можно сеять рано.		авто (сдвиг месяца от средней полосы, не пересмотрено)
ural-sibir	may	МАЙ	posev	ogorod	reven	grunt	Посадка ревеня делением корневища (многолетник, на одном месте растёт 5-7 лет и дольше).		авто (сдвиг месяца от средней полосы, не пересмотрено)
ural-sibir	iyun	ИЮНЬ	posev	ogorod	baklazhan	rassada	Высадка рассады баклажана в теплицу или под плёнку после угрозы заморозков.		авто (сдвиг месяца от средней полосы, не пересмотрено)
ural-sibir	iyun	ИЮНЬ	posev	ogorod	kukuruza,fasol	grunt	Посев кукурузы и фасоли в грунт после прогрева почвы и угрозы заморозков.		авто (сдвиг месяца от средней полосы, не пересмотрено)
ural-sibir	avgust	АВГУСТ	posev	sad	klubnika	grunt	Посадка усов клубники (садовой земляники) — лучший срок для укоренения до зимы.		авто (сдвиг месяца от средней полосы, не пересмотрено)
ural-sibir	may	МАЙ	posev	sad	vinograd	grunt	Весенняя посадка саженцев винограда.		авто (сдвиг месяца от средней полосы, не пересмотрено)
ural-sibir	avgust	АВГУСТ	posev	dekor	tyulpan,narciss	grunt	Посадка луковиц тюльпанов и нарциссов (сентябрь — оптимальный срок для укоренения до морозов).		авто (сдвиг месяца от средней полосы, не пересмотрено)
ural-sibir	iyun	ИЮНЬ	posev	dekor	georgin,gladiolus	grunt	Посадка клубней георгин и луковиц гладиолусов после угрозы заморозков.		авто (сдвиг месяца от средней полосы, не пересмотрено)
ural-sibir	fevral	ФЕВРАЛЬ	posev	dekor	barhatcy,petuniya	rassada	Посев бархатцев и петунии на рассаду.		авто (сдвиг месяца от средней полосы, не пересмотрено)
ural-sibir	iyun	ИЮНЬ	posev	dekor	nasturciya,kalendula	grunt	Прямой посев настурции и календулы в грунт.		авто (сдвиг месяца от средней полосы, не пересмотрено)
ural-sibir	iyun	ИЮНЬ	posev	dekor	barhatcy,petuniya	rassada	Высадка рассады бархатцев и петунии в грунт после заморозков.		авто (сдвиг месяца от средней полосы, не пересмотрено)
ural-sibir	may	МАЙ	posev	dekor	siren,lavanda,iris,delfinium	grunt	Весенняя посадка сирени, лаванды, ириса, дельфиниума.		авто (сдвиг месяца от средней полосы, не пересмотрено)
ural-sibir	avgust	АВГУСТ	posev	dekor	siren,iris	grunt	Осенняя посадка и деление сирени и ириса (альтернатива весенней посадке).		авто (сдвиг месяца от средней полосы, не пересмотрено)
ural-sibir	may	МАЙ	posev	sad	golubika	grunt	Весенняя посадка саженцев голубики в заранее подготовленную кислую почву (pH 3,5-4,5) — верховой торф с добавлением хвойного опада или коры.		авто (сдвиг месяца от средней полосы, не пересмотрено)
ural-sibir	aprel	АПРЕЛЬ	udobrenie	sad	golubika	grunt	Ранневесенняя подкормка сульфатом аммония — единственная форма азота, которую голубика усваивает на кислой почве; обычную органику (навоз, золу) вносить нельзя — защелачивают почву.	Сульфат аммония — 20-30 г/м² по норме на упаковке, рассыпают по поверхности приствольного круга. Обычные азотные удобрения (мочевина, аммиачная селитра) голубике не подходят — подщелачивают почву и постепенно убивают микоризу.	авто (сдвиг месяца от средней полосы, не пересмотрено)
ural-sibir	iyun	ИЮНЬ	udobrenie	sad	golubika	grunt	Подкормка в период роста и завязывания комплексным удобрением без хлора (суперфосфат, сульфат калия) или специализированным удобрением для голубики и вересковых.	Готовое решение — удобрение «Фертика Хвойное для вечнозелёных и голубики» (маркировка «весна-лето»), вносится по норме на упаковке. Обычную органику (навоз, компост, золу) под голубику не вносят — они защелачивают почву и разрушают микоризу на корнях, без которой куст не усваивает питание.	авто (сдвиг месяца от средней полосы, не пересмотрено)
ural-sibir	avgust	АВГУСТ	udobrenie	sad	golubika	grunt	Калийно-магниевая подкормка голубики после сбора урожая.	Калийно-магниевое удобрение («Калимагнезия», 15-20 г/м²) — рассыпают по кислой мульче (хвойный опад, верховой торф) после сбора урожая, восполняет вынос питания и укрепляет побеги перед зимой.	авто (сдвиг месяца от средней полосы, не пересмотрено)
ural-sibir	may	МАЙ	obrabotka	sad	golubika	grunt	Подкисление почвы гранулированной серой (100-300 г на куст в год) или поливом слабым раствором лимонной кислоты — без поддержания кислотности голубика не усваивает питание.		авто (сдвиг месяца от средней полосы, не пересмотрено)
ural-sibir	iyun	ИЮНЬ	poliv	sad	golubika	grunt	Регулярный полив мягкой или слегка подкисленной водой, особенно в первые 1-1,5 месяца после посадки и в период налива ягод.		авто (сдвиг месяца от средней полосы, не пересмотрено)
ural-sibir	iyul	ИЮЛЬ	urozhay	sad	golubika	grunt	Сбор голубики (созревает позже жимолости и смородины — обычно июль-август).		авто (сдвиг месяца от средней полосы, не пересмотрено)
ural-sibir	sentyabr	СЕНТЯБРЬ	mulcha	sad	golubika	grunt	Мульчирование голубики хвойным опадом, корой или верховым торфом — сохраняет кислотность почвы и защищает корни зимой.		авто (сдвиг месяца от средней полосы, не пересмотрено)
ural-sibir	aprel	АПРЕЛЬ	obrezka	sad	golubika	grunt	Во 2-й половине апреля, после схода снега, до распускания почек — формирующая обрезка голубики (у кустов старше 4-5 лет — удаление старых малопродуктивных ветвей).		авто (сдвиг месяца от средней полосы, не пересмотрено)
ural-sibir	avgust	АВГУСТ	posev	dekor	krokus,muskari	grunt	Посадка луковиц крокусов и мускари (конец августа — сентябрь), глубина — 2-3 высоты луковицы в зависимости от плотности почвы.	Глубина посадки — 2-3 высоты луковицы (в плотную глинистую почву чуть мельче, в рыхлую песчаную — чуть глубже). Для профилактики гнилей луковицы перед посадкой можно на 30 минут замочить в растворе фунгицида «Максим» согласно инструкции на упаковке.	авто (сдвиг месяца от средней полосы, не пересмотрено)
ural-sibir	avgust	АВГУСТ	posev	dekor	podsnezhnik	grunt	Посадка луковиц подснежника (галантуса) — с конца августа по октябрь, за 3-4 недели до промерзания почвы.	Глубина посадки — 2-3 высоты луковицы (в плотную глинистую почву чуть мельче, в рыхлую песчаную — чуть глубже). Для профилактики гнилей луковицы перед посадкой можно на 30 минут замочить в растворе фунгицида «Максим» согласно инструкции на упаковке.	авто (сдвиг месяца от средней полосы, не пересмотрено)
ural-sibir	may	МАЙ	obrezka	dekor	krokus,muskari,podsnezhnik	grunt	Удаление отцветших цветоносов; листья не срезать до полного пожелтения — в них накапливаются питательные вещества для луковицы на будущий год.		авто (сдвиг месяца от средней полосы, не пересмотрено)
ural-sibir	iyun	ИЮНЬ	razmnozhenie	dekor	krokus,muskari,podsnezhnik	grunt	При загущении посадок — выкопка и рассаживание гнёзд после отмирания листьев (раз в 3-4 года).		авто (сдвиг месяца от средней полосы, не пересмотрено)
ural-sibir	iyul	ИЮЛЬ	urozhay	sad	irga	grunt	Сбор ирги — одна из самых ранних садовых ягод.		авто (сдвиг месяца от средней полосы, не пересмотрено)
ural-sibir	iyun	ИЮНЬ	urozhay	sad	klubnika	grunt	Сбор клубники (садовой земляники); ремонтантные сорта плодоносят повторно до осени.		авто (сдвиг месяца от средней полосы, не пересмотрено)
ural-sibir	iyun	ИЮНЬ	urozhay	ogorod	schavel,shpinat,reven	grunt	Сбор щавеля, шпината, черешков ревеня.		авто (сдвиг месяца от средней полосы, не пересмотрено)
ural-sibir	iyun	ИЮНЬ	urozhay	sad	chereshnya	grunt	Сбор черешни.		авто (сдвиг месяца от средней полосы, не пересмотрено)
ural-sibir	iyul	ИЮЛЬ	urozhay	sad	abrikos	grunt	Сбор абрикоса.		авто (сдвиг месяца от средней полосы, не пересмотрено)
ural-sibir	avgust	АВГУСТ	urozhay	sad	oblepikha,ezhevika	grunt	Сбор облепихи и ежевики.		авто (сдвиг месяца от средней полосы, не пересмотрено)
ural-sibir	iyul	ИЮЛЬ	urozhay	ogorod	repa,redka	grunt	Сбор летней репы и редьки.		авто (сдвиг месяца от средней полосы, не пересмотрено)
ural-sibir	avgust	АВГУСТ	urozhay	ogorod	fasol	grunt	Сбор стручковой фасоли по мере налива.		авто (сдвиг месяца от средней полосы, не пересмотрено)
ural-sibir	avgust	АВГУСТ	urozhay	ogorod	baklazhan,kukuruza	rassada,grunt	Сбор баклажана и сахарной кукурузы по мере созревания.		авто (сдвиг месяца от средней полосы, не пересмотрено)
ural-sibir	avgust	АВГУСТ	urozhay	sad	kalina	grunt	Сбор калины (после первых заморозков ягоды становятся слаще).		авто (сдвиг месяца от средней полосы, не пересмотрено)
ural-sibir	avgust	АВГУСТ	urozhay	sad	vinograd	grunt	Сбор винограда.		авто (сдвиг месяца от средней полосы, не пересмотрено)
ural-sibir	iyun	ИЮНЬ	obrabotka	sad	vinograd	grunt	Профилактическая обработка винограда от милдью и оидиума.	От милдью — контактный «ХОМ» (не выше +30°C) или системный «Ридомил Голд» (не выше +28°C) до цветения. От оидиума — препараты на основе серы (коллоидная сера, «Тиовит Джет»); оптимально при +20…+28°C, не совмещать с маслосодержащими средствами и не применять в жару выше +30°C — риск ожога листьев.	авто (сдвиг месяца от средней полосы, не пересмотрено)
ural-sibir	iyun	ИЮНЬ	obrabotka	sad	klubnika	grunt	Обработка клубники от слизней и серой гнили (мульча под кустами снижает риск).	От слизней — гранулы на основе метальдегида (например, «Гроза» или «Слизнеед»), рассыпают между рядами, не допуская попадания на ягоды. От серой гнили — опрыскивание биопрепаратом Фитоспорин-М по листу; при сильном поражении до цветения — фунгициды на основе боскалида по инструкции.	авто (сдвиг месяца от средней полосы, не пересмотрено)
ural-sibir	may	МАЙ	udobrenie	sad	klubnika	grunt	После схода снега, по влажной непромёрзшей почве — весенняя азотная подкормка клубники (на склонах по снегу не вносить).	Аммиачная селитра (15-20 г/м²) или мочевина (12-15 г/м²) по влажной почве сразу после схода снега и уборки старых листьев. С появлением бутонов переходят на фосфорно-калийное удобрение без азота — его избыток в этот период снижает урожай и качество ягод.	авто (сдвиг месяца от средней полосы, не пересмотрено)
ural-sibir	iyul	ИЮЛЬ	udobrenie	sad	klubnika	grunt	Подкормка клубники после сбора урожая для закладки будущих цветочных почек.	Комплексное удобрение с преобладанием фосфора и калия («Ягодка», монофосфат калия) — 20-25 г/м² сразу после сбора урожая и удаления старых листьев, помогает заложить цветочные почки урожая будущего года.	авто (сдвиг месяца от средней полосы, не пересмотрено)
ural-sibir	aprel	АПРЕЛЬ	obrezka	sad	vinograd	grunt	Обрезка винограда до начала сокодвижения (при зимнем укрытии — после снятия).		авто (сдвиг месяца от средней полосы, не пересмотрено)
ural-sibir	avgust	АВГУСТ	obrezka	sad	klubnika	grunt	Удаление старых листьев и лишних усов клубники после плодоношения.		авто (сдвиг месяца от средней полосы, не пересмотрено)
ural-sibir	iyun	ИЮНЬ	obrezka	dekor	siren	grunt	Удаление отцветших метёлок сирени сразу после цветения (для закладки цветения на будущий год).		авто (сдвиг месяца от средней полосы, не пересмотрено)
ural-sibir	iyun	ИЮНЬ	obrezka	dekor	tyulpan,narciss	grunt	Удаление отцветших цветоносов тюльпанов и нарциссов; листья не срезать до полного отмирания.		авто (сдвиг месяца от средней полосы, не пересмотрено)
ural-sibir	iyun	ИЮНЬ	obrezka	ogorod	baklazhan	rassada	Формировка и пасынкование баклажана аналогично томату.		авто (сдвиг месяца от средней полосы, не пересмотрено)
ural-sibir	sentyabr	СЕНТЯБРЬ	ukrytie	dekor	georgin,gladiolus	grunt	Выкопка клубней георгин и луковиц гладиолусов на зимнее хранение — в грунте средней полосы не зимуют.		авто (сдвиг месяца от средней полосы, не пересмотрено)
ural-sibir	iyun	ИЮНЬ	razmnozhenie	sad	klubnika	grunt	Укоренение усов клубники для получения нового посадочного материала.		авто (сдвиг месяца от средней полосы, не пересмотрено)
ural-sibir	may	МАЙ	mulcha	sad	klubnika	grunt	Мульчирование клубники соломой или спанбондом — защита ягод от загнивания и слизней.		авто (сдвиг месяца от средней полосы, не пересмотрено)
ural-sibir	sentyabr	СЕНТЯБРЬ	mulcha	sad	vinograd	grunt	Мульчирование винограда на зиму.		авто (сдвиг месяца от средней полосы, не пересмотрено)
ural-sibir	avgust	АВГУСТ	posev	dekor	el,sosna	grunt	Посадка саженцев ели и сосны — весной до начала роста побегов или с начала сентября (осенняя посадка завершается до устойчивых холодов). Пересаживают с сохранением земляного кома (для ели — диаметром от 60-80 см, от выкопки до посадки не более 2-4 часов). Корневую шейку у сосны заглублять нельзя — строго на уровне земли или на 2-3 см выше, иначе растение подопревает.		авто (сдвиг месяца от средней полосы, не пересмотрено)
ural-sibir	iyun	ИЮНЬ	obrezka	dekor	el,sosna	grunt	Укорачивание молодых побегов («свечек») ели и сосны для загущения кроны — в мае-июне, до их одревеснения. Формирующую стрижку, как у туи и можжевельника, к ели и сосне не применяют — сильную обрезку старой древесины они переносят плохо; допустима только санитарная обрезка сухих/сломанных веток в любое время года, кроме сильных морозов.		авто (сдвиг месяца от средней полосы, не пересмотрено)
ural-sibir	iyun	ИЮНЬ	obrabotka	dekor	el,sosna	grunt	Еловый пилильщик повреждает молодую хвою ели (пик активности — конец мая — начало июня); сосновый пилильщик повреждает сосну (первое поколение окукливается в конце июня — начале июля). Первую обработку инсектицидом проводят в начале отрастания побегов, повторную — через 2 недели.	От обоих видов пилильщика — «Актара» (тиаметоксам, +10…+29°C, оптимально +12…+25°C) или «Фуфанон-Нова» (малатион) по инструкции на упаковке. При небольшом числе личинок эффективен и ручной сбор с нижней стороны хвои.	авто (сдвиг месяца от средней полосы, не пересмотрено)
ural-sibir	sentyabr	СЕНТЯБРЬ	obrabotka	dekor	el,sosna	grunt	Профилактическая обработка ели и сосны медьсодержащим фунгицидом от шютте перед зимой.		авто (сдвиг месяца от средней полосы, не пересмотрено)
ural-sibir	dekabr	ДЕКАБРЬ	obrezka	dekor	el,sosna	grunt	У молодых елей и сосен — контроль снеговой нагрузки на ветках и стряхивание тяжёлого снега.		авто (сдвиг месяца от средней полосы, не пересмотрено)
ural-sibir	iyun	ИЮНЬ	razmnozhenie	dekor	gortenziya	grunt	В конце месяца — зелёное черенкование гортензии метельчатой и древовидной: верхушечные черенки молодых побегов (2-3 узла), отросших после весенней обрезки, срезают, когда на макушке только наметился бутон (сам бутон обрезают). Кусты, обрезанные вовремя (с началом сокодвижения), дают черенки, которые укореняются заметно лучше.	Нижний срез обмакивают в стимулятор корнеобразования (Корневин) и высаживают наклонно (45°) во влажный песок на 2-3 см, не давая листьям касаться друг друга и песка. Череночник накрывают плёнкой или стеклянным колпаком, держат в тени, не допуская перегрева и пересыхания. Укореняемость зелёных летних черенков заметно выше, чем весенних одревесневших (60-65%).	авто (сдвиг месяца от средней полосы, не пересмотрено)
ural-sibir	avgust	АВГУСТ	posev	ogorod	redis	grunt	В начале месяца — повторный посев редиса (среднеспелые сорта, устойчивые к стрелкованию): день укорачивается, жара спадает, корнеплод формируется нормально в отличие от июньских посевов.		авто (сдвиг месяца от средней полосы, не пересмотрено)
ural-sibir	iyun	ИЮНЬ	posev	ogorod	tomat,perets,kapusta,ogurets,kabachok	rassada,grunt	Высадку рассады теплолюбивых культур в Сибири и на Урале откладывают до окончания риска возвратных заморозков — обычно до 10-15 июня, с использованием плёночных укрытий как подстраховки.		ранее написано вручную для региона (build-full-data.js, до перехода на xlsx)
ural-sibir	oktyabr	ОКТЯБРЬ	ukrytie	dekor	roza,gortenziya	grunt	В условиях суровых зим укрытие роз и молодых гортензий делают более капитальным (окучивание, лапник, дополнительный слой утеплителя), чем в средней полосе.		ранее написано вручную для региона (build-full-data.js, до перехода на xlsx)
ural-sibir	oktyabr	ОКТЯБРЬ	ukrytie	sad	yablonya,grusha,sliva,vishnya,abrikos,chereshnya	grunt	Для плодовых деревьев в Сибири и на Урале критичен выбор зимостойких районированных сортов и подвоев — без этого зимнее укрытие штамба не спасает от подмерзания.		ранее написано вручную для региона (build-full-data.js, до перехода на xlsx)
ural-sibir	may	МАЙ	posev	ogorod	tykva,kabachok	grunt	Тыкву и кабачок в холодном климате высевают на рассаду в помещении заранее (конец апреля), а не прямым посевом — короткое лето не всегда даёт им вызреть при позднем прямом посеве.		ранее написано вручную для региона (build-full-data.js, до перехода на xlsx)
ural-sibir	aprel	АПРЕЛЬ	obrezka	sad	voylochnaya-vishnya	grunt	Санитарная обрезка войлочной вишни до начала активного сокодвижения — без неё крона загущается, страдают опыление и урожайность. У взрослых растений — омолаживающая обрезка веток первого-второго порядка (при большом объёме — за 2 сезона).		веб-поиск: dsregion.org, peterpeat.ru «Войлочная вишня» (авг. 2026)
ural-sibir	aprel	АПРЕЛЬ	obrabotka	sad	voylochnaya-vishnya	grunt	Профилактика монилиоза и клястероспориоза (дырчатой пятнистости) войлочной вишни — опрыскивание 1%-й бордоской жидкостью или хлорокисью меди (оптимально +5…+25°C, не выше +30°C) перед цветением и повторно после него.		веб-поиск: dsregion.org, peterpeat.ru «Войлочная вишня» (авг. 2026)
ural-sibir	aprel	АПРЕЛЬ	udobrenie	sad	voylochnaya-vishnya	grunt	Ранневесенняя подкормка войлочной вишни 5%-м раствором мочевины или аммиачной селитры.		веб-поиск: dsregion.org, peterpeat.ru «Войлочная вишня» (авг. 2026)
ural-sibir	iyul	ИЮЛЬ	urozhay	sad	voylochnaya-vishnya	grunt	Сбор урожая войлочной вишни (июль, точные сроки зависят от сорта и лета).		веб-поиск: dsregion.org, peterpeat.ru «Войлочная вишня» (авг. 2026)
ural-sibir	sentyabr	СЕНТЯБРЬ	posev	sad	vinograd	grunt	Осенняя посадка саженцев винограда — в этом климате приживаются только по-настоящему морозостойкие и укрывные сорта с ранним сроком созревания (тёплого сезона не хватает на поздние сорта).		веб-поиск: abekker.ru «Агротехника винограда на Урале», sadurala.com (авг. 2026)
ural-sibir	noyabr	НОЯБРЬ	ukrytie	sad	vinograd	grunt	На Урале и в Сибири виноград укрывают капитально: лозу укладывают в укрывные канавки и присыпают землёй, обязательно снегозадержание (лапник, хворост) поверх укрытия. По-настоящему неукрывной сорт — Амурский белый; остальные сорта (включая заявленные морозостойкими до -25...-27°C, например Блэк Гранд, Кишмиш Столетие) на зиму укрывают.		веб-поиск: abekker.ru «Агротехника винограда на Урале», sadurala.com (авг. 2026)
ural-sibir	mart	МАРТ	obrabotka	sad	abrikos,chereshnya	grunt	Для абрикоса и черешни на Урале и в Сибири критичен выбор районированных зимостойких сортов (для абрикоса, например, Уралец, Кичигинский, Снежинский) — обычные среднерусские сорта, как правило, вымерзают. Продолжительные зимние оттепели могут вызвать выпревание корневой шейки — важно не допускать застоя талой воды у ствола.		веб-поиск: dachamechty.ru, 6sotok-dom.com «Абрикос на Урале/в Сибири» (авг. 2026)
ural-sibir	sentyabr	СЕНТЯБРЬ	ukrytie	sad	yablonya,grusha,sliva,vishnya,abrikos,chereshnya	grunt	Резкие суточные перепады температуры и яркое зимнее солнце вызывают морозобоины (трещины коры с северной стороны от ночного холода) и солнечные ожоги (с южной стороны, от дневного нагрева) — своевременная побелка штамбов особенно важна в этом климате. Для снегозадержания у стволов раскладывают лапник или хворост; в начале зимы, в оттепель, снег у деревьев рекомендуется утаптывать 2-3 раза за зиму.		веб-поиск: antonovsad.ru «Подготовка деревьев и кустарников к зиме в Сибири» (авг. 2026)
ural-sibir	may	МАЙ	obrezka	sad	yablonya	grunt	Теплолюбивые сорта яблони, не районированные для региона, можно формировать в стланцевой форме (крона стелется низко над землёй и зимой полностью укрыта снегом) — при правильном формировании плодоносят не хуже южных садов. Для местных зимостойких сортов (Уральское наливное, Уралец, Северный синап и т.п.) стланец не нужен — растут обычным деревом.		веб-поиск: antonovsad.ru «Стелющаяся яблоня в Сибири», sadsezon.com (авг. 2026)
ural-sibir	sentyabr	СЕНТЯБРЬ	obrabotka	dekor	samshit	grunt	Для Урала и Сибири предпочтителен морозостойкий колхидский самшит — обычные южные сорта в этом климате, как правило, вымерзают без капитального укрытия на зиму.		веб-поиск: vladgarden.ru «Самшит не только для юга» (авг. 2026)
severo-zapad	yanvar	ЯНВАРЬ	obrabotka	ogorod	kartofel,morkov,svekla,luk,chesnok	grunt	Осмотр хранящихся картофеля, моркови, свёклы, лука, чеснока на предмет гнили — выбраковка повреждённых экземпляров. Планирование севооборота для профилактики почвенных вредителей и болезней.		авто (копия средней полосы, не пересмотрено)
severo-zapad	yanvar	ЯНВАРЬ	obrabotka	dekor	tuya,mozhzhevelnik,samshit	grunt	Осмотр туи, можжевельника, самшита на признаки зимнего подсушивания и грибковых пятен под снегом (снежное шютте).		авто (копия средней полосы, не пересмотрено)
severo-zapad	fevral	ФЕВРАЛЬ	obrabotka	ogorod	tomat,kapusta,perets	rassada,grunt	Продолжение контроля хранящихся овощей. Подготовка почвы и семян — протравливание семян томата, перца, капусты слабым раствором марганцовки или биофунгицидом перед посевом на рассаду.	1%-й раствор марганцовки (1 г на 100 мл воды) — замочить семена на 20-30 минут, затем промыть чистой водой. Из биопрепаратов — «Фитоспорин-М» по инструкции на упаковке, действует мягче. Семена в цветной оболочке (уже заводская обработка) повторно не протравливают.	авто (копия средней полосы, не пересмотрено)
severo-zapad	fevral	ФЕВРАЛЬ	obrabotka	dekor	gortenziya,roza	grunt	Осмотр роз, гортензий под укрытием на плесень — при обнаружении приоткрыть укрытие для проветривания.		авто (копия средней полосы, не пересмотрено)
severo-zapad	mart	МАРТ	obrabotka	ogorod	tomat,kapusta,perets	rassada,grunt	Обработка почвы в теплицах медным купоросом или биофунгицидом после схода снега. Профилактическая обработка рассады томата, перца, капусты от чёрной ножки (раствор фитоспорина).		авто (копия средней полосы, не пересмотрено)
severo-zapad	aprel	АПРЕЛЬ	obrabotka	dekor	barbaris,spireya,doren,puzyreplodnik,veygela,chubushnik	grunt	В 1–2-й декаде апреля — обработка 3%-й бордоской жидкостью (искореняющее опрыскивание) по спящим почкам — барбарис, спирея, пузыреплодник, дёрен, чубужник, вейгела; проводят при устойчивом дневном тепле +5 °C и выше, без ночных заморозков в ближайшие сутки. Обработка почвы под кустами от перезимовавших вредителей (тля, клещи) до распускания почек.	3%-й раствор бордоской жидкости (300 г медного купороса + 400 г извести на 10 л воды) готовят непосредственно перед применением, не хранят. Опрыскивают в сухую безветренную погоду при +4…+10°C строго по спящим почкам — до их распускания, иначе возможны ожоги молодой листвы.	авто (копия средней полосы, не пересмотрено)
severo-zapad	mart	МАРТ	obrabotka	dekor	tuya,mozhzhevelnik,samshit	grunt	Опрыскивание туи, можжевельника, самшита от грибковых инфекций (шютте) фунгицидом на основе меди.	От шютте на туе, можжевельнике, самшите — ХОМ (хлорокись меди, 40 г на 10 л воды, не выше +30°C) или 1%-я бордоская жидкость (+5…+25°C), опрыскивание по кроне в сухую погоду. Для более длительной защиты (20-28 суток) подойдёт системный фунгицид «Ракурс» (эпоксиконазол + ципроконазол, СК) по инструкции на упаковке — эффективен при температуре от +10°C, действует и профилактически, и лечебно.	авто (копия средней полосы, не пересмотрено)
severo-zapad	aprel	АПРЕЛЬ	obrabotka	ogorod	kartofel,morkov,luk,chesnok	grunt	Искореняющая обработка почвы на грядках от проволочника и медведки (посев горчицы, ловушки). Профилактика фитофторы на картофеле — протравливание клубней перед посадкой. Обработка чеснока и лука от луковой мухи (высадка рядом с морковью, обработка золой).	От проволочника — инсектицид «Землин» (диазинон) при перекопке или приманочные ловушки из кусочков картофеля, закопанные на 5-7 см (проверять и уничтожать содержимое каждые 3-4 дня). От медведки — гранулированные приманки «Медветокс» или «Гризли» в бороздки. Клубни картофеля перед посадкой протравливают «Максимом» или «Престижем» (заодно защищает от фитофторы) строго по инструкции на упаковке.	авто (копия средней полосы, не пересмотрено)
severo-zapad	may	МАЙ	obrabotka	dekor	barbaris,spireya,puzyreplodnik,gortenziya,roza	grunt	В 1–2-й декаде мая — опрыскивание от тли и клещей на розах, спирее, барбарисе, пузыреплотнике: пиретроидными препаратами при дневных +12 °C и выше (в жару за +25 °C эффективность падает), биопрепаратами — не раньше устойчивых +15 °C. Профилактика мучнистой росы на флоксах и гортензии.	От тли и клещей — Инта-Вир или биопрепарат Фитоверм (менее токсичен, можно применять чаще, действует медленнее; эффективнее в тепле — от +12°C, лучше при +18°C и выше). От мучнистой росы на флоксах и гортензии — медьсодержащие препараты (ХОМ — не выше +30°C, 1%-я бордоская жидкость — +5…+25°C) или системный фунгицид на основе тиофанат-метила по инструкции на упаковке.	авто (копия средней полосы, не пересмотрено)
severo-zapad	aprel	АПРЕЛЬ	obrabotka	dekor	tuya,mozhzhevelnik,samshit,el,sosna	grunt	Обработка от тли-хермеса и паутинного клеща (актуально для ели и сосны) в начале активного роста. Профилактика фузариоза у молодых саженцев хвойных — полив под корень фунгицидом.	От тли-хермеса и паутинного клеща — специализированный инсектицид для хвойных «Пиноцид» (2 мл на 10 л воды, стадия «зелёный конус» — «розовый бутон», от +10°C) или «Актара» (тиаметоксам, системного действия; +10…+29°C, оптимально +12…+25°C); при слабом поражении — биопрепарат «Фитоверм» (эффективнее в тепле — от +12°C, лучше при +18°C и выше). От фузариоза молодых саженцев — полив под корень «Фитоспорином-М» или «Превикуром» по инструкции, повторяют через 2 недели при сохранении симптомов.	авто (копия средней полосы, не пересмотрено)
severo-zapad	may	МАЙ	obrabotka	ogorod	tomat,kartofel,kapusta	grunt	Профилактическая обработка картофеля от колорадского жука (ручной сбор, биопрепараты). Обработка капусты от крестоцветной блошки (зола, табачная пыль). Профилактика фитофторы на томате — опрыскивание медьсодержащим препаратом.	При небольшом числе жуков эффективен ручной сбор вредителя и кладок с нижней стороны листьев. При массовом поражении — инсектициды: Актара (тиаметоксам, системного действия, защита 3-4 недели; работает при +10…+29°C, оптимально +12…+25°C) или Инта-Вир (контактно-кишечный, защита 10-15 дней), строго по инструкции на упаковке и с соблюдением срока ожидания.	авто (копия средней полосы, не пересмотрено)
severo-zapad	may	МАЙ	obrabotka	dekor	hosta,roza	grunt	Обработка роз от тли, пилильщика, чёрной пятнистости. Обработка хосты от слизней (метальдегид, ловушки) — пик активности.	От тли и пилильщика — Инта-Вир или биопрепарат Фитоверм (менее токсичен, можно применять чаще; эффективнее в тепле — от +12°C, лучше при +18°C и выше). От чёрной пятнистости и других грибковых пятнистостей — медьсодержащие препараты (ХОМ — не выше +30°C, 1%-я бордоская жидкость — +5…+25°C) или системные фунгициды на основе манкоцеба по инструкции.	авто (копия средней полосы, не пересмотрено)
severo-zapad	may	МАЙ	obrabotka	dekor	tuya,mozhzhevelnik,samshit	grunt	Обработка от короеда и хвойного клеща инсектоакарицидами при первых признаках усыхания. Профилактика фитофтороза корневой системы на переувлажнённых участках.	От короеда и хвойного клеща — инсектоакарициды на основе бифентрина («Клипер») или «Актеллик» строго по инструкции: эффективны только на самой ранней стадии, запущенное поражение короедом лечению не поддаётся — поражённые ветви/растения удаляют. От фитофтороза корней на переувлажнённых участках — полив «Превикуром» или «Фитоспорином-М» и в первую очередь нормализация дренажа.	авто (копия средней полосы, не пересмотрено)
severo-zapad	iyun	ИЮНЬ	obrabotka	ogorod	tomat,ogurets,kartofel,kapusta,morkov,svekla,luk,gorokh	grunt	Массовая обработка от колорадского жука (картофель), тли (горох, свёкла), морковной и луковой мухи. Профилактика фитофторы томата и огурца — опрыскивание каждые 10-14 дней в дождливую погоду. Обработка капусты от гусениц белянки и совки (Битоксибациллин, Лепидоцид).	При небольшом числе жуков эффективен ручной сбор вредителя и кладок с нижней стороны листьев. При массовом поражении — инсектициды: Актара (тиаметоксам, системного действия, защита 3-4 недели; работает при +10…+29°C, оптимально +12…+25°C) или Инта-Вир (контактно-кишечный, защита 10-15 дней), строго по инструкции на упаковке и с соблюдением срока ожидания.	авто (копия средней полосы, не пересмотрено)
severo-zapad	iyun	ИЮНЬ	obrabotka	dekor	hosta,barbaris,spireya,klen,roza,astilba	grunt	Повторная обработка роз от тли и мучнистой росы. Обработка хосты и астильбы от слизней. Профилактика мучнистой росы на клёне, барбарисе, спирее в условиях влажности.	От тли и мучнистой росы на розах — «Топаз» (от росы, от +10°C, оптимум +10…+25°C) и Инта-Вир или Фитоверм (от тли, эффективнее в тепле — от +12°C); обрабатывают в один день, но разными растворами. От слизней на хосте и астильбе — гранулы метальдегида («Гроза», «Слизнеед») вокруг кустов. От мучнистой росы на клёне, барбарисе, спирее — тот же «Топаз» или коллоидная сера (оптимум +20…+28°C, выше +30°C — ожог листьев) по инструкции.	авто (копия средней полосы, не пересмотрено)
severo-zapad	iyun	ИЮНЬ	obrabotka	dekor	tuya,mozhzhevelnik,samshit	grunt	Контроль пилильщика на сосне и еловой листовёртки — обработка при обнаружении гусениц.	От пилильщика на сосне и еловой листовёртки — «Инта-Вир» или «Актара» (+10…+29°C) при обнаружении гусениц/личинок, обработка по кроне. При небольшом числе вредителей эффективен и ручной сбор.	авто (копия средней полосы, не пересмотрено)
severo-zapad	iyul	ИЮЛЬ	obrabotka	ogorod	tomat,ogurets,kartofel,kapusta,kabachok	grunt	Обработка томата и картофеля от фитофторы (в пик влажности — каждые 7-10 дней). Обработка капусты от белянки, тли. Профилактика мучнистой росы на огурце и кабачке (сыворотка, фунгициды).	В период плодоношения используйте биопрепараты: Фитоспорин-М (10 г на 10 л воды) или связку Алирин-Б + Гамаир. До завязи при сильном развитии болезни допустимы контактные фунгициды на основе хлорокиси меди (ХОМ, не выше +30°C) — строго с соблюдением срока ожидания до сбора урожая, указанного на упаковке. Интервал между обработками: 7-10 дней в дождливую погоду, до 15 дней в сухую.	авто (копия средней полосы, не пересмотрено)
severo-zapad	iyul	ИЮЛЬ	obrabotka	dekor	hosta,gortenziya,bereskleet,roza,plyushch	grunt	Обработка роз от чёрной пятнистости и паутинного клеща. Обработка гортензии от тли, хосты от слизней. Контроль щитовки на плюще и бересклете.	От тли и пилильщика — Инта-Вир или биопрепарат Фитоверм (менее токсичен, можно применять чаще; эффективнее в тепле — от +12°C, лучше при +18°C и выше). От чёрной пятнистости и других грибковых пятнистостей — медьсодержащие препараты (ХОМ — не выше +30°C, 1%-я бордоская жидкость — +5…+25°C) или системные фунгициды на основе манкоцеба по инструкции.	авто (копия средней полосы, не пересмотрено)
severo-zapad	iyul	ИЮЛЬ	obrabotka	dekor	tuya,mozhzhevelnik,samshit	grunt	Обработка от короеда-типографа (профилактически при жаркой сухой погоде — фактор риска). Контроль побурения хвои — при грибковых поражениях повторная обработка фунгицидом.	Специфических инсектицидов для профилактики короеда-типографа нет — риск снижают поддержанием здоровья дерева (полив в засуху, без лишних повреждений коры); при явном заселении (буровая мука) дерево обычно уже не спасти, убирают до вылета следующего поколения жука. От побурения хвои грибкового происхождения — повторная обработка ХОМ (не выше +30°C) или «Абига-Пик» (+5…+25°C) по инструкции.	авто (копия средней полосы, не пересмотрено)
severo-zapad	avgust	АВГУСТ	obrabotka	ogorod	tomat,kartofel,kapusta,morkov,svekla	grunt	Последняя обработка томата и картофеля от фитофторы (за 20 дней до сбора). Обработка капусты поздних сортов от гусениц. Профилактика корневых гнилей моркови и свёклы при избыточном поливе.	Последняя обработка от фитофторы — ХОМ (не выше +30°C) или «Абига-Пик» (+5…+25°C, медьсодержащие, срок ожидания до сбора — 20 дней). От гусениц на капусте поздних сортов — биопрепарат «Лепидоцид» или «Битоксибациллин» (оба малоэффективны ниже +13°C, оптимум +18…+30°C; короткий срок ожидания). От корневых гнилей моркови и свёклы — в первую очередь сократить полив, при необходимости пролить «Фитоспорином-М».	авто (копия средней полосы, не пересмотрено)
severo-zapad	avgust	АВГУСТ	obrabotka	dekor	roza	grunt	Снижение частоты обработок роз, последнее опрыскивание от чёрной пятнистости. Контроль вредителей на хвойных перед подготовкой к зиме.	От тли и пилильщика — Инта-Вир или биопрепарат Фитоверм (менее токсичен, можно применять чаще; эффективнее в тепле — от +12°C, лучше при +18°C и выше). От чёрной пятнистости и других грибковых пятнистостей — медьсодержащие препараты (ХОМ — не выше +30°C, 1%-я бордоская жидкость — +5…+25°C) или системные фунгициды на основе манкоцеба по инструкции.	авто (копия средней полосы, не пересмотрено)
severo-zapad	avgust	АВГУСТ	obrabotka	dekor	tuya,mozhzhevelnik,samshit	grunt	Осмотр на признаки короеда (буровая мука, смоляные воронки) — при обнаружении удаление и обработка соседних растений.	При первых признаках заселения (буровая мука, смоляные воронки) поражённые ветви вырезают до здоровой древесины и сжигают, срезы обрабатывают садовым варом. Соседние здоровые растения профилактически опрыскивают инсектицидом на основе бифентрина («Клипер») — химобработка уже заселённого дерева малоэффективна.	авто (копия средней полосы, не пересмотрено)
severo-zapad	sentyabr	СЕНТЯБРЬ	obrabotka	ogorod	tomat,kartofel	grunt	После уборки урожая — удаление и уничтожение растительных остатков (ботва томата, картофеля) — профилактика зимовки фитофторы и вредителей. Обработка почвы биофунгицидом.	Обработка почвы после уборки ботвы — биофунгицид «Фитоспорин-М» или «Триходермин» по пролитой поверхности, снижает запас спор фитофторы и других патогенов к следующему сезону. Саму ботву томата и картофеля не компостируют, а сжигают или выносят с участка.	авто (копия средней полосы, не пересмотрено)
severo-zapad	oktyabr	ОКТЯБРЬ	obrabotka	dekor	roza,smorodina,kryzhovnik,barbaris,spireya	grunt	После полного листопада (обычно в конце октября — начале ноября) — искореняющая обработка роз, плодовых и декоративных кустарников (барбарис, спирея) медьсодержащим препаратом по голым ветвям и опавшим листьям. Профилактика зимующих стадий вредителей и грибных инфекций.	Искореняющая обработка — 3%-я бордоская жидкость (300 г медного купороса + 400 г извести на 10 л воды) или ХОМ (40 г на 10 л) по голым ветвям и опавшим листьям, в сухую безветренную погоду при +3…+5 °C. До полного листопада не проводят — медь обжигает ещё зелёные и окрашивающиеся листья и ослабляет растение перед зимой.	агропроверка: искореняющая обработка — только после полного листопада (kp.ru, aif.ru)
severo-zapad	oktyabr	ОКТЯБРЬ	obrabotka	ogorod		grunt	Уборка и уничтожение растительных остатков с грядок, перекопка почвы с оборотом пласта (уничтожение зимующих личинок вредителей).	Обработка почвы после уборки ботвы — биофунгицид «Фитоспорин-М» или «Триходермин» по пролитой поверхности, снижает запас спор фитофторы и других патогенов к следующему сезону. Саму ботву томата и картофеля не компостируют, а сжигают или выносят с участка.	авто (копия средней полосы, не пересмотрено)
severo-zapad	oktyabr	ОКТЯБРЬ	obrabotka	dekor	gortenziya,klen,roza	grunt	Сбор и уничтожение опавших листьев роз, гортензии, клёна (источник грибковых спор). Искореняющая обработка приствольных кругов кустарников бордоской жидкостью.		авто (копия средней полосы, не пересмотрено)
severo-zapad	oktyabr	ОКТЯБРЬ	obrabotka	dekor	tuya,mozhzhevelnik,samshit	grunt	Осенняя профилактическая обработка хвойных (туя, можжевельник, самшит) медьсодержащим фунгицидом от шютте и грибных пятнистостей — при устойчивом дневном ниже +12 °C и до перехода днём ниже +5 °C.	ХОМ (40 г на 10 л воды, не выше +30°C) или «Абига-Пик» (+5…+25°C) по кроне в сухую погоду — снижает риск грибковых пятнистостей и шютте под зимним укрытием, когда вентиляция ограничена.	авто (копия средней полосы, не пересмотрено)
severo-zapad	noyabr	НОЯБРЬ	obrabotka	ogorod		grunt	Завершение осенней перекопки, обработка теплиц (окуривание серной шашкой или дезинфекция) от зимующих вредителей и патогенов.	Серную шашку («ФАС», расчёт по паспорту теплицы — обычно 1 шашка на 5 м²) применяют строго при плюсовой температуре в полностью герметичной теплице, без металлических некрашеных конструкций (сера вызывает коррозию) и без растений внутри. После обработки теплицу проветривают не менее суток.	авто (копия средней полосы, не пересмотрено)
severo-zapad	noyabr	НОЯБРЬ	obrabotka	dekor	gortenziya,roza	grunt	Профилактическая обработка роз и молодых гортензий фунгицидом перед укрытием на зиму. Осмотр вечнозелёных на вредителей перед укрытием.		авто (копия средней полосы, не пересмотрено)
severo-zapad	noyabr	НОЯБРЬ	obrabotka	dekor	tuya,mozhzhevelnik,samshit	grunt	Обработка от снежного шютте медьсодержащим препаратом до устойчивых морозов.	ХОМ (40 г на 10 л воды, не выше +30°C) или «Абига-Пик» (+5…+25°C) по кроне хвойных — последняя обработка сезона, проводится по сухой хвое незадолго до устойчивых морозов.	supersadovnik.ru, dacha6.ru — влагозарядковый полив хвойных перед зимой (2026-09)
severo-zapad	dekabr	ДЕКАБРЬ	obrabotka	ogorod	kartofel,morkov,svekla,luk,chesnok	grunt	Контроль хранящегося урожая (картофель, морковь, свёкла, лук, чеснок) на гнили и вредителей (проволочник, плодожорка в хранилище).		авто (копия средней полосы, не пересмотрено)
severo-zapad	dekabr	ДЕКАБРЬ	obrabotka	dekor	gortenziya,roza	grunt	Периодический осмотр укрытых роз и гортензий на выпревание и плесень.		авто (копия средней полосы, не пересмотрено)
severo-zapad	fevral	ФЕВРАЛЬ	udobrenie	ogorod	tomat,perets	rassada,grunt	Подкормка рассады томата, перца после появления 2-го настоящего листа комплексным удобрением (NPK) в слабой концентрации.	«Кристалон» или «Фертика Люкс» (NPK ~16:16:16 или аналог) в половинной от указанной на упаковке концентрации — молодые корни в этом возрасте легко обжечь избытком солей. Поливают под корень по уже влажной почве (не сразу после пересушки), примерно раз в 10-14 дней до высадки в грунт.	авто (копия средней полосы, не пересмотрено)
severo-zapad	mart	МАРТ	udobrenie	ogorod	tomat,ogurets,kapusta,perets	rassada,grunt	Подкормка рассады томата, перца, капусты комплексным удобрением каждые 10-14 дней. Внесение перегноя/компоста в теплицы под будущую посадку огурца.	«Кемира Люкс» или «Фертика Универсал» (NPK ~16:16:16) — по инструкции на упаковке, обычно 1-2 ст. ложки на 10 л воды, полив под корень раз в 10-14 дней. Для самых молодых сеянцев (до 3 недель) концентрацию снижают вдвое.	авто (копия средней полосы, не пересмотрено)
severo-zapad	mart	МАРТ	udobrenie	dekor	barbaris,spireya,doren,puzyreplodnik,gortenziya,veygela,chubushnik,roza	grunt	Подкормка азотным удобрением (мочевина, аммиачная селитра) сразу после снятия зимних укрытий, по спящим почкам — роза, спирея, барбарис, пузыреплодник, дёрен, вейгела, чубушник, гортензия — для стимуляции роста побегов.	Мочевина (карбамид, 15-20 г/м²) или аммиачная селитра (20-25 г/м²) — рассыпают по влажной почве вокруг куста сразу после снятия укрытия, слегка заделывают. Гранулы не должны попадать на кору у корневой шейки — риск ожога.	авто (копия средней полосы, не пересмотрено)
severo-zapad	mart	МАРТ	udobrenie	dekor	tuya,mozhzhevelnik,el,sosna	grunt	Подкормка специализированным удобрением для хвойных (с магнием) при плюсовых температурах — туя, можжевельник, ель, сосна.	Например, «Фертика Хвойное» (NPK 10:7:14 + Mg + S) — гранулы рассыпают по проекции кроны из расчёта 60 г/м² и слегка заделывают в почву или мульчу. Повышенное содержание магния и серы поддерживает насыщенный цвет хвои. Вносится в апреле-мае и, при необходимости, повторно в сентябре калийной формой без азота. Летние подкормки не проводят (избыток азота летом снижает морозостойкость и провоцирует грибковые заболевания), органику (навоз, свежий компост) не вносят — закисление и ожог корней.	авто (копия средней полосы, не пересмотрено)
severo-zapad	aprel	АПРЕЛЬ	udobrenie	ogorod	kartofel,kapusta,morkov,svekla,luk,chesnok	grunt	Внесение перегноя/компоста и комплексного минерального удобрения при перекопке грядок под картофель, капусту, свёклу, морковь, лук, чеснок. Подкормка чеснока и лука азотом (аммиачная селитра) после отрастания перьев.	Перегной или компост — 3-4 кг/м², комплексное минеральное удобрение (нитроаммофоска) — 30-40 г/м² под перекопку. Аммиачную селитру под чеснок и лук (15-20 г/м²) вносят по влажной почве, не допуская попадания гранул на перья — может вызвать ожог.	авто (копия средней полосы, не пересмотрено)
severo-zapad	aprel	АПРЕЛЬ	udobrenie	dekor	hosta,tuya,samshit,klen,paporotnik,astilba,brunnera,geyhera	grunt	Подкормка комплексным удобрением с преобладанием азота — хоста, папоротник, астильба, бруннера, гейхера, клён. Первая подкормка самшита и туи после схода снега.	Комплексное удобрение с преобладанием азота, например «Азофоска» (NPK 16:16:16), — 20-30 г/м² по норме на упаковке. Самшит и тую после схода снега подкармливают тем же комплексным удобрением или специализированным «Фертика Хвойное», рассыпая по поверхности почвы и слегка заделывая — не допуская контакта гранул с корой у корневой шейки.	авто (копия средней полосы, не пересмотрено)
severo-zapad	aprel	АПРЕЛЬ	udobrenie	dekor	tuya,mozhzhevelnik,samshit	grunt	Продолжение весенней подкормки удобрением для хвойных (медленнодействующее гранулированное, апрель-май — по данным производителей специализированных хвойных удобрений это основное окно, повторно можно подкормить калийной формой в сентябре).	Например, «Фертика Хвойное» (NPK 10:7:14 + Mg + S) — гранулы рассыпают по проекции кроны из расчёта 60 г/м² и слегка заделывают в почву или мульчу. Повышенное содержание магния и серы поддерживает насыщенный цвет хвои. Вносится в апреле-мае и, при необходимости, повторно в сентябре калийной формой без азота.	авто (копия средней полосы, не пересмотрено)
severo-zapad	may	МАЙ	udobrenie	ogorod	tomat,ogurets,kartofel,kapusta,perets,kabachok	rassada,grunt	Подкормка высаженной рассады томата, перца, капусты через 10-14 дней после посадки (настой коровяка или комплексное удобрение). Подкормка картофеля при окучивании (зола, комплексное удобрение). Подкормка огурца и кабачка органикой при появлении 3-4 листьев.	Настой коровяка (1:10 с водой, настоять сутки) или комплексное удобрение «Кемира Люкс» по инструкции. Картофелю при окучивании — древесная зола (1 стакан на куст) или тот же комплекс. Огурцу и кабачку при 3-4 листьях — настой коровяка (1:10) или настой крапивы.	авто (копия средней полосы, не пересмотрено)
severo-zapad	may	МАЙ	udobrenie	dekor	spireya,gortenziya,veygela,chubushnik,roza	grunt	Подкормка роз после первой обрезки (азотно-калийное удобрение). Подкормка гортензии удобрением для гортензий (влияет на цвет у некоторых видов). Подкормка вейгелы, чубушника, спиреи после начала цветения азотно-фосфорным составом.	Розам — азотно-калийное удобрение, например «Фертика для роз» по норме на упаковке. Гортензии — специализированное удобрение для гидрангий: кислая формула (с сульфатом алюминия) усиливает синий оттенок соцветий у крупнолистной гортензии, нейтральная сохраняет розовый. Вейгеле, чубушнику, спирее — азотно-фосфорный состав по инструкции.	авто (копия средней полосы, не пересмотрено)
severo-zapad	may	МАЙ	udobrenie	dekor	tuya,mozhzhevelnik,samshit	grunt	При слабом росте — некорневая подкормка хелатом железа.	Хелат железа («Феровит» или «Микро-Fe») — 2-3 г на литр воды, опрыскивание по листу в утренние или вечерние часы (не в жару и не под прямым солнцем — риск ожога).	авто (копия средней полосы, не пересмотрено)
severo-zapad	iyun	ИЮНЬ	udobrenie	ogorod	tomat,kapusta,morkov,svekla	grunt	Подкормка томата фосфорно-калийным удобрением в период цветения и завязи плодов. Подкормка капусты, свёклы, моркови комплексным удобрением.	Томату в период цветения и завязи — сульфат калия (15-20 г на 10 л воды) или монофосфат калия. Капусте, свёкле, моркови — комплексное удобрение («Кемира» или нитроаммофоска, 25-30 г/м²) под рыхление.	авто (копия средней полосы, не пересмотрено)
severo-zapad	iyun	ИЮНЬ	udobrenie	dekor	hosta,klen,bereskleet,roza,astilba	grunt	Подкормка роз фосфорно-калийным удобрением для обильного цветения. Подкормка хосты, астильбы органикой или комплексным удобрением. Внекорневая подкормка клёна и бересклета при бледности листвы.	Розам — фосфорно-калийное удобрение («Фертика для роз», без азота). Хосте, астильбе — настой коровяка (1:10) или комплексное гранулированное удобрение. Клёну и бересклету при бледности листвы — внекорневая подкормка хелатом железа (2-3 г/л) по листу.	авто (копия средней полосы, не пересмотрено)
severo-zapad	iyul	ИЮЛЬ	udobrenie	ogorod	tomat,kartofel,kapusta,perets	grunt	Подкормка томата и перца калийным удобрением (сульфат калия) для налива плодов. Подкормка капусты поздних сортов. Прекращение азотных подкормок картофеля (для формирования клубней).	Сульфат калия — 20-25 г на 10 л воды, полив под корень для налива плодов томата и перца. Капусте поздних сортов — тот же состав или монофосфат калия. Азотные подкормки картофеля с этого момента прекращают полностью — избыток азота идёт в ботву в ущерб клубням.	авто (копия средней полосы, не пересмотрено)
severo-zapad	iyul	ИЮЛЬ	udobrenie	dekor	gortenziya,roza	grunt	Повторная подкормка роз фосфорно-калийным удобрением после первой волны цветения. Подкормка гортензии продолжается.	Повторная подкормка роз — «Фертика для роз» или монофосфат калия (15-20 г на 10 л воды) после первой волны цветения, стимулирует повторное цветение. Гортензии — та же специализированная формула, что и в мае.	авто (копия средней полосы, не пересмотрено)
severo-zapad	avgust	АВГУСТ	udobrenie	ogorod	tomat,kapusta,morkov,svekla	grunt	Последняя подкормка томата калийным удобрением. Прекращение всех азотных подкормок овощных культур (кроме поздней капусты). Подкормка свёклы и моркови калием для лучшей лёжкости.	Последняя подкормка томата — сульфат калия (20 г на 10 л воды) без азота. Свёкле и моркови для лучшей лёжкости — тот же сульфат калия или монофосфат калия. Азотные подкормки всех культур (кроме поздней капусты, которой ещё предстоит нарастить кочан) прекращают полностью.	авто (копия средней полосы, не пересмотрено)
severo-zapad	avgust	АВГУСТ	udobrenie	dekor	roza	grunt	Фосфорно-калийная подкормка роз для вызревания побегов (последняя за сезон).	Фосфорно-калийное удобрение без азота, например «Фертика Осень» или монофосфат калия (15-20 г на 10 л воды) — последняя подкормка сезона, помогает побегам вызреть и лучше перенести зиму.	авто (копия средней полосы, не пересмотрено)
severo-zapad	sentyabr	СЕНТЯБРЬ	udobrenie	ogorod		grunt	Внесение органики (компост) под перекопку освободившихся грядок.		авто (копия средней полосы, не пересмотрено)
severo-zapad	sentyabr	СЕНТЯБРЬ	udobrenie	dekor	barbaris,spireya,puzyreplodnik,gortenziya,veygela,chubushnik,roza	grunt	Осенняя подкормка фосфорно-калийным удобрением (без азота) для повышения зимостойкости — роза, спирея, барбарис, пузыреплодник, гортензия, вейгела, чубушник.	Фосфорно-калийное удобрение без азота — «Фертика Осень» или монофосфат калия (15-20 г на 10 л воды), полив под корень. Азот в этот период исключают полностью — он стимулирует рост новых побегов, которые не успеют вызреть до морозов.	авто (копия средней полосы, не пересмотрено)
severo-zapad	sentyabr	СЕНТЯБРЬ	udobrenie	dekor	tuya,mozhzhevelnik,samshit	grunt	Осенняя подкормка калийным удобрением (без азота) для повышения морозостойкости туи, можжевельника, ели — по необходимости.	Калийное удобрение без азота — сульфат калия (15-20 г/м²) или специализированное «Фертика Хвойное осеннее», рассыпают по проекции кроны. Повышает морозостойкость хвои и корневой системы.	авто (копия средней полосы, не пересмотрено)
severo-zapad	oktyabr	ОКТЯБРЬ	udobrenie	ogorod		grunt	Внесение перегноя/компоста и фосфорно-калийного удобрения под осеннюю перекопку для культур будущего сезона.	Перегной или компост — 3-4 кг/м², фосфорно-калийное удобрение (суперфосфат + сульфат калия, по 20-30 г/м² каждого) под осеннюю перекопку — фосфор и калий медленно доступны растениям и как раз успевают перейти в усвояемую форму к весне.	авто (копия средней полосы, не пересмотрено)
severo-zapad	yanvar	ЯНВАРЬ	obrezka	dekor	roza,tuya,mozhzhevelnik,samshit,plyushch	grunt	Санитарная обрезка сухих и повреждённых ветвей у роз при оттепелях (если укрытие позволяет); контроль снеговой нагрузки, стряхивание тяжёлого мокрого снега с ветвей туи и можжевельника; при оттепелях — отряхивание снега с ветвей самшита и плюща, чтобы избежать разломов и выпревания; удаление уже сломанных снегом веток у декоративных и хвойных при необходимости.		авто (копия средней полосы, не пересмотрено)
severo-zapad	mart	МАРТ	obrezka	dekor	barbaris,spireya,doren,puzyreplodnik,gortenziya,bereskleet,lapchatka,veygela,roza	grunt	Во 2-й половине марта – 1-й декаде апреля, по мере схода снега, до распускания почек — санитарная и формирующая обрезка спиреи летнецветущей (весеннецветущие виды обрезают после цветения), барбариса, пузыреплодника, дёрена, бересклета, вейгелы, лапчатки. Обрезка розы (удаление подмёрзших побегов, формировка куста) после снятия укрытия. Обрезка гортензии метельчатой и древовидной (укорачивание побегов прошлого года) — гортензия крупнолистная не обрезается весной (цветёт на старой древесине).	Срезанные при обрезке гортензии ветки можно использовать для размножения — но только прошлогодние (однолетние) побеги, старая многолетняя древесина не укореняется. Два способа: 1) поставить ветки в воду в тёплом помещении на светлый подоконник на срок до 5 суток (ежедневно опрыскивать, раз в несколько дней менять воду и обновлять срез) — почки трогаются в рост, после чего ветки нарезают на черенки с 3-5 почками для укоренения; 2) сразу нарезать срезанные ветки на одревесневшие черенки и укоренять в рыхлой влажной почве — приживаемость ниже, чем у летних зелёных черенков (около 60-65% против более высокой у зелёных).	авто (копия средней полосы, не пересмотрено)
severo-zapad	mart	МАРТ	obrezka	dekor	tuya,mozhzhevelnik,samshit	grunt	Формирующая стрижка туи и можжевельника до начала сокодвижения, санитарная обрезка сухих веток самшита.		авто (копия средней полосы, не пересмотрено)
severo-zapad	aprel	АПРЕЛЬ	obrezka	dekor	samshit,klen,chubushnik	grunt	"Обрезка чубушника (санитарная, после цветения — основная). Формирующая стрижка самшита в начале роста. Обрезка клёна (декоративные формы) — только санитарная, весенняя обрезка ограничена из-за сильного сокотечения (""плача"")."		авто (копия средней полосы, не пересмотрено)
severo-zapad	aprel	АПРЕЛЬ	obrezka	dekor	tuya,mozhzhevelnik	grunt	Формирующая стрижка туи, можжевельника продолжается до начала активного роста побегов.		авто (копия средней полосы, не пересмотрено)
severo-zapad	may	МАЙ	obrezka	ogorod	tomat,morkov,svekla,redis	grunt	Пасынкование томата (удаление боковых побегов) начинается после высадки и появления пасынков. Прореживание всходов моркови, свёклы, редиса.		авто (копия средней полосы, не пересмотрено)
severo-zapad	may	МАЙ	obrezka	dekor	hosta,barbaris,spireya,doren,astilba	grunt	Обрезка спиреи весеннецветущей (после отцветания). Удаление отцветших цветоносов у хосты, астильбы после цветения. Первая стрижка живой изгороди из барбариса, кизильника.		авто (копия средней полосы, не пересмотрено)
severo-zapad	may	МАЙ	obrezka	dekor	tuya,mozhzhevelnik,samshit	grunt	Вторая стрижка туи, можжевельника для плотности кроны (после начала роста побегов).		авто (копия средней полосы, не пересмотрено)
severo-zapad	iyun	ИЮНЬ	obrezka	ogorod	tomat,ogurets,chesnok,kabachok,tykva	grunt	Регулярное пасынкование и подвязка томата (каждые 7-10 дней). Прищипка верхушки огурца и кабачка для боковых побегов. Формировка тыквы (прищипка плети после завязи 2-3 плодов). Удаление стрелок чеснока.		авто (копия средней полосы, не пересмотрено)
severo-zapad	iyun	ИЮНЬ	obrezka	dekor	samshit,barbaris,puzyreplodnik,veygela,chubushnik,roza	grunt	Обрезка вейгелы, чубушника после окончания цветения. Стрижка живых изгородей (барбарис, самшит, пузыреплодник) каждые 3-4 недели. Удаление отцветших соцветий розы (для повторного цветения).		авто (копия средней полосы, не пересмотрено)
severo-zapad	iyun	ИЮНЬ	obrezka	dekor	tuya,mozhzhevelnik,samshit	grunt	Формирующая стрижка туи, можжевельника, самшита в топиарной форме — плановая летняя стрижка.		авто (копия средней полосы, не пересмотрено)
severo-zapad	iyul	ИЮЛЬ	obrezka	ogorod	tomat,kabachok,tykva	grunt	Продолжение пасынкования томата, прищипка верхушки в конце июля (для вызревания плодов). Прищипка тыквы и кабачка. Обрезка нижних листьев томата для проветривания и профилактики фитофторы.		авто (копия средней полосы, не пересмотрено)
severo-zapad	iyul	ИЮЛЬ	obrezka	dekor	spireya	grunt	Повторная стрижка живых изгородей. Обрезка отцветшей спиреи летнецветущей.		авто (копия средней полосы, не пересмотрено)
severo-zapad	iyul	ИЮЛЬ	obrezka	dekor	tuya,mozhzhevelnik,samshit	grunt	Последняя летняя стрижка туи, можжевельника (до середины июля, чтобы побеги успели вызреть до морозов).		авто (копия средней полосы, не пересмотрено)
severo-zapad	avgust	АВГУСТ	obrezka	ogorod	tomat,bazilik	grunt	Прищипка верхушек томата (если не сделано в июле) и базилика (для кустистости и предотвращения раннего цветения).		авто (копия средней полосы, не пересмотрено)
severo-zapad	avgust	АВГУСТ	obrezka	dekor	roza	grunt	Лёгкая корректирующая стрижка живых изгородей (последняя за сезон, до конца августа). Удаление отцветших соцветий роз.		авто (копия средней полосы, не пересмотрено)
severo-zapad	sentyabr	СЕНТЯБРЬ	obrezka	ogorod		grunt	Удаление ботвы после уборки урожая.		авто (копия средней полосы, не пересмотрено)
severo-zapad	sentyabr	СЕНТЯБРЬ	obrezka	dekor	barbaris,spireya,roza	grunt	Санитарная обрезка повреждённых и больных побегов (не формирующая) — роза, спирея, барбарис.		авто (копия средней полосы, не пересмотрено)
severo-zapad	oktyabr	ОКТЯБРЬ	obrezka	dekor	hosta,plyushch,paporotnik,astilba,brunnera,geyhera	grunt	Санитарная обрезка многолетников — обрезка отмерших листьев хосты, астильбы, бруннеры, гейхеры по мере естественного отмирания и полегания листвы в конце вегетации. Обрезка папоротника (удаление отмерших вай). Обрезка плюща для зимовки (укорачивание длинных плетей).		авто (копия средней полосы, не пересмотрено)
severo-zapad	oktyabr	ОКТЯБРЬ	obrezka	dekor	tuya,mozhzhevelnik,samshit	grunt	Санитарная обрезка сухих/повреждённых ветвей туи, можжевельника перед зимой (без формирующей стрижки).		авто (копия средней полосы, не пересмотрено)
severo-zapad	noyabr	НОЯБРЬ	obrezka	dekor	gortenziya,roza	grunt	Обрезка роз перед укрытием (укорачивание побегов до 40-50 см, удаление невызревших частей). Санитарная обрезка гортензии (только сухие соцветия, без укорачивания живых побегов); удаление явно сухих веток у прочих декоративных и хвойных при необходимости.		авто (копия средней полосы, не пересмотрено)
severo-zapad	dekabr	ДЕКАБРЬ	obrezka	dekor	tuya,mozhzhevelnik,samshit	grunt	Визуальный контроль состояния хвои под снегом; снятие снеговой нагрузки — стряхивание снега с ветвей туи, можжевельника (предотвращает поломку веток).		авто (копия средней полосы, не пересмотрено)
severo-zapad	fevral	ФЕВРАЛЬ	posev	ogorod	tomat,perets,baklazhan	rassada	Посев семян томата, перца и баклажана на рассаду (перец и баклажан — в первую очередь, у них дольше срок до всходов).		авто (копия средней полосы, не пересмотрено)
severo-zapad	mart	МАРТ	posev	ogorod	tomat,kapusta,bazilik	rassada	Посев на рассаду томата (если не посеян в феврале), капусты и базилика.		авто (копия средней полосы, не пересмотрено)
severo-zapad	aprel	АПРЕЛЬ	posev	ogorod	morkov,svekla,redis,gorokh,ukrop,petrushka,luk,chesnok	grunt	Посев в открытый грунт холодостойких культур при прогреве почвы: морковь, свёкла, редис, горох, укроп, петрушка; посадка лука-севка и ярового чеснока.		авто (копия средней полосы, не пересмотрено)
severo-zapad	aprel	АПРЕЛЬ	posev	sad	yablonya,grusha,sliva,vishnya,smorodina,kryzhovnik,malina,zhimolost,oblepikha,ezhevika,irga,kalina,abrikos,chereshnya	grunt	Весенняя посадка саженцев плодовых деревьев и ягодных кустарников — во 2-й половине апреля, когда почва оттает на штык, до распускания почек.		авто (копия средней полосы, не пересмотрено)
severo-zapad	aprel	АПРЕЛЬ	posev	dekor	liliya	grunt	Весенняя посадка луковиц лилий (если не высажены осенью).	Глубина посадки — 3 высоты луковицы (для азиатских и ЛА-гибридов обычно 10-15 см, для трубчатых и ОТ-гибридов чуть глубже). На дно лунки — горсть песка для дренажа: лилии не переносят застоя влаги у донца. Подсохшие луковицы перед посадкой замачивают на 30 минут в растворе фунгицида «Максим».	авто (копия средней полосы, не пересмотрено)
severo-zapad	may	МАЙ	posev	ogorod	tomat,perets,kapusta	rassada	В конце месяца, после угрозы возвратных заморозков — высадка рассады томата, перца, капусты в грунт или теплицу.		авто (копия средней полосы, не пересмотрено)
severo-zapad	may	МАЙ	posev	ogorod	ogurets,kabachok,tykva	grunt	Посев огурца, кабачка, тыквы в грунт — в конце месяца – начале июня, по прогреву почвы до +12 °C, под плёночное укрытие. В начале мая почва ещё холодная — семена загнивают.		авто (копия средней полосы, не пересмотрено)
severo-zapad	may	МАЙ	posev	ogorod	salat,kinza,rukkola,redis,ukrop	grunt	Посев салата, кинзы, рукколы; повторный посев редиса и укропа для конвейера зелени.		авто (копия средней полосы, не пересмотрено)
severo-zapad	iyun	ИЮНЬ	posev	ogorod	salat,rukkola,ukrop	grunt	Повторные посевы салата, рукколы и укропа каждые 2-3 недели для непрерывного сбора. Редис в июне сеять не стоит — от длинного дня и жары он стрелкуется, не образуя корнеплод; следующий срок посева — конец июля.		авто (копия средней полосы, не пересмотрено)
severo-zapad	sentyabr	СЕНТЯБРЬ	posev	ogorod	morkov,svekla,redis,ukrop,petrushka	grunt	Начало подзимнего посева моркови, свёклы, редиса, укропа, петрушки — в конце месяца, не раньше устойчивого перехода среднесуточной ниже +5 °C, по остывшей, но не промёрзшей почве. В тёплую осень посев откладывают — семена не должны тронуться в рост до зимы.		авто (копия средней полосы, не пересмотрено)
severo-zapad	sentyabr	СЕНТЯБРЬ	posev	ogorod	chesnok	grunt	Посадка озимого чеснока (конец сентября — начало октября, за 3-5 недель до устойчивых холодов).		авто (копия средней полосы, не пересмотрено)
severo-zapad	sentyabr	СЕНТЯБРЬ	posev	sad	yablonya,grusha,sliva,vishnya,smorodina,kryzhovnik,malina,oblepikha,ezhevika,irga,kalina	grunt	Осенняя посадка саженцев плодовых и ягодных культур (за 3-4 недели до устойчивых заморозков).		авто (копия средней полосы, не пересмотрено)
severo-zapad	sentyabr	СЕНТЯБРЬ	posev	dekor	liliya	grunt	Основной срок посадки луковиц лилий (сентябрь — начало октября).	Глубина посадки — 3 высоты луковицы (для азиатских и ЛА-гибридов обычно 10-15 см, для трубчатых и ОТ-гибридов чуть глубже). На дно лунки — горсть песка для дренажа: лилии не переносят застоя влаги у донца. Подсохшие луковицы перед посадкой замачивают на 30 минут в растворе фунгицида «Максим».	авто (копия средней полосы, не пересмотрено)
severo-zapad	oktyabr	ОКТЯБРЬ	posev	ogorod	morkov,svekla,redis,ukrop,petrushka,chesnok,luk	grunt	Продолжение подзимнего посева моркови, свёклы, редиса, зелени; посадка озимого чеснока и лука-севка под зиму, если не сделано в сентябре.		авто (копия средней полосы, не пересмотрено)
severo-zapad	noyabr	НОЯБРЬ	posev	ogorod	morkov,svekla,ukrop,petrushka	grunt	Завершающий подзимний посев по уже подмёрзшей почве (в оттепель не сеют — семена могут прорасти раньше срока и погибнуть).		авто (копия средней полосы, не пересмотрено)
severo-zapad	may	МАЙ	poliv	ogorod	tomat,perets,kapusta,ogurets,kabachok,tykva	rassada,grunt	Регулярный умеренный полив высаженной рассады и всходов, особенно в жаркие дни.		авто (копия средней полосы, не пересмотрено)
severo-zapad	iyun	ИЮНЬ	poliv	ogorod	tomat,ogurets,kapusta,kabachok	grunt	Обильный полив в жару под корень, без попадания на листья — профилактика фитофторы и мучнистой росы. Частота — каждые 2-3 дня в засуху.		авто (копия средней полосы, не пересмотрено)
severo-zapad	iyun	ИЮНЬ	poliv	sad	smorodina,kryzhovnik,malina,zhimolost,yablonya,grusha,sliva,vishnya,klubnika,vinograd,oblepikha,ezhevika,abrikos,chereshnya	grunt	Полив плодовых и ягодных в засуху, особенно важен в период налива плодов.		авто (копия средней полосы, не пересмотрено)
severo-zapad	iyul	ИЮЛЬ	poliv	ogorod	tomat,ogurets,kapusta,kabachok,morkov,svekla	grunt	Продолжение регулярного полива в жару; для корнеплодов — равномерный, без резких перепадов (иначе растрескивание).		авто (копия средней полосы, не пересмотрено)
severo-zapad	iyul	ИЮЛЬ	poliv	dekor	gortenziya,hosta,astilba	grunt	Усиленный полив влаголюбивых декоративных — гортензия, хоста, астильба страдают от засухи быстрее других.		авто (копия средней полосы, не пересмотрено)
severo-zapad	oktyabr	ОКТЯБРЬ	poliv	sad	yablonya,grusha,sliva,vishnya,smorodina,kryzhovnik,malina,oblepikha,ezhevika,irga,kalina,abrikos,chereshnya	grunt	Влагозарядковый полив плодовых и ягодных перед зимой при отсутствии осенних дождей.		авто (копия средней полосы, не пересмотрено)
severo-zapad	noyabr	НОЯБРЬ	poliv	dekor	roza,gortenziya,tuya,mozhzhevelnik,samshit	grunt	Влагозарядковый полив декоративных кустарников и вечнозелёных культур перед укрытием на зиму, при отсутствии осенних дождей.		supersadovnik.ru, dacha6.ru — влагозарядковый полив хвойных перед зимой (2026-09)
severo-zapad	aprel	АПРЕЛЬ	mulcha	ogorod	tomat,perets,kapusta,ogurets,kabachok,tykva	grunt,rassada	Мульчирование грядок после посадки/посева — сохранение влаги и подавление сорняков.		авто (копия средней полосы, не пересмотрено)
severo-zapad	aprel	АПРЕЛЬ	mulcha	sad	smorodina,kryzhovnik,malina,yablonya,grusha,sliva,vishnya,klubnika,oblepikha,ezhevika,irga,kalina,abrikos,chereshnya	grunt	Мульчирование приствольных кругов и посадок ягодных кустарников после весенней подкормки.	Мульча слоем 5-7 см — перегной, компост или измельчённая кора, приствольный круг/ряд после подкормки и полива. Удерживает влагу, подавляет сорняки и постепенно перегнивает, дополнительно питая растение.	авто (копия средней полосы, не пересмотрено)
severo-zapad	oktyabr	ОКТЯБРЬ	mulcha	sad	smorodina,kryzhovnik,malina,yablonya,grusha,sliva,vishnya,klubnika,oblepikha,ezhevika,irga,kalina,abrikos,chereshnya	grunt	Мульчирование приствольных кругов на зиму (утепление корневой системы) торфом или компостом.		авто (копия средней полосы, не пересмотрено)
severo-zapad	oktyabr	ОКТЯБРЬ	mulcha	dekor	pion,floks,hosta,astilba,brunnera,geyhera	grunt	Мульчирование многолетников на зиму после осенней обрезки.		авто (копия средней полосы, не пересмотрено)
severo-zapad	oktyabr	ОКТЯБРЬ	mulcha	dekor	tuya,mozhzhevelnik,samshit	grunt	Мульчирование приствольных кругов хвойных торфом или компостом.		авто (копия средней полосы, не пересмотрено)
severo-zapad	oktyabr	ОКТЯБРЬ	ukrytie	sad	yablonya,grusha,sliva,vishnya,abrikos,chereshnya	grunt	Обвязка стволов молодых плодовых деревьев от грызунов и морозобоин, побелка штамбов.		авто (копия средней полосы, не пересмотрено)
severo-zapad	oktyabr	ОКТЯБРЬ	ukrytie	sad	malina	grunt	Пригибание побегов малины к земле для укрытия снегом.		авто (копия средней полосы, не пересмотрено)
severo-zapad	noyabr	НОЯБРЬ	ukrytie	dekor	pion	grunt	Лёгкое укрытие пионов лапником при бесснежных морозах (в средней полосе обычно достаточно мульчи).		авто (копия средней полосы, не пересмотрено)
severo-zapad	noyabr	НОЯБРЬ	ukrytie	dekor	roza,gortenziya	grunt	Укрытие роз и гортензий на зиму.		авто (копия средней полосы, не пересмотрено)
severo-zapad	mart	МАРТ	ukrytie	sad	yablonya,grusha,sliva,vishnya,abrikos,chereshnya,vinograd	grunt	Снятие зимней обвязки со стволов молодых плодовых деревьев и зимнего укрытия винограда после схода снега.		авто (копия средней полосы, не пересмотрено)
severo-zapad	mart	МАРТ	ukrytie	dekor	roza,gortenziya	grunt	Снятие зимних укрытий с роз и гортензии — постепенно, по частям, в несколько приёмов.		авто (копия средней полосы, не пересмотрено)
severo-zapad	mart	МАРТ	ukrytie	dekor	tuya,mozhzhevelnik,samshit	grunt	Снятие зимних укрытий с хвойных постепенно, в пасмурную погоду — резкое солнце после снятия укрытия обжигает хвою.	Снимайте укрытие не одномоментно: сначала приоткройте в пасмурный день, затем через несколько дней снимите полностью — резкий переход на яркое солнце обжигает хвою.	авто (копия средней полосы, не пересмотрено)
severo-zapad	may	МАЙ	urozhay	ogorod	redis	grunt	Сбор раннего редиса первого посева.		авто (копия средней полосы, не пересмотрено)
severo-zapad	iyun	ИЮНЬ	urozhay	sad	zhimolost	grunt	Сбор жимолости — самой ранней ягоды сезона.		авто (копия средней полосы, не пересмотрено)
severo-zapad	iyun	ИЮНЬ	urozhay	ogorod	redis,salat	grunt	Сбор редиса и салата повторных посевов.		авто (копия средней полосы, не пересмотрено)
severo-zapad	iyul	ИЮЛЬ	urozhay	sad	smorodina,kryzhovnik,vishnya	grunt	Сбор смородины, крыжовника, вишни.		авто (копия средней полосы, не пересмотрено)
severo-zapad	iyul	ИЮЛЬ	urozhay	ogorod	gorokh,chesnok	grunt	Сбор гороха; уборка озимого чеснока (по полеганию пера).		авто (копия средней полосы, не пересмотрено)
severo-zapad	avgust	АВГУСТ	urozhay	ogorod	ogurets,kabachok,luk	grunt	Конвейерный сбор огурца и кабачка; уборка ярового лука и чеснока на просушку.		авто (копия средней полосы, не пересмотрено)
severo-zapad	avgust	АВГУСТ	urozhay	sad	malina,sliva	grunt	Сбор малины (ремонтантные сорта плодоносят до заморозков); сбор сливы.		авто (копия средней полосы, не пересмотрено)
severo-zapad	sentyabr	СЕНТЯБРЬ	urozhay	ogorod	kartofel,tomat,perets	grunt,rassada	Уборка картофеля; сбор томата и перца по мере созревания.		авто (копия средней полосы, не пересмотрено)
severo-zapad	sentyabr	СЕНТЯБРЬ	urozhay	sad	yablonya,grusha	grunt	Сбор летних сортов яблони и груши.		авто (копия средней полосы, не пересмотрено)
severo-zapad	sentyabr	СЕНТЯБРЬ	urozhay	ogorod	kapusta	rassada	Начало уборки ранних сортов капусты.		авто (копия средней полосы, не пересмотрено)
severo-zapad	oktyabr	ОКТЯБРЬ	urozhay	ogorod	tykva,morkov,svekla,kapusta	grunt,rassada	Сбор тыквы, моркови, свёклы; уборка капусты среднепоздних сортов сразу, поздних (позднеспелых) — для длительного хранения.		авто (копия средней полосы, не пересмотрено)
severo-zapad	oktyabr	ОКТЯБРЬ	urozhay	sad	yablonya,grusha	grunt	Сбор осенних сортов яблони и груши.		авто (копия средней полосы, не пересмотрено)
severo-zapad	aprel	АПРЕЛЬ	razmnozhenie	sad	malina	grunt	Размножение малины корневыми отпрысками.		авто (копия средней полосы, не пересмотрено)
severo-zapad	iyun	ИЮНЬ	razmnozhenie	sad	smorodina,kryzhovnik	grunt	Размножение смородины и крыжовника зелёными черенками.		авто (копия средней полосы, не пересмотрено)
severo-zapad	iyun	ИЮНЬ	razmnozhenie	dekor	spireya,veygela,chubushnik	grunt	Зелёное черенкование после цветения.		авто (копия средней полосы, не пересмотрено)
severo-zapad	sentyabr	СЕНТЯБРЬ	razmnozhenie	dekor	hosta,astilba,brunnera,geyhera,pion,iris,lavanda	grunt	Деление куста при пересадке (включая ирис и лаванду) — оптимальный срок для приживания до морозов.		авто (копия средней полосы, не пересмотрено)
severo-zapad	oktyabr	ОКТЯБРЬ	razmnozhenie	sad	smorodina,kryzhovnik	grunt	Размножение одревесневшими черенками.		авто (копия средней полосы, не пересмотрено)
severo-zapad	aprel	АПРЕЛЬ	obrabotka	sad	yablonya,grusha,sliva,vishnya,smorodina,kryzhovnik,malina,oblepikha,ezhevika,irga,kalina,abrikos,chereshnya	grunt	В 1–2-й декаде апреля, до распускания почек — искореняющее опрыскивание плодовых и ягодных 3%-й бордоской жидкостью или мочевиной 5–7 % при дневных +5 °C и выше (профилактика парши, тли, клеща).	3%-я бордоская жидкость (+5…+25°C, 300 г медного купороса + 400 г извести на 10 л воды) или препарат «Хорус» (эффективен при более низких температурах, от +3°C). Опрыскивают строго по спящим почкам в сухую безветренную погоду — после распускания почек та же обработка обжигает молодую листву.	авто (копия средней полосы, не пересмотрено)
severo-zapad	may	МАЙ	obrabotka	sad	yablonya,grusha,smorodina,kryzhovnik	grunt	Обработка от плодожорки, тли, огнёвки на смородине и крыжовнике; профилактика парши на яблоне и груше в период цветения-после цветения.	От плодожорки, тли и огнёвки на смородине и крыжовнике — «Инта-Вир» или биопрепарат «Фитоверм» (безопаснее для опылителей, обрабатывать до/после цветения, не во время; эффективнее в тепле — от +12°C). От парши на яблоне и груше — «Скор» (оптимум +14…+25°C, ниже +12°C эффект резко падает) или «Хорус» (эффективен и в холод, от +3°C) по инструкции, с соблюдением срока ожидания.	авто (копия средней полосы, не пересмотрено)
severo-zapad	iyun	ИЮНЬ	obrabotka	ogorod	ogurets,kabachok,tykva	grunt	Профилактика мучнистой росы на огурце, кабачке, тыкве в условиях повышенной влажности.		авто (копия средней полосы, не пересмотрено)
severo-zapad	iyul	ИЮЛЬ	obrabotka	sad	yablonya,malina	grunt	Контроль плодожорки на яблоне; обработка малины от малинного жука по необходимости.	От плодожорки на яблоне — феромонные ловушки для мониторинга лёта + при необходимости «Инта-Вир» с соблюдением срока ожидания до сбора. От малинного жука — ручной сбор личинок из ягод или обработка «Фитовермом» (эффективнее в тепле — от +12°C) сразу после сбора урожая.	авто (копия средней полосы, не пересмотрено)
severo-zapad	mart	МАРТ	udobrenie	sad	yablonya,grusha,sliva,vishnya,smorodina,kryzhovnik,malina,zhimolost,klubnika,oblepikha,ezhevika,irga,kalina,abrikos,chereshnya	grunt	Ранневесенняя азотная подкормка плодовых и ягодных — после схода снега, по влажной непромёрзшей почве. На склонах и при толстом снеге по снегу не вносить (азот теряется с талой водой) — вносить по тонкому тающему слою или по оттаявшей почве.	Мочевина (20-25 г/м²) или аммиачная селитра (25-30 г/м²) — рассыпают по остаточному снегу или влажной почве сразу после его схода, талая вода помогает удобрению впитаться к началу роста корней.	авто (копия средней полосы, не пересмотрено)
severo-zapad	may	МАЙ	udobrenie	sad	smorodina,kryzhovnik,malina	grunt	Подкормка ягодных кустарников комплексным удобрением перед цветением.	Комплексное удобрение («Ягодка», нитроаммофоска или аналог) — 30-40 г/м² под рыхление перед цветением, стимулирует закладку и налив ягод.	авто (копия средней полосы, не пересмотрено)
severo-zapad	avgust	АВГУСТ	udobrenie	sad	yablonya,grusha,sliva,vishnya,abrikos,chereshnya	grunt	Фосфорно-калийная подкормка плодовых деревьев для вызревания древесины и закладки урожая будущего года.	Монофосфат калия или сульфат калия (20-25 г/м² по проекции кроны) без азота — способствует вызреванию древесины и закладке цветочных почек урожая будущего года.	авто (копия средней полосы, не пересмотрено)
severo-zapad	aprel	АПРЕЛЬ	obrezka	sad	yablonya,grusha,sliva,vishnya,abrikos,chereshnya	grunt	Санитарная и формирующая обрезка плодовых деревьев до начала сокодвижения.		авто (копия средней полосы, не пересмотрено)
severo-zapad	aprel	АПРЕЛЬ	obrezka	sad	smorodina,kryzhovnik,oblepikha,irga,kalina	grunt	Санитарная обрезка смородины и крыжовника — удаление старых (более 5-7 лет) и повреждённых веток.		авто (копия средней полосы, не пересмотрено)
severo-zapad	iyul	ИЮЛЬ	obrezka	sad	malina	grunt	Вырезка отплодоносивших побегов малины после сбора урожая.		авто (копия средней полосы, не пересмотрено)
severo-zapad	mart	МАРТ	obrabotka	sad	smorodina,kryzhovnik	grunt	Ранневесенняя обработка смородины и крыжовника до распускания почек (конец марта — начало апреля, смородина распускается одной из первых в саду) — против почкового клеща, антракноза и мучнистой росы.	Классический способ — полив кустов кипятком (80-85°C) из лейки с распылителем, строго до распускания почек (после появления листьев кипятком обрабатывать нельзя): уничтожает почкового клеща, зимующие стадии тли и споры антракноза. Альтернатива/дополнение — опрыскивание 2-3%-м раствором железного купороса (200-300 г на 10 л воды) или минерально-масляным препаратом («Препарат 30 Плюс», ~2 л готового раствора на взрослый куст; нужна стабильная погода не ниже +4°C днём и ночью, лучше от +7…+8°C — при возврате заморозков обработку лучше отложить): масляная плёнка перекрывает дыхательные поры клеща и его яиц. Любой из вариантов — одна обработка за сезон, до распускания почек.	авто (копия средней полосы, не пересмотрено)
severo-zapad	fevral	ФЕВРАЛЬ	ukrytie	dekor	tuya,mozhzhevelnik,samshit,el,sosna	grunt	Притенение хвойных и вечнозелёных от весенних солнечных ожогов. Наиболее уязвимы туя, можжевельник, самшит, кипарисовик, а также ель и сосна первых 2–3 лет после посадки (взрослые ель и сосна в притенении обычно не нуждаются). Экран ставят с южной и юго-западной стороны в конце января – феврале, до роста числа ясных дней в марте, пока лежит снег: строительная затеняющая сетка (лучше проветривается, не преет), светлый спанбонд низкой плотности или мешковина. Снимают во 2-й половине апреля в пасмурную погоду, когда оттает почва.	Приоритетный вариант — строительная затеняющая сетка (60% затенения — универсальный вариант для большинства случаев, для самых солнечных мест до 70-75%): в отличие от спанбонда, она заметно лучше проветривается и не задерживает влагу, что снижает риск выпревания хвои. Спанбонд как альтернатива — только низкой плотности (60-80 г/м²), оборачивать неполностью, оставляя низ кроны открытым для циркуляции воздуха. Плёнку и другие непроницаемые материалы использовать нельзя. Экран крепят с южной/юго-западной стороны, не оборачивая крону герметично.	авто (копия средней полосы, не пересмотрено)
severo-zapad	aprel	АПРЕЛЬ	ukrytie	dekor	tuya,mozhzhevelnik,samshit	grunt	Постепенное снятие притеняющего укрытия — лучше в пасмурную погоду, когда почва оттает на штык лопаты и корни смогут подавать воду (обычно середина-конец апреля); резкое раскрытие в солнечный день само может вызвать ожог.	Снимайте укрытие не одномоментно: сначала приоткройте в пасмурный день, дайте кроне привыкнуть к свету несколько дней, затем снимите полностью. Если стоит ясная погода — дополнительно проливайте не только корень, но и крону из лейки, чтобы снизить нагрузку от испарения. При уже проявившихся ожогах (побурение хвои) для восстановления подойдёт сухой «Тоник для хвойных» Bona Forte (15 г) — растворить в 1 л воды, опрыскивать крону до полного смачивания раз в 7-10 дней, не под прямыми солнечными лучами.	авто (копия средней полосы, не пересмотрено)
severo-zapad	aprel	АПРЕЛЬ	posev	ogorod	schavel,shpinat,repa,redka	grunt	Посев в грунт щавеля, шпината, репы, редьки — холодостойкие культуры, можно сеять рано.		авто (копия средней полосы, не пересмотрено)
severo-zapad	aprel	АПРЕЛЬ	posev	ogorod	reven	grunt	Посадка ревеня делением корневища (многолетник, на одном месте растёт 5-7 лет и дольше).		авто (копия средней полосы, не пересмотрено)
severo-zapad	may	МАЙ	posev	ogorod	baklazhan	rassada	Высадка рассады баклажана в теплицу или под плёнку после угрозы заморозков.		авто (копия средней полосы, не пересмотрено)
severo-zapad	may	МАЙ	posev	ogorod	kukuruza,fasol	grunt	Посев кукурузы и фасоли в грунт после прогрева почвы и угрозы заморозков.		авто (копия средней полосы, не пересмотрено)
severo-zapad	sentyabr	СЕНТЯБРЬ	posev	sad	klubnika	grunt	Посадка усов клубники (садовой земляники) — лучший срок для укоренения до зимы.		авто (копия средней полосы, не пересмотрено)
severo-zapad	aprel	АПРЕЛЬ	posev	sad	vinograd	grunt	Весенняя посадка саженцев винограда.		авто (копия средней полосы, не пересмотрено)
severo-zapad	oktyabr	ОКТЯБРЬ	posev	sad	vinograd	grunt	Осенняя посадка саженцев винограда (в средней полосе — только зимостойких сортов).		авто (копия средней полосы, не пересмотрено)
severo-zapad	sentyabr	СЕНТЯБРЬ	posev	dekor	tyulpan,narciss	grunt	Посадка луковиц тюльпанов и нарциссов (сентябрь — оптимальный срок для укоренения до морозов).		авто (копия средней полосы, не пересмотрено)
severo-zapad	may	МАЙ	posev	dekor	georgin,gladiolus	grunt	Посадка клубней георгин и луковиц гладиолусов после угрозы заморозков.		авто (копия средней полосы, не пересмотрено)
severo-zapad	fevral	ФЕВРАЛЬ	posev	dekor	barhatcy,petuniya	rassada	Посев бархатцев и петунии на рассаду.		авто (копия средней полосы, не пересмотрено)
severo-zapad	may	МАЙ	posev	dekor	nasturciya,kalendula	grunt	Прямой посев настурции и календулы в грунт.		авто (копия средней полосы, не пересмотрено)
severo-zapad	may	МАЙ	posev	dekor	barhatcy,petuniya	rassada	Высадка рассады бархатцев и петунии в грунт после заморозков.		авто (копия средней полосы, не пересмотрено)
severo-zapad	aprel	АПРЕЛЬ	posev	dekor	siren,lavanda,iris,delfinium	grunt	Весенняя посадка сирени, лаванды, ириса, дельфиниума.		авто (копия средней полосы, не пересмотрено)
severo-zapad	sentyabr	СЕНТЯБРЬ	posev	dekor	siren,iris	grunt	Осенняя посадка и деление сирени и ириса (альтернатива весенней посадке).		авто (копия средней полосы, не пересмотрено)
severo-zapad	aprel	АПРЕЛЬ	posev	sad	golubika	grunt	Весенняя посадка саженцев голубики в заранее подготовленную кислую почву (pH 3,5-4,5) — верховой торф с добавлением хвойного опада или коры.		авто (копия средней полосы, не пересмотрено)
severo-zapad	mart	МАРТ	udobrenie	sad	golubika	grunt	Ранневесенняя подкормка сульфатом аммония — единственная форма азота, которую голубика усваивает на кислой почве; обычную органику (навоз, золу) вносить нельзя — защелачивают почву.	Сульфат аммония — 20-30 г/м² по норме на упаковке, рассыпают по поверхности приствольного круга. Обычные азотные удобрения (мочевина, аммиачная селитра) голубике не подходят — подщелачивают почву и постепенно убивают микоризу.	авто (копия средней полосы, не пересмотрено)
severo-zapad	may	МАЙ	udobrenie	sad	golubika	grunt	Подкормка в период роста и завязывания комплексным удобрением без хлора (суперфосфат, сульфат калия) или специализированным удобрением для голубики и вересковых.	Готовое решение — удобрение «Фертика Хвойное для вечнозелёных и голубики» (маркировка «весна-лето»), вносится по норме на упаковке. Обычную органику (навоз, компост, золу) под голубику не вносят — они защелачивают почву и разрушают микоризу на корнях, без которой куст не усваивает питание.	авто (копия средней полосы, не пересмотрено)
severo-zapad	avgust	АВГУСТ	udobrenie	sad	golubika	grunt	Калийно-магниевая подкормка голубики после сбора урожая.	Калийно-магниевое удобрение («Калимагнезия», 15-20 г/м²) — рассыпают по кислой мульче (хвойный опад, верховой торф) после сбора урожая, восполняет вынос питания и укрепляет побеги перед зимой.	авто (копия средней полосы, не пересмотрено)
severo-zapad	aprel	АПРЕЛЬ	obrabotka	sad	golubika	grunt	Подкисление почвы гранулированной серой (100-300 г на куст в год) или поливом слабым раствором лимонной кислоты — без поддержания кислотности голубика не усваивает питание.		авто (копия средней полосы, не пересмотрено)
severo-zapad	iyun	ИЮНЬ	poliv	sad	golubika	grunt	Регулярный полив мягкой или слегка подкисленной водой, особенно в первые 1-1,5 месяца после посадки и в период налива ягод.		авто (копия средней полосы, не пересмотрено)
severo-zapad	iyul	ИЮЛЬ	urozhay	sad	golubika	grunt	Сбор голубики (созревает позже жимолости и смородины — обычно июль-август).		авто (копия средней полосы, не пересмотрено)
severo-zapad	oktyabr	ОКТЯБРЬ	mulcha	sad	golubika	grunt	Мульчирование голубики хвойным опадом, корой или верховым торфом — сохраняет кислотность почвы и защищает корни зимой.		авто (копия средней полосы, не пересмотрено)
severo-zapad	mart	МАРТ	obrezka	sad	golubika	grunt	Во 2-й половине марта – 1-й декаде апреля, по мере схода снега, до распускания почек — формирующая обрезка голубики (у кустов старше 4-5 лет — удаление старых малопродуктивных ветвей).		авто (копия средней полосы, не пересмотрено)
severo-zapad	avgust	АВГУСТ	posev	dekor	krokus,muskari	grunt	Посадка луковиц крокусов и мускари (конец августа — сентябрь), глубина — 2-3 высоты луковицы в зависимости от плотности почвы.	Глубина посадки — 2-3 высоты луковицы (в плотную глинистую почву чуть мельче, в рыхлую песчаную — чуть глубже). Для профилактики гнилей луковицы перед посадкой можно на 30 минут замочить в растворе фунгицида «Максим» согласно инструкции на упаковке.	авто (копия средней полосы, не пересмотрено)
severo-zapad	sentyabr	СЕНТЯБРЬ	posev	dekor	podsnezhnik	grunt	Посадка луковиц подснежника (галантуса) — с конца августа по октябрь, за 3-4 недели до промерзания почвы.	Глубина посадки — 2-3 высоты луковицы (в плотную глинистую почву чуть мельче, в рыхлую песчаную — чуть глубже). Для профилактики гнилей луковицы перед посадкой можно на 30 минут замочить в растворе фунгицида «Максим» согласно инструкции на упаковке.	авто (копия средней полосы, не пересмотрено)
severo-zapad	aprel	АПРЕЛЬ	obrezka	dekor	krokus,muskari,podsnezhnik	grunt	Удаление отцветших цветоносов; листья не срезать до полного пожелтения — в них накапливаются питательные вещества для луковицы на будущий год.		авто (копия средней полосы, не пересмотрено)
severo-zapad	iyun	ИЮНЬ	razmnozhenie	dekor	krokus,muskari,podsnezhnik	grunt	При загущении посадок — выкопка и рассаживание гнёзд после отмирания листьев (раз в 3-4 года).		авто (копия средней полосы, не пересмотрено)
severo-zapad	iyul	ИЮЛЬ	urozhay	sad	irga	grunt	Сбор ирги — одна из самых ранних садовых ягод.		авто (копия средней полосы, не пересмотрено)
severo-zapad	iyun	ИЮНЬ	urozhay	sad	klubnika	grunt	Сбор клубники (садовой земляники); ремонтантные сорта плодоносят повторно до осени.		авто (копия средней полосы, не пересмотрено)
severo-zapad	iyun	ИЮНЬ	urozhay	ogorod	schavel,shpinat,reven	grunt	Сбор щавеля, шпината, черешков ревеня.		авто (копия средней полосы, не пересмотрено)
severo-zapad	iyun	ИЮНЬ	urozhay	sad	chereshnya	grunt	Сбор черешни.		авто (копия средней полосы, не пересмотрено)
severo-zapad	iyul	ИЮЛЬ	urozhay	sad	abrikos	grunt	Сбор абрикоса.		авто (копия средней полосы, не пересмотрено)
severo-zapad	avgust	АВГУСТ	urozhay	sad	oblepikha,ezhevika	grunt	Сбор облепихи и ежевики.		авто (копия средней полосы, не пересмотрено)
severo-zapad	iyul	ИЮЛЬ	urozhay	ogorod	repa,redka	grunt	Сбор летней репы и редьки.		авто (копия средней полосы, не пересмотрено)
severo-zapad	avgust	АВГУСТ	urozhay	ogorod	fasol	grunt	Сбор стручковой фасоли по мере налива.		авто (копия средней полосы, не пересмотрено)
severo-zapad	avgust	АВГУСТ	urozhay	ogorod	baklazhan,kukuruza	rassada,grunt	Сбор баклажана и сахарной кукурузы по мере созревания.		авто (копия средней полосы, не пересмотрено)
severo-zapad	sentyabr	СЕНТЯБРЬ	urozhay	sad	kalina	grunt	Сбор калины (после первых заморозков ягоды становятся слаще).		авто (копия средней полосы, не пересмотрено)
severo-zapad	sentyabr	СЕНТЯБРЬ	urozhay	sad	vinograd	grunt	Сбор винограда.		авто (копия средней полосы, не пересмотрено)
severo-zapad	may	МАЙ	obrabotka	sad	vinograd	grunt	Профилактическая обработка винограда от милдью и оидиума.	От милдью — контактный «ХОМ» (не выше +30°C) или системный «Ридомил Голд» (не выше +28°C) до цветения. От оидиума — препараты на основе серы (коллоидная сера, «Тиовит Джет»); оптимально при +20…+28°C, не совмещать с маслосодержащими средствами и не применять в жару выше +30°C — риск ожога листьев.	авто (копия средней полосы, не пересмотрено)
severo-zapad	may	МАЙ	obrabotka	sad	klubnika	grunt	Обработка клубники от слизней и серой гнили (мульча под кустами снижает риск).	От слизней — гранулы на основе метальдегида (например, «Гроза» или «Слизнеед»), рассыпают между рядами, не допуская попадания на ягоды. От серой гнили — опрыскивание биопрепаратом Фитоспорин-М по листу; при сильном поражении до цветения — фунгициды на основе боскалида по инструкции.	авто (копия средней полосы, не пересмотрено)
severo-zapad	aprel	АПРЕЛЬ	udobrenie	sad	klubnika	grunt	После схода снега, по влажной непромёрзшей почве — весенняя азотная подкормка клубники (на склонах по снегу не вносить).	Аммиачная селитра (15-20 г/м²) или мочевина (12-15 г/м²) по влажной почве сразу после схода снега и уборки старых листьев. С появлением бутонов переходят на фосфорно-калийное удобрение без азота — его избыток в этот период снижает урожай и качество ягод.	авто (копия средней полосы, не пересмотрено)
severo-zapad	iyul	ИЮЛЬ	udobrenie	sad	klubnika	grunt	Подкормка клубники после сбора урожая для закладки будущих цветочных почек.	Комплексное удобрение с преобладанием фосфора и калия («Ягодка», монофосфат калия) — 20-25 г/м² сразу после сбора урожая и удаления старых листьев, помогает заложить цветочные почки урожая будущего года.	авто (копия средней полосы, не пересмотрено)
severo-zapad	mart	МАРТ	obrezka	sad	vinograd	grunt	Обрезка винограда до начала сокодвижения (при зимнем укрытии — после снятия).		авто (копия средней полосы, не пересмотрено)
severo-zapad	sentyabr	СЕНТЯБРЬ	obrezka	sad	klubnika	grunt	Удаление старых листьев и лишних усов клубники после плодоношения.		авто (копия средней полосы, не пересмотрено)
severo-zapad	iyun	ИЮНЬ	obrezka	dekor	siren	grunt	Удаление отцветших метёлок сирени сразу после цветения (для закладки цветения на будущий год).		авто (копия средней полосы, не пересмотрено)
severo-zapad	may	МАЙ	obrezka	dekor	tyulpan,narciss	grunt	Удаление отцветших цветоносов тюльпанов и нарциссов; листья не срезать до полного отмирания.		авто (копия средней полосы, не пересмотрено)
severo-zapad	iyun	ИЮНЬ	obrezka	ogorod	baklazhan	rassada	Формировка и пасынкование баклажана аналогично томату.		авто (копия средней полосы, не пересмотрено)
severo-zapad	oktyabr	ОКТЯБРЬ	ukrytie	sad	vinograd	grunt	В конце месяца, после листопада — укрытие винограда на зиму (в средней полосе обязательно, включая морозостойкие сорта).		авто (копия средней полосы, не пересмотрено)
severo-zapad	oktyabr	ОКТЯБРЬ	ukrytie	dekor	georgin,gladiolus	grunt	Выкопка клубней георгин и луковиц гладиолусов на зимнее хранение — в грунте средней полосы не зимуют.		авто (копия средней полосы, не пересмотрено)
severo-zapad	iyun	ИЮНЬ	razmnozhenie	sad	klubnika	grunt	Укоренение усов клубники для получения нового посадочного материала.		авто (копия средней полосы, не пересмотрено)
severo-zapad	aprel	АПРЕЛЬ	mulcha	sad	klubnika	grunt	Мульчирование клубники соломой или спанбондом — защита ягод от загнивания и слизней.		авто (копия средней полосы, не пересмотрено)
severo-zapad	oktyabr	ОКТЯБРЬ	mulcha	sad	vinograd	grunt	Мульчирование винограда на зиму.		авто (копия средней полосы, не пересмотрено)
severo-zapad	sentyabr	СЕНТЯБРЬ	posev	dekor	el,sosna	grunt	Посадка саженцев ели и сосны — весной до начала роста побегов или с начала сентября (осенняя посадка завершается до устойчивых холодов). Пересаживают с сохранением земляного кома (для ели — диаметром от 60-80 см, от выкопки до посадки не более 2-4 часов). Корневую шейку у сосны заглублять нельзя — строго на уровне земли или на 2-3 см выше, иначе растение подопревает.		авто (копия средней полосы, не пересмотрено)
severo-zapad	may	МАЙ	obrezka	dekor	el,sosna	grunt	Укорачивание молодых побегов («свечек») ели и сосны для загущения кроны — в мае-июне, до их одревеснения. Формирующую стрижку, как у туи и можжевельника, к ели и сосне не применяют — сильную обрезку старой древесины они переносят плохо; допустима только санитарная обрезка сухих/сломанных веток в любое время года, кроме сильных морозов.		авто (копия средней полосы, не пересмотрено)
severo-zapad	may	МАЙ	obrabotka	dekor	el,sosna	grunt	Еловый пилильщик повреждает молодую хвою ели (пик активности — конец мая — начало июня); сосновый пилильщик повреждает сосну (первое поколение окукливается в конце июня — начале июля). Первую обработку инсектицидом проводят в начале отрастания побегов, повторную — через 2 недели.	От обоих видов пилильщика — «Актара» (тиаметоксам, +10…+29°C, оптимально +12…+25°C) или «Фуфанон-Нова» (малатион) по инструкции на упаковке. При небольшом числе личинок эффективен и ручной сбор с нижней стороны хвои.	авто (копия средней полосы, не пересмотрено)
severo-zapad	oktyabr	ОКТЯБРЬ	obrabotka	dekor	el,sosna	grunt	Профилактическая обработка ели и сосны медьсодержащим фунгицидом от шютте перед зимой.		авто (копия средней полосы, не пересмотрено)
severo-zapad	dekabr	ДЕКАБРЬ	obrezka	dekor	el,sosna	grunt	У молодых елей и сосен — контроль снеговой нагрузки на ветках и стряхивание тяжёлого снега.		авто (копия средней полосы, не пересмотрено)
severo-zapad	may	МАЙ	razmnozhenie	dekor	gortenziya	grunt	В конце месяца — зелёное черенкование гортензии метельчатой и древовидной: верхушечные черенки молодых побегов (2-3 узла), отросших после весенней обрезки, срезают, когда на макушке только наметился бутон (сам бутон обрезают). Кусты, обрезанные вовремя (с началом сокодвижения), дают черенки, которые укореняются заметно лучше.	Нижний срез обмакивают в стимулятор корнеобразования (Корневин) и высаживают наклонно (45°) во влажный песок на 2-3 см, не давая листьям касаться друг друга и песка. Череночник накрывают плёнкой или стеклянным колпаком, держат в тени, не допуская перегрева и пересыхания. Укореняемость зелёных летних черенков заметно выше, чем весенних одревесневших (60-65%).	авто (копия средней полосы, не пересмотрено)
severo-zapad	avgust	АВГУСТ	posev	ogorod	redis	grunt	В начале месяца — повторный посев редиса (среднеспелые сорта, устойчивые к стрелкованию): день укорачивается, жара спадает, корнеплод формируется нормально в отличие от июньских посевов.		авто (копия средней полосы, не пересмотрено)
severo-zapad	iyul	ИЮЛЬ	obrabotka	ogorod	tomat,ogurets,kartofel	grunt	Повышенная влажность и частые осадки на Северо-Западе увеличивают риск фитофторы и других грибковых заболеваний — профилактические обработки нужны чаще, чем в средней полосе.		ранее написано вручную для региона (build-full-data.js, до перехода на xlsx)
severo-zapad	sentyabr	СЕНТЯБРЬ	urozhay	ogorod	tomat,perets	grunt,rassada	Из-за более короткого безморозного периода на Северо-Западе рекомендуется отдавать предпочтение раннеспелым сортам томата и перца, чтобы урожай успел вызреть.		ранее написано вручную для региона (build-full-data.js, до перехода на xlsx)
severo-zapad	iyun	ИЮНЬ	obrabotka	dekor	gortenziya,astilba	grunt	Влаголюбивые декоративные (гортензия, астильба, хоста, папоротник) особенно хорошо чувствуют себя в местном влажном климате, но требуют контроля за грибковыми пятнистостями.		ранее написано вручную для региона (build-full-data.js, до перехода на xlsx)
severo-zapad	aprel	АПРЕЛЬ	posev	sad	klyukva	grunt	Посадка саженцев клюквы — середина апреля, когда почва оттает на 8-10 см. Нужен кислый торфяной грунт (pH 3-5) — песчаные и глинистые почвы не подходят. Для завязывания ягод высаживают не менее 2 сортов.		веб-поиск: fertilizerdaily.ru, peterpeat.ru «Клюква садовая» (авг. 2026)
severo-zapad	iyul	ИЮЛЬ	poliv	sad	klyukva	grunt	Клюква легко переносит кратковременную засуху, но плохо — длительную сушь или застой воды. Для подкисления почвы поливают водой с лимонной кислотой (1 ч. л. на 3 л) или столовым уксусом (100 мл на 10 л).		веб-поиск: fertilizerdaily.ru, peterpeat.ru «Клюква садовая» (авг. 2026)
severo-zapad	avgust	АВГУСТ	obrabotka	sad	klyukva	grunt	Грибковые заболевания клюквы (увядание, серые и бурые пятна на стеблях и ягодах) — обработка бордоской жидкостью (оптимально +5…+25°C) или фунгицидом. От брусничной листовёртки и других вредителей — инсектициды и регулярная прополка (сорняки их привлекают).		веб-поиск: fertilizerdaily.ru, peterpeat.ru «Клюква садовая» (авг. 2026)
severo-zapad	sentyabr	СЕНТЯБРЬ	urozhay	sad	klyukva	grunt	Сбор урожая клюквы — сентябрь, начало октября.		веб-поиск: fertilizerdaily.ru, peterpeat.ru «Клюква садовая» (авг. 2026)
severo-zapad	iyul	ИЮЛЬ	ukrytie	ogorod	tomat,ogurets,kabachok	grunt	При затяжных дождях грядки укрывают временными навесами из плёнки на дугах — снижает риск грибковых заболеваний и вымокания растений в частой для региона дождливой погоде.		веб-поиск: botanichka.ru «Опасности дождливого лета» (авг. 2026)
srednyaya-polosa	aprel	АПРЕЛЬ	posev	sad	voylochnaya-vishnya	grunt	Посадка войлочной вишни — в начале месяца, до распускания почек, на холмик высотой 30-40 см или на самое возвышенное сухое место; корневая шейка строго на уровне почвы (заглубление ведёт к подопреванию). Сажают 2-3 сорта рядом для перекрёстного опыления.		supersadovnik.ru/plant/vishnya-vojlochnaya-1391; fertilizerdaily.ru/20220422-kak-lechit-monilioz-vishni; sibsad-pitomnik.ru/blog/plodovyj-sad/posadka-obrezka-vojlochnoj-vishni
srednyaya-polosa	aprel	АПРЕЛЬ	obrabotka	sad	voylochnaya-vishnya	grunt	До цветения и повторно сразу после него — опрыскивание от монилиоза (резкое побурение цветков, завязей и верхушек побегов проявляется через 10-14 дней после цветения): 1%-я бордоская жидкость, «Хорус» или «Скор» по инструкции.		supersadovnik.ru/plant/vishnya-vojlochnaya-1391; fertilizerdaily.ru/20220422-kak-lechit-monilioz-vishni; sibsad-pitomnik.ru/blog/plodovyj-sad/posadka-obrezka-vojlochnoj-vishni
srednyaya-polosa	iyul	ИЮЛЬ	urozhay	sad	voylochnaya-vishnya	grunt	Сбор войлочной вишни — конец июня - июль. Ягоды почти не осыпаются, но хранятся 1-2 дня — снимают за несколько приёмов по мере созревания.		supersadovnik.ru/plant/vishnya-vojlochnaya-1391; fertilizerdaily.ru/20220422-kak-lechit-monilioz-vishni; sibsad-pitomnik.ru/blog/plodovyj-sad/posadka-obrezka-vojlochnoj-vishni
srednyaya-polosa	iyul	ИЮЛЬ	obrezka	sad	voylochnaya-vishnya	grunt	После сбора урожая — санитарная и прореживающая обрезка: вырезка загущающих, подсохших и поражённых монилиозом ветвей до здоровой ткани; однолетние приросты длиннее 60 см укорачивают на треть. Каждые 4-5 лет — омолаживание на боковое ответвление.		supersadovnik.ru/plant/vishnya-vojlochnaya-1391; fertilizerdaily.ru/20220422-kak-lechit-monilioz-vishni; sibsad-pitomnik.ru/blog/plodovyj-sad/posadka-obrezka-vojlochnoj-vishni
srednyaya-polosa	sentyabr	СЕНТЯБРЬ	obrezka	sad	voylochnaya-vishnya	grunt	При затянувшемся росте молодых кустов — прищипка верхушек однолетних побегов за 2-3 недели до заморозков: ускоряет вызревание древесины и повышает зимостойкость.		supersadovnik.ru/plant/vishnya-vojlochnaya-1391; fertilizerdaily.ru/20220422-kak-lechit-monilioz-vishni; sibsad-pitomnik.ru/blog/plodovyj-sad/posadka-obrezka-vojlochnoj-vishni
srednyaya-polosa	oktyabr	ОКТЯБРЬ	ukrytie	sad	voylochnaya-vishnya	grunt	Уборка опавшей листвы и засохших «мумий» из-под куста — снижение запаса инфекции монилиоза. Обвязка штамбиков молодых кустов от грызунов; мульчу от корневой шейки отгребают — под ней шейка преет.		supersadovnik.ru/plant/vishnya-vojlochnaya-1391; fertilizerdaily.ru/20220422-kak-lechit-monilioz-vishni; sibsad-pitomnik.ru/blog/plodovyj-sad/posadka-obrezka-vojlochnoj-vishni
srednyaya-polosa	fevral	ФЕВРАЛЬ	ukrytie	sad	voylochnaya-vishnya	grunt	В затяжные оттепели — отгребать и отаптывать снег у корневой шейки войлочной вишни: толстый слой снега на непромёрзшей земле вызывает подопревание шейки и гибель куста. Специального укрытия кусту не нужно.		supersadovnik.ru/plant/vishnya-vojlochnaya-1391; fertilizerdaily.ru/20220422-kak-lechit-monilioz-vishni; sibsad-pitomnik.ru/blog/plodovyj-sad/posadka-obrezka-vojlochnoj-vishni
yug	mart	МАРТ	posev	sad	voylochnaya-vishnya	grunt	Посадка войлочной вишни на возвышении, в конце февраля - марте, до распускания почек; на юге лучше в лёгкой полутени — куст плохо переносит жару и сухость воздуха.		supersadovnik.ru/plant/vishnya-vojlochnaya-1391; fertilizerdaily.ru/20220422-kak-lechit-monilioz-vishni; sibsad-pitomnik.ru/blog/plodovyj-sad/posadka-obrezka-vojlochnoj-vishni
yug	mart	МАРТ	obrabotka	sad	voylochnaya-vishnya	grunt	До цветения и после него — обработка от монилиоза и грибных пятнистостей (на юге поражается сильнее): 1%-я бордоская жидкость, «Хорус», «Скор». Осенью по опавшему листу — 1-3%-я бордоская жидкость.		supersadovnik.ru/plant/vishnya-vojlochnaya-1391; fertilizerdaily.ru/20220422-kak-lechit-monilioz-vishni; sibsad-pitomnik.ru/blog/plodovyj-sad/posadka-obrezka-vojlochnoj-vishni
yug	iyun	ИЮНЬ	urozhay	sad	voylochnaya-vishnya	grunt	Сбор войлочной вишни — на юге созревает в конце мая - июне.		supersadovnik.ru/plant/vishnya-vojlochnaya-1391; fertilizerdaily.ru/20220422-kak-lechit-monilioz-vishni; sibsad-pitomnik.ru/blog/plodovyj-sad/posadka-obrezka-vojlochnoj-vishni
yug	iyun	ИЮНЬ	obrezka	sad	voylochnaya-vishnya	grunt	После плодоношения — прореживающая обрезка загущённой кроны для проветривания (профилактика монилиоза во влажные периоды); удаление поражённых ветвей.		supersadovnik.ru/plant/vishnya-vojlochnaya-1391; fertilizerdaily.ru/20220422-kak-lechit-monilioz-vishni; sibsad-pitomnik.ru/blog/plodovyj-sad/posadka-obrezka-vojlochnoj-vishni
srednyaya-polosa	aprel	АПРЕЛЬ	posev	sad	persik	grunt	Посадка персика — весной, до распускания почек, у южной или юго-западной стены либо на самом тёплом защищённом месте. Штамб низкий (30-40 см) или без штамба, скелетные ветви закладывают низко — кустовая и пристенная форма удобнее для зимнего укрытия.		antonovsad.ru/kak-vyrastit-persik-v-sredney-polose-4221; ferma.expert/rasteniya/derevya/persiki/ukrytie; zelynyjsad.info/stati/kak-ukryvat-persik-na-zimu-v-sredney-polose
srednyaya-polosa	aprel	АПРЕЛЬ	obrabotka	sad	persik	grunt	По «зелёному конусу», до распускания почек — обработка от курчавости листьев: 3%-я бордоская жидкость или «Хорус»/«Скор». В средней полосе курчавость поражает персик практически ежегодно, без ранней обработки дерево теряет листья и слабеет.		antonovsad.ru/kak-vyrastit-persik-v-sredney-polose-4221; ferma.expert/rasteniya/derevya/persiki/ukrytie; zelynyjsad.info/stati/kak-ukryvat-persik-na-zimu-v-sredney-polose
srednyaya-polosa	aprel	АПРЕЛЬ	ukrytie	sad	persik	grunt	Снятие зимнего укрытия и обвязки с персика после устойчивого перехода к плюсовым температурам — постепенно, в пасмурный день, притеняя кору от солнечных ожогов.		antonovsad.ru/kak-vyrastit-persik-v-sredney-polose-4221; ferma.expert/rasteniya/derevya/persiki/ukrytie; zelynyjsad.info/stati/kak-ukryvat-persik-na-zimu-v-sredney-polose
srednyaya-polosa	iyun	ИЮНЬ	obrezka	sad	persik	grunt	Основная обрезка персика — весной: формируют невысокую чашевидную или веерную (пристенную) крону 2-2,5 м, вырезают волчки и загущающие ветви. В июне выламывают лишние зелёные побеги, прищипывают сильные, нормируют завязь (персик сильно перегружается).		antonovsad.ru/kak-vyrastit-persik-v-sredney-polose-4221; ferma.expert/rasteniya/derevya/persiki/ukrytie; zelynyjsad.info/stati/kak-ukryvat-persik-na-zimu-v-sredney-polose
srednyaya-polosa	iyul	ИЮЛЬ	udobrenie	sad	persik	grunt	С середины лета азот из подкормок исключают полностью, переходят на фосфорно-калийные — для вызревания древесины и зимостойкости.		antonovsad.ru/kak-vyrastit-persik-v-sredney-polose-4221; ferma.expert/rasteniya/derevya/persiki/ukrytie; zelynyjsad.info/stati/kak-ukryvat-persik-na-zimu-v-sredney-polose
srednyaya-polosa	avgust	АВГУСТ	urozhay	sad	persik	grunt	Сбор персика в средней полосе — конец июля - август, в зависимости от сорта и года; плодоношение нестабильное, раз в 2-3 года.		antonovsad.ru/kak-vyrastit-persik-v-sredney-polose-4221; ferma.expert/rasteniya/derevya/persiki/ukrytie; zelynyjsad.info/stati/kak-ukryvat-persik-na-zimu-v-sredney-polose
srednyaya-polosa	oktyabr	ОКТЯБРЬ	ukrytie	sad	persik	grunt	Укрытие персика на зиму — с приходом устойчивых заморозков (-5...-8 °C), обычно во второй половине октября - начале ноября: пристенный или стланцевый персик снимают со шпалеры/пригибают, обвязывают спанбондом в 2-3 слоя, лапником, ставят короб; приствольный круг мульчируют. Главная опасность в средней полосе не морозы, а выпревание в оттепели — укрытие должно проветриваться.		antonovsad.ru/kak-vyrastit-persik-v-sredney-polose-4221; ferma.expert/rasteniya/derevya/persiki/ukrytie; zelynyjsad.info/stati/kak-ukryvat-persik-na-zimu-v-sredney-polose
srednyaya-polosa	aprel	АПРЕЛЬ	posev	sad	klyukva	grunt	Посадка крупноплодной клюквы — во второй половине апреля, когда торфогрунт оттает на 8-10 см. Гряда шириной 1-1,2 м, заглублённая, с бортиками, заправлена кислым верховым торфом (pH 3,5-5), с возможностью постоянно поддерживать высокую влажность. По 2 саженца в лунку.		supersadovnik.ru/plant/klyukva-krupnoplodnaya-1364; rastenievod.com/klyukva.html; antonovsad.ru/vyrashchivanie-klyukvy-v-sadu-sorta-posadka-i-uhod-2302
srednyaya-polosa	may	МАЙ	obrezka	sad	klyukva	grunt	В мае — прореживание и лёгкая обрезка клюквы (особенно важно первые 3 года, пока формируется куртина): удаляют длинные стелющиеся плети в пользу вертикальных плодоносящих побегов.		supersadovnik.ru/plant/klyukva-krupnoplodnaya-1364; rastenievod.com/klyukva.html; antonovsad.ru/vyrashchivanie-klyukvy-v-sadu-sorta-posadka-i-uhod-2302
srednyaya-polosa	iyun	ИЮНЬ	poliv	sad	klyukva	grunt	Весь сезон торф держат постоянно влажным (не залитым); в жару — освежающее дождевание. Раз в 3-4 года — пескование: смесь верхового торфа с крупным песком слоем 1,5-3 см поверх куртины, побеги прорастают сквозь неё и наращивают дополнительные корни.		supersadovnik.ru/plant/klyukva-krupnoplodnaya-1364; rastenievod.com/klyukva.html; antonovsad.ru/vyrashchivanie-klyukvy-v-sadu-sorta-posadka-i-uhod-2302
srednyaya-polosa	avgust	АВГУСТ	udobrenie	sad	klyukva	grunt	Подкормка специальным удобрением для вересковых/хвойных (без хлора и извести) — в середине августа и повторно в середине октября малой дозой. Азотные подкормки — только весной и по минимуму.		supersadovnik.ru/plant/klyukva-krupnoplodnaya-1364; rastenievod.com/klyukva.html; antonovsad.ru/vyrashchivanie-klyukvy-v-sadu-sorta-posadka-i-uhod-2302
srednyaya-polosa	avgust	АВГУСТ	obrabotka	sad	klyukva	grunt	От грибных болезней (снежная плесень, серая гниль, пятнистости, монилиоз — увядание и бурые/серые пятна на побегах и ягодах) — обработка бордоской жидкостью или медьсодержащим фунгицидом до цветения и после сбора; прореживание ковра, отвод лишней влаги в межсезонье.		supersadovnik.ru/plant/klyukva-krupnoplodnaya-1364; rastenievod.com/klyukva.html; antonovsad.ru/vyrashchivanie-klyukvy-v-sadu-sorta-posadka-i-uhod-2302
srednyaya-polosa	sentyabr	СЕНТЯБРЬ	urozhay	sad	klyukva	grunt	Сбор клюквы — с середины сентября до заморозков; после лёгкого подмораживания ягода слаще. Перебирают ковёр вручную или гребёнкой-«комбайном».		supersadovnik.ru/plant/klyukva-krupnoplodnaya-1364; rastenievod.com/klyukva.html; antonovsad.ru/vyrashchivanie-klyukvy-v-sadu-sorta-posadka-i-uhod-2302
srednyaya-polosa	oktyabr	ОКТЯБРЬ	ukrytie	sad	klyukva	grunt	Осенью — влагозарядка гряды и пескование (если по графику). На зиму клюкву укрывают лапником, спанбондом или слоем торфа (вечнозелёные побеги в бесснежные морозы и на ветру подсыхают). В суровые бесснежные зимы — послойный залив гряды водой (2 см, дать замёрзнуть, повторить) до ледяной корки.		supersadovnik.ru/plant/klyukva-krupnoplodnaya-1364; rastenievod.com/klyukva.html; antonovsad.ru/vyrashchivanie-klyukvy-v-sadu-sorta-posadka-i-uhod-2302
ural-sibir	may	МАЙ	posev	sad	klyukva	grunt	Посадка клюквы на заглублённую торфогряду с бортиками (кислый верховой торф, pH 3,5-5) — в мае, после оттаивания грунта. Обязательно предусмотреть надёжное зимнее укрытие.		supersadovnik.ru/plant/klyukva-krupnoplodnaya-1364; rastenievod.com/klyukva.html; antonovsad.ru/vyrashchivanie-klyukvy-v-sadu-sorta-posadka-i-uhod-2302
ural-sibir	oktyabr	ОКТЯБРЬ	ukrytie	sad	klyukva	grunt	Клюкву укрывают до устойчивых морозов: лапник или спанбонд плюс окучивание снегом и снегозадержание; в малоснежье — послойный залив гряды водой до ледяной корки.		supersadovnik.ru/plant/klyukva-krupnoplodnaya-1364; rastenievod.com/klyukva.html; antonovsad.ru/vyrashchivanie-klyukvy-v-sadu-sorta-posadka-i-uhod-2302
yug	mart	МАРТ	posev	sad	klyukva	grunt	Клюква на юге удаётся с трудом (жара, щёлочь воды и почвы, пересыхание торфа): только заглублённая торфогряда с бортиками в лёгкой полутени, с постоянным увлажнением и подкислением поливной воды.		supersadovnik.ru/plant/klyukva-krupnoplodnaya-1364; rastenievod.com/klyukva.html; antonovsad.ru/vyrashchivanie-klyukvy-v-sadu-sorta-posadka-i-uhod-2302
srednyaya-polosa	mart	МАРТ	udobrenie	dekor	krokus,muskari,podsnezhnik	grunt	По всходам мелколуковичных на многолетних куртинах (крокус, мускари, подснежник) — подкормка полным минеральным удобрением с упором на фосфор и калий, если почва бедная. На плодородной почве натурализовавшиеся куртины в подкормке не нуждаются.		ogorod.ru/ru/outdoor/tulip/9377; floristics.info/ru/stati/sadovodstvo/1612-nartsissy-ukhod; botanichka.ru/article/podgotovka-prorashhivanie-i-posadka-klubney-georgin; 7dach.ru/Raspopov_Gennadiy/...-32643.html; antonovsad.ru/uhod-za-pionami-...-2045; goldwins.ru/blog/irisy-v-sadu-ukhod-vesnoy
yug	fevral	ФЕВРАЛЬ	udobrenie	dekor	krokus,muskari,podsnezhnik	grunt	По всходам мелколуковичных на многолетних куртинах (крокус, мускари, подснежник) — подкормка полным минеральным удобрением с упором на фосфор и калий, если почва бедная. На плодородной почве натурализовавшиеся куртины в подкормке не нуждаются.		ogorod.ru/ru/outdoor/tulip/9377; floristics.info/ru/stati/sadovodstvo/1612-nartsissy-ukhod; botanichka.ru/article/podgotovka-prorashhivanie-i-posadka-klubney-georgin; 7dach.ru/Raspopov_Gennadiy/...-32643.html; antonovsad.ru/uhod-za-pionami-...-2045; goldwins.ru/blog/irisy-v-sadu-ukhod-vesnoy
ural-sibir	aprel	АПРЕЛЬ	udobrenie	dekor	krokus,muskari,podsnezhnik	grunt	По всходам мелколуковичных на многолетних куртинах (крокус, мускари, подснежник) — подкормка полным минеральным удобрением с упором на фосфор и калий, если почва бедная. На плодородной почве натурализовавшиеся куртины в подкормке не нуждаются.		ogorod.ru/ru/outdoor/tulip/9377; floristics.info/ru/stati/sadovodstvo/1612-nartsissy-ukhod; botanichka.ru/article/podgotovka-prorashhivanie-i-posadka-klubney-georgin; 7dach.ru/Raspopov_Gennadiy/...-32643.html; antonovsad.ru/uhod-za-pionami-...-2045; goldwins.ru/blog/irisy-v-sadu-ukhod-vesnoy
severo-zapad	mart	МАРТ	udobrenie	dekor	krokus,muskari,podsnezhnik	grunt	По всходам мелколуковичных на многолетних куртинах (крокус, мускари, подснежник) — подкормка полным минеральным удобрением с упором на фосфор и калий, если почва бедная. На плодородной почве натурализовавшиеся куртины в подкормке не нуждаются.		ogorod.ru/ru/outdoor/tulip/9377; floristics.info/ru/stati/sadovodstvo/1612-nartsissy-ukhod; botanichka.ru/article/podgotovka-prorashhivanie-i-posadka-klubney-georgin; 7dach.ru/Raspopov_Gennadiy/...-32643.html; antonovsad.ru/uhod-za-pionami-...-2045; goldwins.ru/blog/irisy-v-sadu-ukhod-vesnoy
srednyaya-polosa	may	МАЙ	obrezka	dekor	muskari	grunt	Обрезка отцветших цветоносов мускари до образования семян — ограничение агрессивного самосева (листья не трогают до пожелтения).		ogorod.ru/ru/outdoor/tulip/9377; floristics.info/ru/stati/sadovodstvo/1612-nartsissy-ukhod; botanichka.ru/article/podgotovka-prorashhivanie-i-posadka-klubney-georgin; 7dach.ru/Raspopov_Gennadiy/...-32643.html; antonovsad.ru/uhod-za-pionami-...-2045; goldwins.ru/blog/irisy-v-sadu-ukhod-vesnoy
yug	aprel	АПРЕЛЬ	obrezka	dekor	muskari	grunt	Обрезка отцветших цветоносов мускари до образования семян — ограничение агрессивного самосева (листья не трогают до пожелтения).		ogorod.ru/ru/outdoor/tulip/9377; floristics.info/ru/stati/sadovodstvo/1612-nartsissy-ukhod; botanichka.ru/article/podgotovka-prorashhivanie-i-posadka-klubney-georgin; 7dach.ru/Raspopov_Gennadiy/...-32643.html; antonovsad.ru/uhod-za-pionami-...-2045; goldwins.ru/blog/irisy-v-sadu-ukhod-vesnoy
ural-sibir	iyun	ИЮНЬ	obrezka	dekor	muskari	grunt	Обрезка отцветших цветоносов мускари до образования семян — ограничение агрессивного самосева (листья не трогают до пожелтения).		ogorod.ru/ru/outdoor/tulip/9377; floristics.info/ru/stati/sadovodstvo/1612-nartsissy-ukhod; botanichka.ru/article/podgotovka-prorashhivanie-i-posadka-klubney-georgin; 7dach.ru/Raspopov_Gennadiy/...-32643.html; antonovsad.ru/uhod-za-pionami-...-2045; goldwins.ru/blog/irisy-v-sadu-ukhod-vesnoy
severo-zapad	may	МАЙ	obrezka	dekor	muskari	grunt	Обрезка отцветших цветоносов мускари до образования семян — ограничение агрессивного самосева (листья не трогают до пожелтения).		ogorod.ru/ru/outdoor/tulip/9377; floristics.info/ru/stati/sadovodstvo/1612-nartsissy-ukhod; botanichka.ru/article/podgotovka-prorashhivanie-i-posadka-klubney-georgin; 7dach.ru/Raspopov_Gennadiy/...-32643.html; antonovsad.ru/uhod-za-pionami-...-2045; goldwins.ru/blog/irisy-v-sadu-ukhod-vesnoy
srednyaya-polosa	sentyabr	СЕНТЯБРЬ	obrabotka	dekor	krokus,podsnezhnik,tyulpan,liliya	grunt	Защита осенних посадок луковичных от мышей и полёвок при посадке: посадка в сетчатых корзинах, родентициды и отпугиватели в лунку и рядом. Нарциссы, мускари, рябчики грызуны не трогают — ими обсаживают уязвимые посадки крокусов, тюльпанов, лилий.		ogorod.ru/ru/outdoor/tulip/9377; floristics.info/ru/stati/sadovodstvo/1612-nartsissy-ukhod; botanichka.ru/article/podgotovka-prorashhivanie-i-posadka-klubney-georgin; 7dach.ru/Raspopov_Gennadiy/...-32643.html; antonovsad.ru/uhod-za-pionami-...-2045; goldwins.ru/blog/irisy-v-sadu-ukhod-vesnoy
yug	oktyabr	ОКТЯБРЬ	obrabotka	dekor	krokus,podsnezhnik,tyulpan,liliya	grunt	Защита осенних посадок луковичных от мышей и полёвок при посадке: посадка в сетчатых корзинах, родентициды и отпугиватели в лунку и рядом. Нарциссы, мускари, рябчики грызуны не трогают — ими обсаживают уязвимые посадки крокусов, тюльпанов, лилий.		ogorod.ru/ru/outdoor/tulip/9377; floristics.info/ru/stati/sadovodstvo/1612-nartsissy-ukhod; botanichka.ru/article/podgotovka-prorashhivanie-i-posadka-klubney-georgin; 7dach.ru/Raspopov_Gennadiy/...-32643.html; antonovsad.ru/uhod-za-pionami-...-2045; goldwins.ru/blog/irisy-v-sadu-ukhod-vesnoy
ural-sibir	avgust	АВГУСТ	obrabotka	dekor	krokus,podsnezhnik,tyulpan,liliya	grunt	Защита осенних посадок луковичных от мышей и полёвок при посадке: посадка в сетчатых корзинах, родентициды и отпугиватели в лунку и рядом. Нарциссы, мускари, рябчики грызуны не трогают — ими обсаживают уязвимые посадки крокусов, тюльпанов, лилий.		ogorod.ru/ru/outdoor/tulip/9377; floristics.info/ru/stati/sadovodstvo/1612-nartsissy-ukhod; botanichka.ru/article/podgotovka-prorashhivanie-i-posadka-klubney-georgin; 7dach.ru/Raspopov_Gennadiy/...-32643.html; antonovsad.ru/uhod-za-pionami-...-2045; goldwins.ru/blog/irisy-v-sadu-ukhod-vesnoy
severo-zapad	sentyabr	СЕНТЯБРЬ	obrabotka	dekor	krokus,podsnezhnik,tyulpan,liliya	grunt	Защита осенних посадок луковичных от мышей и полёвок при посадке: посадка в сетчатых корзинах, родентициды и отпугиватели в лунку и рядом. Нарциссы, мускари, рябчики грызуны не трогают — ими обсаживают уязвимые посадки крокусов, тюльпанов, лилий.		ogorod.ru/ru/outdoor/tulip/9377; floristics.info/ru/stati/sadovodstvo/1612-nartsissy-ukhod; botanichka.ru/article/podgotovka-prorashhivanie-i-posadka-klubney-georgin; 7dach.ru/Raspopov_Gennadiy/...-32643.html; antonovsad.ru/uhod-za-pionami-...-2045; goldwins.ru/blog/irisy-v-sadu-ukhod-vesnoy
srednyaya-polosa	mart	МАРТ	udobrenie	dekor	tyulpan	grunt	Подкормки тюльпанов: по всходам — азотно-минеральная (нитроаммофоска ~30 г/м²); по 2-3-му листу — комплексная; по бутонам — фосфорно-калийная (суперфосфат 20 г + сульфат калия на м²). Каждую подкормку совмещают с поливом.		ogorod.ru/ru/outdoor/tulip/9377; floristics.info/ru/stati/sadovodstvo/1612-nartsissy-ukhod; botanichka.ru/article/podgotovka-prorashhivanie-i-posadka-klubney-georgin; 7dach.ru/Raspopov_Gennadiy/...-32643.html; antonovsad.ru/uhod-za-pionami-...-2045; goldwins.ru/blog/irisy-v-sadu-ukhod-vesnoy
yug	fevral	ФЕВРАЛЬ	udobrenie	dekor	tyulpan	grunt	Подкормки тюльпанов: по всходам — азотно-минеральная (нитроаммофоска ~30 г/м²); по 2-3-му листу — комплексная; по бутонам — фосфорно-калийная (суперфосфат 20 г + сульфат калия на м²). Каждую подкормку совмещают с поливом.		ogorod.ru/ru/outdoor/tulip/9377; floristics.info/ru/stati/sadovodstvo/1612-nartsissy-ukhod; botanichka.ru/article/podgotovka-prorashhivanie-i-posadka-klubney-georgin; 7dach.ru/Raspopov_Gennadiy/...-32643.html; antonovsad.ru/uhod-za-pionami-...-2045; goldwins.ru/blog/irisy-v-sadu-ukhod-vesnoy
ural-sibir	aprel	АПРЕЛЬ	udobrenie	dekor	tyulpan	grunt	Подкормки тюльпанов: по всходам — азотно-минеральная (нитроаммофоска ~30 г/м²); по 2-3-му листу — комплексная; по бутонам — фосфорно-калийная (суперфосфат 20 г + сульфат калия на м²). Каждую подкормку совмещают с поливом.		ogorod.ru/ru/outdoor/tulip/9377; floristics.info/ru/stati/sadovodstvo/1612-nartsissy-ukhod; botanichka.ru/article/podgotovka-prorashhivanie-i-posadka-klubney-georgin; 7dach.ru/Raspopov_Gennadiy/...-32643.html; antonovsad.ru/uhod-za-pionami-...-2045; goldwins.ru/blog/irisy-v-sadu-ukhod-vesnoy
severo-zapad	mart	МАРТ	udobrenie	dekor	tyulpan	grunt	Подкормки тюльпанов: по всходам — азотно-минеральная (нитроаммофоска ~30 г/м²); по 2-3-му листу — комплексная; по бутонам — фосфорно-калийная (суперфосфат 20 г + сульфат калия на м²). Каждую подкормку совмещают с поливом.		ogorod.ru/ru/outdoor/tulip/9377; floristics.info/ru/stati/sadovodstvo/1612-nartsissy-ukhod; botanichka.ru/article/podgotovka-prorashhivanie-i-posadka-klubney-georgin; 7dach.ru/Raspopov_Gennadiy/...-32643.html; antonovsad.ru/uhod-za-pionami-...-2045; goldwins.ru/blog/irisy-v-sadu-ukhod-vesnoy
srednyaya-polosa	may	МАЙ	poliv	dekor	tyulpan	grunt	В засушливую весну — обильный полив тюльпанов в фазы бутонизации и цветения на глубину корней (35-40 см); после цветения полив прекращают.		ogorod.ru/ru/outdoor/tulip/9377; floristics.info/ru/stati/sadovodstvo/1612-nartsissy-ukhod; botanichka.ru/article/podgotovka-prorashhivanie-i-posadka-klubney-georgin; 7dach.ru/Raspopov_Gennadiy/...-32643.html; antonovsad.ru/uhod-za-pionami-...-2045; goldwins.ru/blog/irisy-v-sadu-ukhod-vesnoy
yug	aprel	АПРЕЛЬ	poliv	dekor	tyulpan	grunt	В засушливую весну — обильный полив тюльпанов в фазы бутонизации и цветения на глубину корней (35-40 см); после цветения полив прекращают.		ogorod.ru/ru/outdoor/tulip/9377; floristics.info/ru/stati/sadovodstvo/1612-nartsissy-ukhod; botanichka.ru/article/podgotovka-prorashhivanie-i-posadka-klubney-georgin; 7dach.ru/Raspopov_Gennadiy/...-32643.html; antonovsad.ru/uhod-za-pionami-...-2045; goldwins.ru/blog/irisy-v-sadu-ukhod-vesnoy
ural-sibir	iyun	ИЮНЬ	poliv	dekor	tyulpan	grunt	В засушливую весну — обильный полив тюльпанов в фазы бутонизации и цветения на глубину корней (35-40 см); после цветения полив прекращают.		ogorod.ru/ru/outdoor/tulip/9377; floristics.info/ru/stati/sadovodstvo/1612-nartsissy-ukhod; botanichka.ru/article/podgotovka-prorashhivanie-i-posadka-klubney-georgin; 7dach.ru/Raspopov_Gennadiy/...-32643.html; antonovsad.ru/uhod-za-pionami-...-2045; goldwins.ru/blog/irisy-v-sadu-ukhod-vesnoy
severo-zapad	may	МАЙ	poliv	dekor	tyulpan	grunt	В засушливую весну — обильный полив тюльпанов в фазы бутонизации и цветения на глубину корней (35-40 см); после цветения полив прекращают.		ogorod.ru/ru/outdoor/tulip/9377; floristics.info/ru/stati/sadovodstvo/1612-nartsissy-ukhod; botanichka.ru/article/podgotovka-prorashhivanie-i-posadka-klubney-georgin; 7dach.ru/Raspopov_Gennadiy/...-32643.html; antonovsad.ru/uhod-za-pionami-...-2045; goldwins.ru/blog/irisy-v-sadu-ukhod-vesnoy
srednyaya-polosa	may	МАЙ	obrabotka	dekor	tyulpan	grunt	От серой гнили (ботритис — бурые «ожоговые» пятна на листьях и лепестках в сырую погоду) — обработка фунгицидом; растения с пестролепестностью (вирусная пестрота) выкапывают и уничтожают — источник заражения.		ogorod.ru/ru/outdoor/tulip/9377; floristics.info/ru/stati/sadovodstvo/1612-nartsissy-ukhod; botanichka.ru/article/podgotovka-prorashhivanie-i-posadka-klubney-georgin; 7dach.ru/Raspopov_Gennadiy/...-32643.html; antonovsad.ru/uhod-za-pionami-...-2045; goldwins.ru/blog/irisy-v-sadu-ukhod-vesnoy
yug	aprel	АПРЕЛЬ	obrabotka	dekor	tyulpan	grunt	От серой гнили (ботритис — бурые «ожоговые» пятна на листьях и лепестках в сырую погоду) — обработка фунгицидом; растения с пестролепестностью (вирусная пестрота) выкапывают и уничтожают — источник заражения.		ogorod.ru/ru/outdoor/tulip/9377; floristics.info/ru/stati/sadovodstvo/1612-nartsissy-ukhod; botanichka.ru/article/podgotovka-prorashhivanie-i-posadka-klubney-georgin; 7dach.ru/Raspopov_Gennadiy/...-32643.html; antonovsad.ru/uhod-za-pionami-...-2045; goldwins.ru/blog/irisy-v-sadu-ukhod-vesnoy
ural-sibir	iyun	ИЮНЬ	obrabotka	dekor	tyulpan	grunt	От серой гнили (ботритис — бурые «ожоговые» пятна на листьях и лепестках в сырую погоду) — обработка фунгицидом; растения с пестролепестностью (вирусная пестрота) выкапывают и уничтожают — источник заражения.		ogorod.ru/ru/outdoor/tulip/9377; floristics.info/ru/stati/sadovodstvo/1612-nartsissy-ukhod; botanichka.ru/article/podgotovka-prorashhivanie-i-posadka-klubney-georgin; 7dach.ru/Raspopov_Gennadiy/...-32643.html; antonovsad.ru/uhod-za-pionami-...-2045; goldwins.ru/blog/irisy-v-sadu-ukhod-vesnoy
severo-zapad	may	МАЙ	obrabotka	dekor	tyulpan	grunt	От серой гнили (ботритис — бурые «ожоговые» пятна на листьях и лепестках в сырую погоду) — обработка фунгицидом; растения с пестролепестностью (вирусная пестрота) выкапывают и уничтожают — источник заражения.		ogorod.ru/ru/outdoor/tulip/9377; floristics.info/ru/stati/sadovodstvo/1612-nartsissy-ukhod; botanichka.ru/article/podgotovka-prorashhivanie-i-posadka-klubney-georgin; 7dach.ru/Raspopov_Gennadiy/...-32643.html; antonovsad.ru/uhod-za-pionami-...-2045; goldwins.ru/blog/irisy-v-sadu-ukhod-vesnoy
srednyaya-polosa	iyun	ИЮНЬ	razmnozhenie	dekor	tyulpan	grunt	Выкопка тюльпанов — когда листья пожелтели на две трети (конец июня - начало июля): гнёзда разбирают, просушивают в тени, крупные луковицы откладывают на осеннюю посадку, детку доращивают. Видовые и ботанические тюльпаны можно не выкапывать 2-3 года.		ogorod.ru/ru/outdoor/tulip/9377; floristics.info/ru/stati/sadovodstvo/1612-nartsissy-ukhod; botanichka.ru/article/podgotovka-prorashhivanie-i-posadka-klubney-georgin; 7dach.ru/Raspopov_Gennadiy/...-32643.html; antonovsad.ru/uhod-za-pionami-...-2045; goldwins.ru/blog/irisy-v-sadu-ukhod-vesnoy
yug	may	МАЙ	razmnozhenie	dekor	tyulpan	grunt	Выкопка тюльпанов — когда листья пожелтели на две трети (конец июня - начало июля): гнёзда разбирают, просушивают в тени, крупные луковицы откладывают на осеннюю посадку, детку доращивают. Видовые и ботанические тюльпаны можно не выкапывать 2-3 года.		ogorod.ru/ru/outdoor/tulip/9377; floristics.info/ru/stati/sadovodstvo/1612-nartsissy-ukhod; botanichka.ru/article/podgotovka-prorashhivanie-i-posadka-klubney-georgin; 7dach.ru/Raspopov_Gennadiy/...-32643.html; antonovsad.ru/uhod-za-pionami-...-2045; goldwins.ru/blog/irisy-v-sadu-ukhod-vesnoy
ural-sibir	iyul	ИЮЛЬ	razmnozhenie	dekor	tyulpan	grunt	Выкопка тюльпанов — когда листья пожелтели на две трети (конец июня - начало июля): гнёзда разбирают, просушивают в тени, крупные луковицы откладывают на осеннюю посадку, детку доращивают. Видовые и ботанические тюльпаны можно не выкапывать 2-3 года.		ogorod.ru/ru/outdoor/tulip/9377; floristics.info/ru/stati/sadovodstvo/1612-nartsissy-ukhod; botanichka.ru/article/podgotovka-prorashhivanie-i-posadka-klubney-georgin; 7dach.ru/Raspopov_Gennadiy/...-32643.html; antonovsad.ru/uhod-za-pionami-...-2045; goldwins.ru/blog/irisy-v-sadu-ukhod-vesnoy
severo-zapad	iyun	ИЮНЬ	razmnozhenie	dekor	tyulpan	grunt	Выкопка тюльпанов — когда листья пожелтели на две трети (конец июня - начало июля): гнёзда разбирают, просушивают в тени, крупные луковицы откладывают на осеннюю посадку, детку доращивают. Видовые и ботанические тюльпаны можно не выкапывать 2-3 года.		ogorod.ru/ru/outdoor/tulip/9377; floristics.info/ru/stati/sadovodstvo/1612-nartsissy-ukhod; botanichka.ru/article/podgotovka-prorashhivanie-i-posadka-klubney-georgin; 7dach.ru/Raspopov_Gennadiy/...-32643.html; antonovsad.ru/uhod-za-pionami-...-2045; goldwins.ru/blog/irisy-v-sadu-ukhod-vesnoy
srednyaya-polosa	mart	МАРТ	udobrenie	dekor	narciss	grunt	Подкормки нарциссов: по всходам — нитроаммофоска (~30 г/м²); по выдвижению цветоносов — азотно-калийная; после цветения — фосфорно-калийная. Совмещать с поливом, чтобы не обжечь корни.		ogorod.ru/ru/outdoor/tulip/9377; floristics.info/ru/stati/sadovodstvo/1612-nartsissy-ukhod; botanichka.ru/article/podgotovka-prorashhivanie-i-posadka-klubney-georgin; 7dach.ru/Raspopov_Gennadiy/...-32643.html; antonovsad.ru/uhod-za-pionami-...-2045; goldwins.ru/blog/irisy-v-sadu-ukhod-vesnoy
yug	fevral	ФЕВРАЛЬ	udobrenie	dekor	narciss	grunt	Подкормки нарциссов: по всходам — нитроаммофоска (~30 г/м²); по выдвижению цветоносов — азотно-калийная; после цветения — фосфорно-калийная. Совмещать с поливом, чтобы не обжечь корни.		ogorod.ru/ru/outdoor/tulip/9377; floristics.info/ru/stati/sadovodstvo/1612-nartsissy-ukhod; botanichka.ru/article/podgotovka-prorashhivanie-i-posadka-klubney-georgin; 7dach.ru/Raspopov_Gennadiy/...-32643.html; antonovsad.ru/uhod-za-pionami-...-2045; goldwins.ru/blog/irisy-v-sadu-ukhod-vesnoy
ural-sibir	aprel	АПРЕЛЬ	udobrenie	dekor	narciss	grunt	Подкормки нарциссов: по всходам — нитроаммофоска (~30 г/м²); по выдвижению цветоносов — азотно-калийная; после цветения — фосфорно-калийная. Совмещать с поливом, чтобы не обжечь корни.		ogorod.ru/ru/outdoor/tulip/9377; floristics.info/ru/stati/sadovodstvo/1612-nartsissy-ukhod; botanichka.ru/article/podgotovka-prorashhivanie-i-posadka-klubney-georgin; 7dach.ru/Raspopov_Gennadiy/...-32643.html; antonovsad.ru/uhod-za-pionami-...-2045; goldwins.ru/blog/irisy-v-sadu-ukhod-vesnoy
severo-zapad	mart	МАРТ	udobrenie	dekor	narciss	grunt	Подкормки нарциссов: по всходам — нитроаммофоска (~30 г/м²); по выдвижению цветоносов — азотно-калийная; после цветения — фосфорно-калийная. Совмещать с поливом, чтобы не обжечь корни.		ogorod.ru/ru/outdoor/tulip/9377; floristics.info/ru/stati/sadovodstvo/1612-nartsissy-ukhod; botanichka.ru/article/podgotovka-prorashhivanie-i-posadka-klubney-georgin; 7dach.ru/Raspopov_Gennadiy/...-32643.html; antonovsad.ru/uhod-za-pionami-...-2045; goldwins.ru/blog/irisy-v-sadu-ukhod-vesnoy
srednyaya-polosa	may	МАЙ	obrabotka	dekor	narciss	grunt	От нарциссовой мухи (личинки выедают луковицу) — рыхление и лёгкое окучивание в конце цветения, когда лист полегает и муха откладывает яйца у шейки; от фузариоза и грибных пятнистостей — фунгициды, выбраковка мягких луковиц при выкопке.		ogorod.ru/ru/outdoor/tulip/9377; floristics.info/ru/stati/sadovodstvo/1612-nartsissy-ukhod; botanichka.ru/article/podgotovka-prorashhivanie-i-posadka-klubney-georgin; 7dach.ru/Raspopov_Gennadiy/...-32643.html; antonovsad.ru/uhod-za-pionami-...-2045; goldwins.ru/blog/irisy-v-sadu-ukhod-vesnoy
yug	aprel	АПРЕЛЬ	obrabotka	dekor	narciss	grunt	От нарциссовой мухи (личинки выедают луковицу) — рыхление и лёгкое окучивание в конце цветения, когда лист полегает и муха откладывает яйца у шейки; от фузариоза и грибных пятнистостей — фунгициды, выбраковка мягких луковиц при выкопке.		ogorod.ru/ru/outdoor/tulip/9377; floristics.info/ru/stati/sadovodstvo/1612-nartsissy-ukhod; botanichka.ru/article/podgotovka-prorashhivanie-i-posadka-klubney-georgin; 7dach.ru/Raspopov_Gennadiy/...-32643.html; antonovsad.ru/uhod-za-pionami-...-2045; goldwins.ru/blog/irisy-v-sadu-ukhod-vesnoy
ural-sibir	iyun	ИЮНЬ	obrabotka	dekor	narciss	grunt	От нарциссовой мухи (личинки выедают луковицу) — рыхление и лёгкое окучивание в конце цветения, когда лист полегает и муха откладывает яйца у шейки; от фузариоза и грибных пятнистостей — фунгициды, выбраковка мягких луковиц при выкопке.		ogorod.ru/ru/outdoor/tulip/9377; floristics.info/ru/stati/sadovodstvo/1612-nartsissy-ukhod; botanichka.ru/article/podgotovka-prorashhivanie-i-posadka-klubney-georgin; 7dach.ru/Raspopov_Gennadiy/...-32643.html; antonovsad.ru/uhod-za-pionami-...-2045; goldwins.ru/blog/irisy-v-sadu-ukhod-vesnoy
severo-zapad	may	МАЙ	obrabotka	dekor	narciss	grunt	От нарциссовой мухи (личинки выедают луковицу) — рыхление и лёгкое окучивание в конце цветения, когда лист полегает и муха откладывает яйца у шейки; от фузариоза и грибных пятнистостей — фунгициды, выбраковка мягких луковиц при выкопке.		ogorod.ru/ru/outdoor/tulip/9377; floristics.info/ru/stati/sadovodstvo/1612-nartsissy-ukhod; botanichka.ru/article/podgotovka-prorashhivanie-i-posadka-klubney-georgin; 7dach.ru/Raspopov_Gennadiy/...-32643.html; antonovsad.ru/uhod-za-pionami-...-2045; goldwins.ru/blog/irisy-v-sadu-ukhod-vesnoy
srednyaya-polosa	may	МАЙ	poliv	dekor	narciss	grunt	В сухую весну — полив нарциссов в бутонизацию и цветение; нарцисс влаголюбивее тюльпана, при нехватке влаги цветки мельчают и «слепнут».		ogorod.ru/ru/outdoor/tulip/9377; floristics.info/ru/stati/sadovodstvo/1612-nartsissy-ukhod; botanichka.ru/article/podgotovka-prorashhivanie-i-posadka-klubney-georgin; 7dach.ru/Raspopov_Gennadiy/...-32643.html; antonovsad.ru/uhod-za-pionami-...-2045; goldwins.ru/blog/irisy-v-sadu-ukhod-vesnoy
yug	aprel	АПРЕЛЬ	poliv	dekor	narciss	grunt	В сухую весну — полив нарциссов в бутонизацию и цветение; нарцисс влаголюбивее тюльпана, при нехватке влаги цветки мельчают и «слепнут».		ogorod.ru/ru/outdoor/tulip/9377; floristics.info/ru/stati/sadovodstvo/1612-nartsissy-ukhod; botanichka.ru/article/podgotovka-prorashhivanie-i-posadka-klubney-georgin; 7dach.ru/Raspopov_Gennadiy/...-32643.html; antonovsad.ru/uhod-za-pionami-...-2045; goldwins.ru/blog/irisy-v-sadu-ukhod-vesnoy
ural-sibir	iyun	ИЮНЬ	poliv	dekor	narciss	grunt	В сухую весну — полив нарциссов в бутонизацию и цветение; нарцисс влаголюбивее тюльпана, при нехватке влаги цветки мельчают и «слепнут».		ogorod.ru/ru/outdoor/tulip/9377; floristics.info/ru/stati/sadovodstvo/1612-nartsissy-ukhod; botanichka.ru/article/podgotovka-prorashhivanie-i-posadka-klubney-georgin; 7dach.ru/Raspopov_Gennadiy/...-32643.html; antonovsad.ru/uhod-za-pionami-...-2045; goldwins.ru/blog/irisy-v-sadu-ukhod-vesnoy
severo-zapad	may	МАЙ	poliv	dekor	narciss	grunt	В сухую весну — полив нарциссов в бутонизацию и цветение; нарцисс влаголюбивее тюльпана, при нехватке влаги цветки мельчают и «слепнут».		ogorod.ru/ru/outdoor/tulip/9377; floristics.info/ru/stati/sadovodstvo/1612-nartsissy-ukhod; botanichka.ru/article/podgotovka-prorashhivanie-i-posadka-klubney-georgin; 7dach.ru/Raspopov_Gennadiy/...-32643.html; antonovsad.ru/uhod-za-pionami-...-2045; goldwins.ru/blog/irisy-v-sadu-ukhod-vesnoy
srednyaya-polosa	iyun	ИЮНЬ	razmnozhenie	dekor	narciss	grunt	Деление гнезда нарциссов — раз в 4-5 лет, когда цветение мельчает и появляется «загущение»: выкапывают после пожелтения листьев, разбирают, подсушивают и высаживают в конце лета. Ежегодная выкопка нарциссу не нужна.		ogorod.ru/ru/outdoor/tulip/9377; floristics.info/ru/stati/sadovodstvo/1612-nartsissy-ukhod; botanichka.ru/article/podgotovka-prorashhivanie-i-posadka-klubney-georgin; 7dach.ru/Raspopov_Gennadiy/...-32643.html; antonovsad.ru/uhod-za-pionami-...-2045; goldwins.ru/blog/irisy-v-sadu-ukhod-vesnoy
yug	may	МАЙ	razmnozhenie	dekor	narciss	grunt	Деление гнезда нарциссов — раз в 4-5 лет, когда цветение мельчает и появляется «загущение»: выкапывают после пожелтения листьев, разбирают, подсушивают и высаживают в конце лета. Ежегодная выкопка нарциссу не нужна.		ogorod.ru/ru/outdoor/tulip/9377; floristics.info/ru/stati/sadovodstvo/1612-nartsissy-ukhod; botanichka.ru/article/podgotovka-prorashhivanie-i-posadka-klubney-georgin; 7dach.ru/Raspopov_Gennadiy/...-32643.html; antonovsad.ru/uhod-za-pionami-...-2045; goldwins.ru/blog/irisy-v-sadu-ukhod-vesnoy
ural-sibir	iyul	ИЮЛЬ	razmnozhenie	dekor	narciss	grunt	Деление гнезда нарциссов — раз в 4-5 лет, когда цветение мельчает и появляется «загущение»: выкапывают после пожелтения листьев, разбирают, подсушивают и высаживают в конце лета. Ежегодная выкопка нарциссу не нужна.		ogorod.ru/ru/outdoor/tulip/9377; floristics.info/ru/stati/sadovodstvo/1612-nartsissy-ukhod; botanichka.ru/article/podgotovka-prorashhivanie-i-posadka-klubney-georgin; 7dach.ru/Raspopov_Gennadiy/...-32643.html; antonovsad.ru/uhod-za-pionami-...-2045; goldwins.ru/blog/irisy-v-sadu-ukhod-vesnoy
severo-zapad	iyun	ИЮНЬ	razmnozhenie	dekor	narciss	grunt	Деление гнезда нарциссов — раз в 4-5 лет, когда цветение мельчает и появляется «загущение»: выкапывают после пожелтения листьев, разбирают, подсушивают и высаживают в конце лета. Ежегодная выкопка нарциссу не нужна.		ogorod.ru/ru/outdoor/tulip/9377; floristics.info/ru/stati/sadovodstvo/1612-nartsissy-ukhod; botanichka.ru/article/podgotovka-prorashhivanie-i-posadka-klubney-georgin; 7dach.ru/Raspopov_Gennadiy/...-32643.html; antonovsad.ru/uhod-za-pionami-...-2045; goldwins.ru/blog/irisy-v-sadu-ukhod-vesnoy
srednyaya-polosa	mart	МАРТ	udobrenie	dekor	liliya	grunt	Подкормки лилий: по всходам — азотная; в бутонизацию — комплексная; после цветения — фосфорно-калийная для вызревания луковицы. Азиатские и ЛА-гибриды отзывчивы на золу, восточные золу не любят (нужна кислая почва).		ogorod.ru/ru/outdoor/tulip/9377; floristics.info/ru/stati/sadovodstvo/1612-nartsissy-ukhod; botanichka.ru/article/podgotovka-prorashhivanie-i-posadka-klubney-georgin; 7dach.ru/Raspopov_Gennadiy/...-32643.html; antonovsad.ru/uhod-za-pionami-...-2045; goldwins.ru/blog/irisy-v-sadu-ukhod-vesnoy
yug	fevral	ФЕВРАЛЬ	udobrenie	dekor	liliya	grunt	Подкормки лилий: по всходам — азотная; в бутонизацию — комплексная; после цветения — фосфорно-калийная для вызревания луковицы. Азиатские и ЛА-гибриды отзывчивы на золу, восточные золу не любят (нужна кислая почва).		ogorod.ru/ru/outdoor/tulip/9377; floristics.info/ru/stati/sadovodstvo/1612-nartsissy-ukhod; botanichka.ru/article/podgotovka-prorashhivanie-i-posadka-klubney-georgin; 7dach.ru/Raspopov_Gennadiy/...-32643.html; antonovsad.ru/uhod-za-pionami-...-2045; goldwins.ru/blog/irisy-v-sadu-ukhod-vesnoy
ural-sibir	aprel	АПРЕЛЬ	udobrenie	dekor	liliya	grunt	Подкормки лилий: по всходам — азотная; в бутонизацию — комплексная; после цветения — фосфорно-калийная для вызревания луковицы. Азиатские и ЛА-гибриды отзывчивы на золу, восточные золу не любят (нужна кислая почва).		ogorod.ru/ru/outdoor/tulip/9377; floristics.info/ru/stati/sadovodstvo/1612-nartsissy-ukhod; botanichka.ru/article/podgotovka-prorashhivanie-i-posadka-klubney-georgin; 7dach.ru/Raspopov_Gennadiy/...-32643.html; antonovsad.ru/uhod-za-pionami-...-2045; goldwins.ru/blog/irisy-v-sadu-ukhod-vesnoy
severo-zapad	mart	МАРТ	udobrenie	dekor	liliya	grunt	Подкормки лилий: по всходам — азотная; в бутонизацию — комплексная; после цветения — фосфорно-калийная для вызревания луковицы. Азиатские и ЛА-гибриды отзывчивы на золу, восточные золу не любят (нужна кислая почва).		ogorod.ru/ru/outdoor/tulip/9377; floristics.info/ru/stati/sadovodstvo/1612-nartsissy-ukhod; botanichka.ru/article/podgotovka-prorashhivanie-i-posadka-klubney-georgin; 7dach.ru/Raspopov_Gennadiy/...-32643.html; antonovsad.ru/uhod-za-pionami-...-2045; goldwins.ru/blog/irisy-v-sadu-ukhod-vesnoy
srednyaya-polosa	may	МАЙ	obrabotka	dekor	liliya	grunt	С появления ростков — регулярный осмотр и ручной сбор лилейного жука (пожарника) и его личинок; при массовом лёте — инсектицид. От ботритиса (бурые пятна на листьях в сырое лето) — обработки медьсодержащими и системными фунгицидами.		ogorod.ru/ru/outdoor/tulip/9377; floristics.info/ru/stati/sadovodstvo/1612-nartsissy-ukhod; botanichka.ru/article/podgotovka-prorashhivanie-i-posadka-klubney-georgin; 7dach.ru/Raspopov_Gennadiy/...-32643.html; antonovsad.ru/uhod-za-pionami-...-2045; goldwins.ru/blog/irisy-v-sadu-ukhod-vesnoy
yug	aprel	АПРЕЛЬ	obrabotka	dekor	liliya	grunt	С появления ростков — регулярный осмотр и ручной сбор лилейного жука (пожарника) и его личинок; при массовом лёте — инсектицид. От ботритиса (бурые пятна на листьях в сырое лето) — обработки медьсодержащими и системными фунгицидами.		ogorod.ru/ru/outdoor/tulip/9377; floristics.info/ru/stati/sadovodstvo/1612-nartsissy-ukhod; botanichka.ru/article/podgotovka-prorashhivanie-i-posadka-klubney-georgin; 7dach.ru/Raspopov_Gennadiy/...-32643.html; antonovsad.ru/uhod-za-pionami-...-2045; goldwins.ru/blog/irisy-v-sadu-ukhod-vesnoy
ural-sibir	iyun	ИЮНЬ	obrabotka	dekor	liliya	grunt	С появления ростков — регулярный осмотр и ручной сбор лилейного жука (пожарника) и его личинок; при массовом лёте — инсектицид. От ботритиса (бурые пятна на листьях в сырое лето) — обработки медьсодержащими и системными фунгицидами.		ogorod.ru/ru/outdoor/tulip/9377; floristics.info/ru/stati/sadovodstvo/1612-nartsissy-ukhod; botanichka.ru/article/podgotovka-prorashhivanie-i-posadka-klubney-georgin; 7dach.ru/Raspopov_Gennadiy/...-32643.html; antonovsad.ru/uhod-za-pionami-...-2045; goldwins.ru/blog/irisy-v-sadu-ukhod-vesnoy
severo-zapad	may	МАЙ	obrabotka	dekor	liliya	grunt	С появления ростков — регулярный осмотр и ручной сбор лилейного жука (пожарника) и его личинок; при массовом лёте — инсектицид. От ботритиса (бурые пятна на листьях в сырое лето) — обработки медьсодержащими и системными фунгицидами.		ogorod.ru/ru/outdoor/tulip/9377; floristics.info/ru/stati/sadovodstvo/1612-nartsissy-ukhod; botanichka.ru/article/podgotovka-prorashhivanie-i-posadka-klubney-georgin; 7dach.ru/Raspopov_Gennadiy/...-32643.html; antonovsad.ru/uhod-za-pionami-...-2045; goldwins.ru/blog/irisy-v-sadu-ukhod-vesnoy
srednyaya-polosa	iyun	ИЮНЬ	poliv	dekor	liliya	grunt	Полив лилий под корень в засуху весь период роста и бутонизации, не смачивая листья (ботритис); после цветения полив сокращают. Мульча обязательна — держит корни в прохладе, «голова на солнце, ноги в тени».		ogorod.ru/ru/outdoor/tulip/9377; floristics.info/ru/stati/sadovodstvo/1612-nartsissy-ukhod; botanichka.ru/article/podgotovka-prorashhivanie-i-posadka-klubney-georgin; 7dach.ru/Raspopov_Gennadiy/...-32643.html; antonovsad.ru/uhod-za-pionami-...-2045; goldwins.ru/blog/irisy-v-sadu-ukhod-vesnoy
yug	may	МАЙ	poliv	dekor	liliya	grunt	Полив лилий под корень в засуху весь период роста и бутонизации, не смачивая листья (ботритис); после цветения полив сокращают. Мульча обязательна — держит корни в прохладе, «голова на солнце, ноги в тени».		ogorod.ru/ru/outdoor/tulip/9377; floristics.info/ru/stati/sadovodstvo/1612-nartsissy-ukhod; botanichka.ru/article/podgotovka-prorashhivanie-i-posadka-klubney-georgin; 7dach.ru/Raspopov_Gennadiy/...-32643.html; antonovsad.ru/uhod-za-pionami-...-2045; goldwins.ru/blog/irisy-v-sadu-ukhod-vesnoy
ural-sibir	iyul	ИЮЛЬ	poliv	dekor	liliya	grunt	Полив лилий под корень в засуху весь период роста и бутонизации, не смачивая листья (ботритис); после цветения полив сокращают. Мульча обязательна — держит корни в прохладе, «голова на солнце, ноги в тени».		ogorod.ru/ru/outdoor/tulip/9377; floristics.info/ru/stati/sadovodstvo/1612-nartsissy-ukhod; botanichka.ru/article/podgotovka-prorashhivanie-i-posadka-klubney-georgin; 7dach.ru/Raspopov_Gennadiy/...-32643.html; antonovsad.ru/uhod-za-pionami-...-2045; goldwins.ru/blog/irisy-v-sadu-ukhod-vesnoy
severo-zapad	iyun	ИЮНЬ	poliv	dekor	liliya	grunt	Полив лилий под корень в засуху весь период роста и бутонизации, не смачивая листья (ботритис); после цветения полив сокращают. Мульча обязательна — держит корни в прохладе, «голова на солнце, ноги в тени».		ogorod.ru/ru/outdoor/tulip/9377; floristics.info/ru/stati/sadovodstvo/1612-nartsissy-ukhod; botanichka.ru/article/podgotovka-prorashhivanie-i-posadka-klubney-georgin; 7dach.ru/Raspopov_Gennadiy/...-32643.html; antonovsad.ru/uhod-za-pionami-...-2045; goldwins.ru/blog/irisy-v-sadu-ukhod-vesnoy
srednyaya-polosa	iyun	ИЮНЬ	obrezka	dekor	liliya	grunt	Удаление отцветших бутонов лилий, чтобы не завязывались семена; цветонос и листья не срезают — работают на луковицу, убирают только осенью после усыхания, оставляя пенёк 10-15 см.		ogorod.ru/ru/outdoor/tulip/9377; floristics.info/ru/stati/sadovodstvo/1612-nartsissy-ukhod; botanichka.ru/article/podgotovka-prorashhivanie-i-posadka-klubney-georgin; 7dach.ru/Raspopov_Gennadiy/...-32643.html; antonovsad.ru/uhod-za-pionami-...-2045; goldwins.ru/blog/irisy-v-sadu-ukhod-vesnoy
yug	may	МАЙ	obrezka	dekor	liliya	grunt	Удаление отцветших бутонов лилий, чтобы не завязывались семена; цветонос и листья не срезают — работают на луковицу, убирают только осенью после усыхания, оставляя пенёк 10-15 см.		ogorod.ru/ru/outdoor/tulip/9377; floristics.info/ru/stati/sadovodstvo/1612-nartsissy-ukhod; botanichka.ru/article/podgotovka-prorashhivanie-i-posadka-klubney-georgin; 7dach.ru/Raspopov_Gennadiy/...-32643.html; antonovsad.ru/uhod-za-pionami-...-2045; goldwins.ru/blog/irisy-v-sadu-ukhod-vesnoy
ural-sibir	iyul	ИЮЛЬ	obrezka	dekor	liliya	grunt	Удаление отцветших бутонов лилий, чтобы не завязывались семена; цветонос и листья не срезают — работают на луковицу, убирают только осенью после усыхания, оставляя пенёк 10-15 см.		ogorod.ru/ru/outdoor/tulip/9377; floristics.info/ru/stati/sadovodstvo/1612-nartsissy-ukhod; botanichka.ru/article/podgotovka-prorashhivanie-i-posadka-klubney-georgin; 7dach.ru/Raspopov_Gennadiy/...-32643.html; antonovsad.ru/uhod-za-pionami-...-2045; goldwins.ru/blog/irisy-v-sadu-ukhod-vesnoy
severo-zapad	iyun	ИЮНЬ	obrezka	dekor	liliya	grunt	Удаление отцветших бутонов лилий, чтобы не завязывались семена; цветонос и листья не срезают — работают на луковицу, убирают только осенью после усыхания, оставляя пенёк 10-15 см.		ogorod.ru/ru/outdoor/tulip/9377; floristics.info/ru/stati/sadovodstvo/1612-nartsissy-ukhod; botanichka.ru/article/podgotovka-prorashhivanie-i-posadka-klubney-georgin; 7dach.ru/Raspopov_Gennadiy/...-32643.html; antonovsad.ru/uhod-za-pionami-...-2045; goldwins.ru/blog/irisy-v-sadu-ukhod-vesnoy
srednyaya-polosa	sentyabr	СЕНТЯБРЬ	razmnozhenie	dekor	liliya	grunt	Деление разросшихся гнёзд лилий и пересадка — через 4-6 недель после цветения (конец августа - сентябрь), когда луковица восстановила силу; чешуйкование проводят тогда же.		ogorod.ru/ru/outdoor/tulip/9377; floristics.info/ru/stati/sadovodstvo/1612-nartsissy-ukhod; botanichka.ru/article/podgotovka-prorashhivanie-i-posadka-klubney-georgin; 7dach.ru/Raspopov_Gennadiy/...-32643.html; antonovsad.ru/uhod-za-pionami-...-2045; goldwins.ru/blog/irisy-v-sadu-ukhod-vesnoy
yug	oktyabr	ОКТЯБРЬ	razmnozhenie	dekor	liliya	grunt	Деление разросшихся гнёзд лилий и пересадка — через 4-6 недель после цветения (конец августа - сентябрь), когда луковица восстановила силу; чешуйкование проводят тогда же.		ogorod.ru/ru/outdoor/tulip/9377; floristics.info/ru/stati/sadovodstvo/1612-nartsissy-ukhod; botanichka.ru/article/podgotovka-prorashhivanie-i-posadka-klubney-georgin; 7dach.ru/Raspopov_Gennadiy/...-32643.html; antonovsad.ru/uhod-za-pionami-...-2045; goldwins.ru/blog/irisy-v-sadu-ukhod-vesnoy
ural-sibir	avgust	АВГУСТ	razmnozhenie	dekor	liliya	grunt	Деление разросшихся гнёзд лилий и пересадка — через 4-6 недель после цветения (конец августа - сентябрь), когда луковица восстановила силу; чешуйкование проводят тогда же.		ogorod.ru/ru/outdoor/tulip/9377; floristics.info/ru/stati/sadovodstvo/1612-nartsissy-ukhod; botanichka.ru/article/podgotovka-prorashhivanie-i-posadka-klubney-georgin; 7dach.ru/Raspopov_Gennadiy/...-32643.html; antonovsad.ru/uhod-za-pionami-...-2045; goldwins.ru/blog/irisy-v-sadu-ukhod-vesnoy
severo-zapad	sentyabr	СЕНТЯБРЬ	razmnozhenie	dekor	liliya	grunt	Деление разросшихся гнёзд лилий и пересадка — через 4-6 недель после цветения (конец августа - сентябрь), когда луковица восстановила силу; чешуйкование проводят тогда же.		ogorod.ru/ru/outdoor/tulip/9377; floristics.info/ru/stati/sadovodstvo/1612-nartsissy-ukhod; botanichka.ru/article/podgotovka-prorashhivanie-i-posadka-klubney-georgin; 7dach.ru/Raspopov_Gennadiy/...-32643.html; antonovsad.ru/uhod-za-pionami-...-2045; goldwins.ru/blog/irisy-v-sadu-ukhod-vesnoy
srednyaya-polosa	oktyabr	ОКТЯБРЬ	ukrytie	dekor	liliya	grunt	На зиму лилии мульчируют торфом или листвой слоем 10-15 см. Восточные гибриды, трубчатые и ОТ-гибриды — с укрытием от вымокания (лапник + плёнка/короб от дождя и оттепелей); азиатские и ЛА-гибриды зимуют без укрытия.		ogorod.ru/ru/outdoor/tulip/9377; floristics.info/ru/stati/sadovodstvo/1612-nartsissy-ukhod; botanichka.ru/article/podgotovka-prorashhivanie-i-posadka-klubney-georgin; 7dach.ru/Raspopov_Gennadiy/...-32643.html; antonovsad.ru/uhod-za-pionami-...-2045; goldwins.ru/blog/irisy-v-sadu-ukhod-vesnoy
yug	noyabr	НОЯБРЬ	ukrytie	dekor	liliya	grunt	На зиму лилии мульчируют торфом или листвой слоем 10-15 см. Восточные гибриды, трубчатые и ОТ-гибриды — с укрытием от вымокания (лапник + плёнка/короб от дождя и оттепелей); азиатские и ЛА-гибриды зимуют без укрытия.		ogorod.ru/ru/outdoor/tulip/9377; floristics.info/ru/stati/sadovodstvo/1612-nartsissy-ukhod; botanichka.ru/article/podgotovka-prorashhivanie-i-posadka-klubney-georgin; 7dach.ru/Raspopov_Gennadiy/...-32643.html; antonovsad.ru/uhod-za-pionami-...-2045; goldwins.ru/blog/irisy-v-sadu-ukhod-vesnoy
ural-sibir	sentyabr	СЕНТЯБРЬ	ukrytie	dekor	liliya	grunt	На зиму лилии мульчируют торфом или листвой слоем 10-15 см. Восточные гибриды, трубчатые и ОТ-гибриды — с укрытием от вымокания (лапник + плёнка/короб от дождя и оттепелей); азиатские и ЛА-гибриды зимуют без укрытия.		ogorod.ru/ru/outdoor/tulip/9377; floristics.info/ru/stati/sadovodstvo/1612-nartsissy-ukhod; botanichka.ru/article/podgotovka-prorashhivanie-i-posadka-klubney-georgin; 7dach.ru/Raspopov_Gennadiy/...-32643.html; antonovsad.ru/uhod-za-pionami-...-2045; goldwins.ru/blog/irisy-v-sadu-ukhod-vesnoy
severo-zapad	oktyabr	ОКТЯБРЬ	ukrytie	dekor	liliya	grunt	На зиму лилии мульчируют торфом или листвой слоем 10-15 см. Восточные гибриды, трубчатые и ОТ-гибриды — с укрытием от вымокания (лапник + плёнка/короб от дождя и оттепелей); азиатские и ЛА-гибриды зимуют без укрытия.		ogorod.ru/ru/outdoor/tulip/9377; floristics.info/ru/stati/sadovodstvo/1612-nartsissy-ukhod; botanichka.ru/article/podgotovka-prorashhivanie-i-posadka-klubney-georgin; 7dach.ru/Raspopov_Gennadiy/...-32643.html; antonovsad.ru/uhod-za-pionami-...-2045; goldwins.ru/blog/irisy-v-sadu-ukhod-vesnoy
srednyaya-polosa	mart	МАРТ	razmnozhenie	dekor	georgin	grunt	В конце марта - апреле клубни георгин достают из хранения, зачищают до здоровой ткани, проращивают в тепле во влажном субстрате; проснувшиеся побеги при желании черенкуют. Высадка в грунт — только после возвратных заморозков (конец мая - начало июня).		ogorod.ru/ru/outdoor/tulip/9377; floristics.info/ru/stati/sadovodstvo/1612-nartsissy-ukhod; botanichka.ru/article/podgotovka-prorashhivanie-i-posadka-klubney-georgin; 7dach.ru/Raspopov_Gennadiy/...-32643.html; antonovsad.ru/uhod-za-pionami-...-2045; goldwins.ru/blog/irisy-v-sadu-ukhod-vesnoy
yug	fevral	ФЕВРАЛЬ	razmnozhenie	dekor	georgin	grunt	В конце марта - апреле клубни георгин достают из хранения, зачищают до здоровой ткани, проращивают в тепле во влажном субстрате; проснувшиеся побеги при желании черенкуют. Высадка в грунт — только после возвратных заморозков (конец мая - начало июня).		ogorod.ru/ru/outdoor/tulip/9377; floristics.info/ru/stati/sadovodstvo/1612-nartsissy-ukhod; botanichka.ru/article/podgotovka-prorashhivanie-i-posadka-klubney-georgin; 7dach.ru/Raspopov_Gennadiy/...-32643.html; antonovsad.ru/uhod-za-pionami-...-2045; goldwins.ru/blog/irisy-v-sadu-ukhod-vesnoy
ural-sibir	aprel	АПРЕЛЬ	razmnozhenie	dekor	georgin	grunt	В конце марта - апреле клубни георгин достают из хранения, зачищают до здоровой ткани, проращивают в тепле во влажном субстрате; проснувшиеся побеги при желании черенкуют. Высадка в грунт — только после возвратных заморозков (конец мая - начало июня).		ogorod.ru/ru/outdoor/tulip/9377; floristics.info/ru/stati/sadovodstvo/1612-nartsissy-ukhod; botanichka.ru/article/podgotovka-prorashhivanie-i-posadka-klubney-georgin; 7dach.ru/Raspopov_Gennadiy/...-32643.html; antonovsad.ru/uhod-za-pionami-...-2045; goldwins.ru/blog/irisy-v-sadu-ukhod-vesnoy
severo-zapad	mart	МАРТ	razmnozhenie	dekor	georgin	grunt	В конце марта - апреле клубни георгин достают из хранения, зачищают до здоровой ткани, проращивают в тепле во влажном субстрате; проснувшиеся побеги при желании черенкуют. Высадка в грунт — только после возвратных заморозков (конец мая - начало июня).		ogorod.ru/ru/outdoor/tulip/9377; floristics.info/ru/stati/sadovodstvo/1612-nartsissy-ukhod; botanichka.ru/article/podgotovka-prorashhivanie-i-posadka-klubney-georgin; 7dach.ru/Raspopov_Gennadiy/...-32643.html; antonovsad.ru/uhod-za-pionami-...-2045; goldwins.ru/blog/irisy-v-sadu-ukhod-vesnoy
srednyaya-polosa	iyun	ИЮНЬ	udobrenie	dekor	georgin	grunt	Первая подкормка георгин — через неделю после высадки (азот + комплекс); в бутонизацию и цветение — фосфорно-калийные каждые 2 недели; с августа азот полностью исключают (для вызревания клубней).		ogorod.ru/ru/outdoor/tulip/9377; floristics.info/ru/stati/sadovodstvo/1612-nartsissy-ukhod; botanichka.ru/article/podgotovka-prorashhivanie-i-posadka-klubney-georgin; 7dach.ru/Raspopov_Gennadiy/...-32643.html; antonovsad.ru/uhod-za-pionami-...-2045; goldwins.ru/blog/irisy-v-sadu-ukhod-vesnoy
yug	may	МАЙ	udobrenie	dekor	georgin	grunt	Первая подкормка георгин — через неделю после высадки (азот + комплекс); в бутонизацию и цветение — фосфорно-калийные каждые 2 недели; с августа азот полностью исключают (для вызревания клубней).		ogorod.ru/ru/outdoor/tulip/9377; floristics.info/ru/stati/sadovodstvo/1612-nartsissy-ukhod; botanichka.ru/article/podgotovka-prorashhivanie-i-posadka-klubney-georgin; 7dach.ru/Raspopov_Gennadiy/...-32643.html; antonovsad.ru/uhod-za-pionami-...-2045; goldwins.ru/blog/irisy-v-sadu-ukhod-vesnoy
ural-sibir	iyul	ИЮЛЬ	udobrenie	dekor	georgin	grunt	Первая подкормка георгин — через неделю после высадки (азот + комплекс); в бутонизацию и цветение — фосфорно-калийные каждые 2 недели; с августа азот полностью исключают (для вызревания клубней).		ogorod.ru/ru/outdoor/tulip/9377; floristics.info/ru/stati/sadovodstvo/1612-nartsissy-ukhod; botanichka.ru/article/podgotovka-prorashhivanie-i-posadka-klubney-georgin; 7dach.ru/Raspopov_Gennadiy/...-32643.html; antonovsad.ru/uhod-za-pionami-...-2045; goldwins.ru/blog/irisy-v-sadu-ukhod-vesnoy
severo-zapad	iyun	ИЮНЬ	udobrenie	dekor	georgin	grunt	Первая подкормка георгин — через неделю после высадки (азот + комплекс); в бутонизацию и цветение — фосфорно-калийные каждые 2 недели; с августа азот полностью исключают (для вызревания клубней).		ogorod.ru/ru/outdoor/tulip/9377; floristics.info/ru/stati/sadovodstvo/1612-nartsissy-ukhod; botanichka.ru/article/podgotovka-prorashhivanie-i-posadka-klubney-georgin; 7dach.ru/Raspopov_Gennadiy/...-32643.html; antonovsad.ru/uhod-za-pionami-...-2045; goldwins.ru/blog/irisy-v-sadu-ukhod-vesnoy
srednyaya-polosa	iyun	ИЮНЬ	obrezka	dekor	georgin	grunt	Формировка георгин: оставляют 1-2 стебля (у высокорослых), лишние выламывают; ослепляют нижние пасынки до 3-4-й пары листьев; подвязка к прочной опоре сразу при посадке. У бордюрных сортов прищипывают точку роста над 4-й парой листьев.		ogorod.ru/ru/outdoor/tulip/9377; floristics.info/ru/stati/sadovodstvo/1612-nartsissy-ukhod; botanichka.ru/article/podgotovka-prorashhivanie-i-posadka-klubney-georgin; 7dach.ru/Raspopov_Gennadiy/...-32643.html; antonovsad.ru/uhod-za-pionami-...-2045; goldwins.ru/blog/irisy-v-sadu-ukhod-vesnoy
yug	may	МАЙ	obrezka	dekor	georgin	grunt	Формировка георгин: оставляют 1-2 стебля (у высокорослых), лишние выламывают; ослепляют нижние пасынки до 3-4-й пары листьев; подвязка к прочной опоре сразу при посадке. У бордюрных сортов прищипывают точку роста над 4-й парой листьев.		ogorod.ru/ru/outdoor/tulip/9377; floristics.info/ru/stati/sadovodstvo/1612-nartsissy-ukhod; botanichka.ru/article/podgotovka-prorashhivanie-i-posadka-klubney-georgin; 7dach.ru/Raspopov_Gennadiy/...-32643.html; antonovsad.ru/uhod-za-pionami-...-2045; goldwins.ru/blog/irisy-v-sadu-ukhod-vesnoy
ural-sibir	iyul	ИЮЛЬ	obrezka	dekor	georgin	grunt	Формировка георгин: оставляют 1-2 стебля (у высокорослых), лишние выламывают; ослепляют нижние пасынки до 3-4-й пары листьев; подвязка к прочной опоре сразу при посадке. У бордюрных сортов прищипывают точку роста над 4-й парой листьев.		ogorod.ru/ru/outdoor/tulip/9377; floristics.info/ru/stati/sadovodstvo/1612-nartsissy-ukhod; botanichka.ru/article/podgotovka-prorashhivanie-i-posadka-klubney-georgin; 7dach.ru/Raspopov_Gennadiy/...-32643.html; antonovsad.ru/uhod-za-pionami-...-2045; goldwins.ru/blog/irisy-v-sadu-ukhod-vesnoy
severo-zapad	iyun	ИЮНЬ	obrezka	dekor	georgin	grunt	Формировка георгин: оставляют 1-2 стебля (у высокорослых), лишние выламывают; ослепляют нижние пасынки до 3-4-й пары листьев; подвязка к прочной опоре сразу при посадке. У бордюрных сортов прищипывают точку роста над 4-й парой листьев.		ogorod.ru/ru/outdoor/tulip/9377; floristics.info/ru/stati/sadovodstvo/1612-nartsissy-ukhod; botanichka.ru/article/podgotovka-prorashhivanie-i-posadka-klubney-georgin; 7dach.ru/Raspopov_Gennadiy/...-32643.html; antonovsad.ru/uhod-za-pionami-...-2045; goldwins.ru/blog/irisy-v-sadu-ukhod-vesnoy
srednyaya-polosa	iyul	ИЮЛЬ	poliv	dekor	georgin	grunt	Полив георгин обильный, 1-2 раза в неделю в сухую погоду с глубоким промачиванием, обязательно по мульче; с конца августа полив сокращают.		ogorod.ru/ru/outdoor/tulip/9377; floristics.info/ru/stati/sadovodstvo/1612-nartsissy-ukhod; botanichka.ru/article/podgotovka-prorashhivanie-i-posadka-klubney-georgin; 7dach.ru/Raspopov_Gennadiy/...-32643.html; antonovsad.ru/uhod-za-pionami-...-2045; goldwins.ru/blog/irisy-v-sadu-ukhod-vesnoy
yug	iyun	ИЮНЬ	poliv	dekor	georgin	grunt	Полив георгин обильный, 1-2 раза в неделю в сухую погоду с глубоким промачиванием, обязательно по мульче; с конца августа полив сокращают.		ogorod.ru/ru/outdoor/tulip/9377; floristics.info/ru/stati/sadovodstvo/1612-nartsissy-ukhod; botanichka.ru/article/podgotovka-prorashhivanie-i-posadka-klubney-georgin; 7dach.ru/Raspopov_Gennadiy/...-32643.html; antonovsad.ru/uhod-za-pionami-...-2045; goldwins.ru/blog/irisy-v-sadu-ukhod-vesnoy
ural-sibir	avgust	АВГУСТ	poliv	dekor	georgin	grunt	Полив георгин обильный, 1-2 раза в неделю в сухую погоду с глубоким промачиванием, обязательно по мульче; с конца августа полив сокращают.		ogorod.ru/ru/outdoor/tulip/9377; floristics.info/ru/stati/sadovodstvo/1612-nartsissy-ukhod; botanichka.ru/article/podgotovka-prorashhivanie-i-posadka-klubney-georgin; 7dach.ru/Raspopov_Gennadiy/...-32643.html; antonovsad.ru/uhod-za-pionami-...-2045; goldwins.ru/blog/irisy-v-sadu-ukhod-vesnoy
severo-zapad	iyul	ИЮЛЬ	poliv	dekor	georgin	grunt	Полив георгин обильный, 1-2 раза в неделю в сухую погоду с глубоким промачиванием, обязательно по мульче; с конца августа полив сокращают.		ogorod.ru/ru/outdoor/tulip/9377; floristics.info/ru/stati/sadovodstvo/1612-nartsissy-ukhod; botanichka.ru/article/podgotovka-prorashhivanie-i-posadka-klubney-georgin; 7dach.ru/Raspopov_Gennadiy/...-32643.html; antonovsad.ru/uhod-za-pionami-...-2045; goldwins.ru/blog/irisy-v-sadu-ukhod-vesnoy
srednyaya-polosa	avgust	АВГУСТ	obrabotka	dekor	georgin	grunt	От тли, слюнявки-пенницы, паутинного клеща и трипса на георгинах — инсектицид/акарицид; кусты с признаками вирусной мозаики и бактериального рака (курчавость, деформация, наросты на корневой шейке) выкапывают и уничтожают.		ogorod.ru/ru/outdoor/tulip/9377; floristics.info/ru/stati/sadovodstvo/1612-nartsissy-ukhod; botanichka.ru/article/podgotovka-prorashhivanie-i-posadka-klubney-georgin; 7dach.ru/Raspopov_Gennadiy/...-32643.html; antonovsad.ru/uhod-za-pionami-...-2045; goldwins.ru/blog/irisy-v-sadu-ukhod-vesnoy
yug	iyul	ИЮЛЬ	obrabotka	dekor	georgin	grunt	От тли, слюнявки-пенницы, паутинного клеща и трипса на георгинах — инсектицид/акарицид; кусты с признаками вирусной мозаики и бактериального рака (курчавость, деформация, наросты на корневой шейке) выкапывают и уничтожают.		ogorod.ru/ru/outdoor/tulip/9377; floristics.info/ru/stati/sadovodstvo/1612-nartsissy-ukhod; botanichka.ru/article/podgotovka-prorashhivanie-i-posadka-klubney-georgin; 7dach.ru/Raspopov_Gennadiy/...-32643.html; antonovsad.ru/uhod-za-pionami-...-2045; goldwins.ru/blog/irisy-v-sadu-ukhod-vesnoy
ural-sibir	sentyabr	СЕНТЯБРЬ	obrabotka	dekor	georgin	grunt	От тли, слюнявки-пенницы, паутинного клеща и трипса на георгинах — инсектицид/акарицид; кусты с признаками вирусной мозаики и бактериального рака (курчавость, деформация, наросты на корневой шейке) выкапывают и уничтожают.		ogorod.ru/ru/outdoor/tulip/9377; floristics.info/ru/stati/sadovodstvo/1612-nartsissy-ukhod; botanichka.ru/article/podgotovka-prorashhivanie-i-posadka-klubney-georgin; 7dach.ru/Raspopov_Gennadiy/...-32643.html; antonovsad.ru/uhod-za-pionami-...-2045; goldwins.ru/blog/irisy-v-sadu-ukhod-vesnoy
severo-zapad	avgust	АВГУСТ	obrabotka	dekor	georgin	grunt	От тли, слюнявки-пенницы, паутинного клеща и трипса на георгинах — инсектицид/акарицид; кусты с признаками вирусной мозаики и бактериального рака (курчавость, деформация, наросты на корневой шейке) выкапывают и уничтожают.		ogorod.ru/ru/outdoor/tulip/9377; floristics.info/ru/stati/sadovodstvo/1612-nartsissy-ukhod; botanichka.ru/article/podgotovka-prorashhivanie-i-posadka-klubney-georgin; 7dach.ru/Raspopov_Gennadiy/...-32643.html; antonovsad.ru/uhod-za-pionami-...-2045; goldwins.ru/blog/irisy-v-sadu-ukhod-vesnoy
srednyaya-polosa	aprel	АПРЕЛЬ	obrabotka	dekor	gladiolus	grunt	За 2-3 недели до посадки клубнелуковицы гладиолусов очищают от чешуй, протравливают от трипса и грибов (инсектицид + фунгицид либо розовая марганцовка на 1-2 ч) и проращивают на свету ростком вверх.		ogorod.ru/ru/outdoor/tulip/9377; floristics.info/ru/stati/sadovodstvo/1612-nartsissy-ukhod; botanichka.ru/article/podgotovka-prorashhivanie-i-posadka-klubney-georgin; 7dach.ru/Raspopov_Gennadiy/...-32643.html; antonovsad.ru/uhod-za-pionami-...-2045; goldwins.ru/blog/irisy-v-sadu-ukhod-vesnoy
yug	mart	МАРТ	obrabotka	dekor	gladiolus	grunt	За 2-3 недели до посадки клубнелуковицы гладиолусов очищают от чешуй, протравливают от трипса и грибов (инсектицид + фунгицид либо розовая марганцовка на 1-2 ч) и проращивают на свету ростком вверх.		ogorod.ru/ru/outdoor/tulip/9377; floristics.info/ru/stati/sadovodstvo/1612-nartsissy-ukhod; botanichka.ru/article/podgotovka-prorashhivanie-i-posadka-klubney-georgin; 7dach.ru/Raspopov_Gennadiy/...-32643.html; antonovsad.ru/uhod-za-pionami-...-2045; goldwins.ru/blog/irisy-v-sadu-ukhod-vesnoy
ural-sibir	may	МАЙ	obrabotka	dekor	gladiolus	grunt	За 2-3 недели до посадки клубнелуковицы гладиолусов очищают от чешуй, протравливают от трипса и грибов (инсектицид + фунгицид либо розовая марганцовка на 1-2 ч) и проращивают на свету ростком вверх.		ogorod.ru/ru/outdoor/tulip/9377; floristics.info/ru/stati/sadovodstvo/1612-nartsissy-ukhod; botanichka.ru/article/podgotovka-prorashhivanie-i-posadka-klubney-georgin; 7dach.ru/Raspopov_Gennadiy/...-32643.html; antonovsad.ru/uhod-za-pionami-...-2045; goldwins.ru/blog/irisy-v-sadu-ukhod-vesnoy
severo-zapad	aprel	АПРЕЛЬ	obrabotka	dekor	gladiolus	grunt	За 2-3 недели до посадки клубнелуковицы гладиолусов очищают от чешуй, протравливают от трипса и грибов (инсектицид + фунгицид либо розовая марганцовка на 1-2 ч) и проращивают на свету ростком вверх.		ogorod.ru/ru/outdoor/tulip/9377; floristics.info/ru/stati/sadovodstvo/1612-nartsissy-ukhod; botanichka.ru/article/podgotovka-prorashhivanie-i-posadka-klubney-georgin; 7dach.ru/Raspopov_Gennadiy/...-32643.html; antonovsad.ru/uhod-za-pionami-...-2045; goldwins.ru/blog/irisy-v-sadu-ukhod-vesnoy
srednyaya-polosa	iyun	ИЮНЬ	udobrenie	dekor	gladiolus	grunt	Подкормки гладиолусов: по 2-3-му листу — азотная; по 5-6-му листу и в бутонизацию (июнь-июль) — фосфорно-калийные; сопровождают окучиванием на 8-10 см для устойчивости цветоносов.		ogorod.ru/ru/outdoor/tulip/9377; floristics.info/ru/stati/sadovodstvo/1612-nartsissy-ukhod; botanichka.ru/article/podgotovka-prorashhivanie-i-posadka-klubney-georgin; 7dach.ru/Raspopov_Gennadiy/...-32643.html; antonovsad.ru/uhod-za-pionami-...-2045; goldwins.ru/blog/irisy-v-sadu-ukhod-vesnoy
yug	may	МАЙ	udobrenie	dekor	gladiolus	grunt	Подкормки гладиолусов: по 2-3-му листу — азотная; по 5-6-му листу и в бутонизацию (июнь-июль) — фосфорно-калийные; сопровождают окучиванием на 8-10 см для устойчивости цветоносов.		ogorod.ru/ru/outdoor/tulip/9377; floristics.info/ru/stati/sadovodstvo/1612-nartsissy-ukhod; botanichka.ru/article/podgotovka-prorashhivanie-i-posadka-klubney-georgin; 7dach.ru/Raspopov_Gennadiy/...-32643.html; antonovsad.ru/uhod-za-pionami-...-2045; goldwins.ru/blog/irisy-v-sadu-ukhod-vesnoy
ural-sibir	iyul	ИЮЛЬ	udobrenie	dekor	gladiolus	grunt	Подкормки гладиолусов: по 2-3-му листу — азотная; по 5-6-му листу и в бутонизацию (июнь-июль) — фосфорно-калийные; сопровождают окучиванием на 8-10 см для устойчивости цветоносов.		ogorod.ru/ru/outdoor/tulip/9377; floristics.info/ru/stati/sadovodstvo/1612-nartsissy-ukhod; botanichka.ru/article/podgotovka-prorashhivanie-i-posadka-klubney-georgin; 7dach.ru/Raspopov_Gennadiy/...-32643.html; antonovsad.ru/uhod-za-pionami-...-2045; goldwins.ru/blog/irisy-v-sadu-ukhod-vesnoy
severo-zapad	iyun	ИЮНЬ	udobrenie	dekor	gladiolus	grunt	Подкормки гладиолусов: по 2-3-му листу — азотная; по 5-6-му листу и в бутонизацию (июнь-июль) — фосфорно-калийные; сопровождают окучиванием на 8-10 см для устойчивости цветоносов.		ogorod.ru/ru/outdoor/tulip/9377; floristics.info/ru/stati/sadovodstvo/1612-nartsissy-ukhod; botanichka.ru/article/podgotovka-prorashhivanie-i-posadka-klubney-georgin; 7dach.ru/Raspopov_Gennadiy/...-32643.html; antonovsad.ru/uhod-za-pionami-...-2045; goldwins.ru/blog/irisy-v-sadu-ukhod-vesnoy
srednyaya-polosa	iyun	ИЮНЬ	obrezka	dekor	gladiolus	grunt	Подвязка гладиолусов к опоре или шпалерному шнуру по мере роста. Цветонос на срезку снимают, оставляя на растении не менее 4 листьев — иначе не вызреет замещающая клубнелуковица.		ogorod.ru/ru/outdoor/tulip/9377; floristics.info/ru/stati/sadovodstvo/1612-nartsissy-ukhod; botanichka.ru/article/podgotovka-prorashhivanie-i-posadka-klubney-georgin; 7dach.ru/Raspopov_Gennadiy/...-32643.html; antonovsad.ru/uhod-za-pionami-...-2045; goldwins.ru/blog/irisy-v-sadu-ukhod-vesnoy
yug	may	МАЙ	obrezka	dekor	gladiolus	grunt	Подвязка гладиолусов к опоре или шпалерному шнуру по мере роста. Цветонос на срезку снимают, оставляя на растении не менее 4 листьев — иначе не вызреет замещающая клубнелуковица.		ogorod.ru/ru/outdoor/tulip/9377; floristics.info/ru/stati/sadovodstvo/1612-nartsissy-ukhod; botanichka.ru/article/podgotovka-prorashhivanie-i-posadka-klubney-georgin; 7dach.ru/Raspopov_Gennadiy/...-32643.html; antonovsad.ru/uhod-za-pionami-...-2045; goldwins.ru/blog/irisy-v-sadu-ukhod-vesnoy
ural-sibir	iyul	ИЮЛЬ	obrezka	dekor	gladiolus	grunt	Подвязка гладиолусов к опоре или шпалерному шнуру по мере роста. Цветонос на срезку снимают, оставляя на растении не менее 4 листьев — иначе не вызреет замещающая клубнелуковица.		ogorod.ru/ru/outdoor/tulip/9377; floristics.info/ru/stati/sadovodstvo/1612-nartsissy-ukhod; botanichka.ru/article/podgotovka-prorashhivanie-i-posadka-klubney-georgin; 7dach.ru/Raspopov_Gennadiy/...-32643.html; antonovsad.ru/uhod-za-pionami-...-2045; goldwins.ru/blog/irisy-v-sadu-ukhod-vesnoy
severo-zapad	iyun	ИЮНЬ	obrezka	dekor	gladiolus	grunt	Подвязка гладиолусов к опоре или шпалерному шнуру по мере роста. Цветонос на срезку снимают, оставляя на растении не менее 4 листьев — иначе не вызреет замещающая клубнелуковица.		ogorod.ru/ru/outdoor/tulip/9377; floristics.info/ru/stati/sadovodstvo/1612-nartsissy-ukhod; botanichka.ru/article/podgotovka-prorashhivanie-i-posadka-klubney-georgin; 7dach.ru/Raspopov_Gennadiy/...-32643.html; antonovsad.ru/uhod-za-pionami-...-2045; goldwins.ru/blog/irisy-v-sadu-ukhod-vesnoy
srednyaya-polosa	iyul	ИЮЛЬ	poliv	dekor	gladiolus	grunt	Полив гладиолусов обильный в бороздки, раз в неделю в засуху, особенно при выдвижении цветоноса и в бутонизацию; после полива — рыхление и обновление мульчи.		ogorod.ru/ru/outdoor/tulip/9377; floristics.info/ru/stati/sadovodstvo/1612-nartsissy-ukhod; botanichka.ru/article/podgotovka-prorashhivanie-i-posadka-klubney-georgin; 7dach.ru/Raspopov_Gennadiy/...-32643.html; antonovsad.ru/uhod-za-pionami-...-2045; goldwins.ru/blog/irisy-v-sadu-ukhod-vesnoy
yug	iyun	ИЮНЬ	poliv	dekor	gladiolus	grunt	Полив гладиолусов обильный в бороздки, раз в неделю в засуху, особенно при выдвижении цветоноса и в бутонизацию; после полива — рыхление и обновление мульчи.		ogorod.ru/ru/outdoor/tulip/9377; floristics.info/ru/stati/sadovodstvo/1612-nartsissy-ukhod; botanichka.ru/article/podgotovka-prorashhivanie-i-posadka-klubney-georgin; 7dach.ru/Raspopov_Gennadiy/...-32643.html; antonovsad.ru/uhod-za-pionami-...-2045; goldwins.ru/blog/irisy-v-sadu-ukhod-vesnoy
ural-sibir	avgust	АВГУСТ	poliv	dekor	gladiolus	grunt	Полив гладиолусов обильный в бороздки, раз в неделю в засуху, особенно при выдвижении цветоноса и в бутонизацию; после полива — рыхление и обновление мульчи.		ogorod.ru/ru/outdoor/tulip/9377; floristics.info/ru/stati/sadovodstvo/1612-nartsissy-ukhod; botanichka.ru/article/podgotovka-prorashhivanie-i-posadka-klubney-georgin; 7dach.ru/Raspopov_Gennadiy/...-32643.html; antonovsad.ru/uhod-za-pionami-...-2045; goldwins.ru/blog/irisy-v-sadu-ukhod-vesnoy
severo-zapad	iyul	ИЮЛЬ	poliv	dekor	gladiolus	grunt	Полив гладиолусов обильный в бороздки, раз в неделю в засуху, особенно при выдвижении цветоноса и в бутонизацию; после полива — рыхление и обновление мульчи.		ogorod.ru/ru/outdoor/tulip/9377; floristics.info/ru/stati/sadovodstvo/1612-nartsissy-ukhod; botanichka.ru/article/podgotovka-prorashhivanie-i-posadka-klubney-georgin; 7dach.ru/Raspopov_Gennadiy/...-32643.html; antonovsad.ru/uhod-za-pionami-...-2045; goldwins.ru/blog/irisy-v-sadu-ukhod-vesnoy
srednyaya-polosa	iyul	ИЮЛЬ	obrabotka	dekor	gladiolus	grunt	От трипса (серебристые штрихи и деформация листьев и цветков, усиливается в жару) — 2-3 обработки инсектицидом за сезон с интервалом 10-14 дней; от ботритиса, фузариоза и парши — фунгициды, выбраковка больных растений с выносом.		ogorod.ru/ru/outdoor/tulip/9377; floristics.info/ru/stati/sadovodstvo/1612-nartsissy-ukhod; botanichka.ru/article/podgotovka-prorashhivanie-i-posadka-klubney-georgin; 7dach.ru/Raspopov_Gennadiy/...-32643.html; antonovsad.ru/uhod-za-pionami-...-2045; goldwins.ru/blog/irisy-v-sadu-ukhod-vesnoy
yug	iyun	ИЮНЬ	obrabotka	dekor	gladiolus	grunt	От трипса (серебристые штрихи и деформация листьев и цветков, усиливается в жару) — 2-3 обработки инсектицидом за сезон с интервалом 10-14 дней; от ботритиса, фузариоза и парши — фунгициды, выбраковка больных растений с выносом.		ogorod.ru/ru/outdoor/tulip/9377; floristics.info/ru/stati/sadovodstvo/1612-nartsissy-ukhod; botanichka.ru/article/podgotovka-prorashhivanie-i-posadka-klubney-georgin; 7dach.ru/Raspopov_Gennadiy/...-32643.html; antonovsad.ru/uhod-za-pionami-...-2045; goldwins.ru/blog/irisy-v-sadu-ukhod-vesnoy
ural-sibir	avgust	АВГУСТ	obrabotka	dekor	gladiolus	grunt	От трипса (серебристые штрихи и деформация листьев и цветков, усиливается в жару) — 2-3 обработки инсектицидом за сезон с интервалом 10-14 дней; от ботритиса, фузариоза и парши — фунгициды, выбраковка больных растений с выносом.		ogorod.ru/ru/outdoor/tulip/9377; floristics.info/ru/stati/sadovodstvo/1612-nartsissy-ukhod; botanichka.ru/article/podgotovka-prorashhivanie-i-posadka-klubney-georgin; 7dach.ru/Raspopov_Gennadiy/...-32643.html; antonovsad.ru/uhod-za-pionami-...-2045; goldwins.ru/blog/irisy-v-sadu-ukhod-vesnoy
severo-zapad	iyul	ИЮЛЬ	obrabotka	dekor	gladiolus	grunt	От трипса (серебристые штрихи и деформация листьев и цветков, усиливается в жару) — 2-3 обработки инсектицидом за сезон с интервалом 10-14 дней; от ботритиса, фузариоза и парши — фунгициды, выбраковка больных растений с выносом.		ogorod.ru/ru/outdoor/tulip/9377; floristics.info/ru/stati/sadovodstvo/1612-nartsissy-ukhod; botanichka.ru/article/podgotovka-prorashhivanie-i-posadka-klubney-georgin; 7dach.ru/Raspopov_Gennadiy/...-32643.html; antonovsad.ru/uhod-za-pionami-...-2045; goldwins.ru/blog/irisy-v-sadu-ukhod-vesnoy
srednyaya-polosa	aprel	АПРЕЛЬ	udobrenie	dekor	iris	grunt	Ранней весной по подсохшей почве — подкормка бородатых ирисов фосфорно-калийным удобрением с малой долей азота (избыток азота провоцирует гнили); рассыпают вокруг корневища, не засыпая его. Повтор в бутонизацию.		ogorod.ru/ru/outdoor/tulip/9377; floristics.info/ru/stati/sadovodstvo/1612-nartsissy-ukhod; botanichka.ru/article/podgotovka-prorashhivanie-i-posadka-klubney-georgin; 7dach.ru/Raspopov_Gennadiy/...-32643.html; antonovsad.ru/uhod-za-pionami-...-2045; goldwins.ru/blog/irisy-v-sadu-ukhod-vesnoy
yug	mart	МАРТ	udobrenie	dekor	iris	grunt	Ранней весной по подсохшей почве — подкормка бородатых ирисов фосфорно-калийным удобрением с малой долей азота (избыток азота провоцирует гнили); рассыпают вокруг корневища, не засыпая его. Повтор в бутонизацию.		ogorod.ru/ru/outdoor/tulip/9377; floristics.info/ru/stati/sadovodstvo/1612-nartsissy-ukhod; botanichka.ru/article/podgotovka-prorashhivanie-i-posadka-klubney-georgin; 7dach.ru/Raspopov_Gennadiy/...-32643.html; antonovsad.ru/uhod-za-pionami-...-2045; goldwins.ru/blog/irisy-v-sadu-ukhod-vesnoy
ural-sibir	may	МАЙ	udobrenie	dekor	iris	grunt	Ранней весной по подсохшей почве — подкормка бородатых ирисов фосфорно-калийным удобрением с малой долей азота (избыток азота провоцирует гнили); рассыпают вокруг корневища, не засыпая его. Повтор в бутонизацию.		ogorod.ru/ru/outdoor/tulip/9377; floristics.info/ru/stati/sadovodstvo/1612-nartsissy-ukhod; botanichka.ru/article/podgotovka-prorashhivanie-i-posadka-klubney-georgin; 7dach.ru/Raspopov_Gennadiy/...-32643.html; antonovsad.ru/uhod-za-pionami-...-2045; goldwins.ru/blog/irisy-v-sadu-ukhod-vesnoy
severo-zapad	aprel	АПРЕЛЬ	udobrenie	dekor	iris	grunt	Ранней весной по подсохшей почве — подкормка бородатых ирисов фосфорно-калийным удобрением с малой долей азота (избыток азота провоцирует гнили); рассыпают вокруг корневища, не засыпая его. Повтор в бутонизацию.		ogorod.ru/ru/outdoor/tulip/9377; floristics.info/ru/stati/sadovodstvo/1612-nartsissy-ukhod; botanichka.ru/article/podgotovka-prorashhivanie-i-posadka-klubney-georgin; 7dach.ru/Raspopov_Gennadiy/...-32643.html; antonovsad.ru/uhod-za-pionami-...-2045; goldwins.ru/blog/irisy-v-sadu-ukhod-vesnoy
srednyaya-polosa	aprel	АПРЕЛЬ	obrabotka	dekor	iris	grunt	Профилактика бактериальной (мягкой) гнили корневищ: снять зимнюю мульчу с «плечиков» корневища (должны быть на свету), пролить и опрыскать фунгицидом; при первых очагах — вычистить гниль до здоровой ткани острым ножом, присыпать золой или толчёным углём.		ogorod.ru/ru/outdoor/tulip/9377; floristics.info/ru/stati/sadovodstvo/1612-nartsissy-ukhod; botanichka.ru/article/podgotovka-prorashhivanie-i-posadka-klubney-georgin; 7dach.ru/Raspopov_Gennadiy/...-32643.html; antonovsad.ru/uhod-za-pionami-...-2045; goldwins.ru/blog/irisy-v-sadu-ukhod-vesnoy
yug	mart	МАРТ	obrabotka	dekor	iris	grunt	Профилактика бактериальной (мягкой) гнили корневищ: снять зимнюю мульчу с «плечиков» корневища (должны быть на свету), пролить и опрыскать фунгицидом; при первых очагах — вычистить гниль до здоровой ткани острым ножом, присыпать золой или толчёным углём.		ogorod.ru/ru/outdoor/tulip/9377; floristics.info/ru/stati/sadovodstvo/1612-nartsissy-ukhod; botanichka.ru/article/podgotovka-prorashhivanie-i-posadka-klubney-georgin; 7dach.ru/Raspopov_Gennadiy/...-32643.html; antonovsad.ru/uhod-za-pionami-...-2045; goldwins.ru/blog/irisy-v-sadu-ukhod-vesnoy
ural-sibir	may	МАЙ	obrabotka	dekor	iris	grunt	Профилактика бактериальной (мягкой) гнили корневищ: снять зимнюю мульчу с «плечиков» корневища (должны быть на свету), пролить и опрыскать фунгицидом; при первых очагах — вычистить гниль до здоровой ткани острым ножом, присыпать золой или толчёным углём.		ogorod.ru/ru/outdoor/tulip/9377; floristics.info/ru/stati/sadovodstvo/1612-nartsissy-ukhod; botanichka.ru/article/podgotovka-prorashhivanie-i-posadka-klubney-georgin; 7dach.ru/Raspopov_Gennadiy/...-32643.html; antonovsad.ru/uhod-za-pionami-...-2045; goldwins.ru/blog/irisy-v-sadu-ukhod-vesnoy
severo-zapad	aprel	АПРЕЛЬ	obrabotka	dekor	iris	grunt	Профилактика бактериальной (мягкой) гнили корневищ: снять зимнюю мульчу с «плечиков» корневища (должны быть на свету), пролить и опрыскать фунгицидом; при первых очагах — вычистить гниль до здоровой ткани острым ножом, присыпать золой или толчёным углём.		ogorod.ru/ru/outdoor/tulip/9377; floristics.info/ru/stati/sadovodstvo/1612-nartsissy-ukhod; botanichka.ru/article/podgotovka-prorashhivanie-i-posadka-klubney-georgin; 7dach.ru/Raspopov_Gennadiy/...-32643.html; antonovsad.ru/uhod-za-pionami-...-2045; goldwins.ru/blog/irisy-v-sadu-ukhod-vesnoy
srednyaya-polosa	may	МАЙ	obrabotka	dekor	iris	grunt	От тли и трипса на цветоносах, от гетероспориоза (бурая пятнистость листьев во влажное лето) — инсектицид и медьсодержащий фунгицид; сильно поражённые листья срезают и выносят.		ogorod.ru/ru/outdoor/tulip/9377; floristics.info/ru/stati/sadovodstvo/1612-nartsissy-ukhod; botanichka.ru/article/podgotovka-prorashhivanie-i-posadka-klubney-georgin; 7dach.ru/Raspopov_Gennadiy/...-32643.html; antonovsad.ru/uhod-za-pionami-...-2045; goldwins.ru/blog/irisy-v-sadu-ukhod-vesnoy
yug	aprel	АПРЕЛЬ	obrabotka	dekor	iris	grunt	От тли и трипса на цветоносах, от гетероспориоза (бурая пятнистость листьев во влажное лето) — инсектицид и медьсодержащий фунгицид; сильно поражённые листья срезают и выносят.		ogorod.ru/ru/outdoor/tulip/9377; floristics.info/ru/stati/sadovodstvo/1612-nartsissy-ukhod; botanichka.ru/article/podgotovka-prorashhivanie-i-posadka-klubney-georgin; 7dach.ru/Raspopov_Gennadiy/...-32643.html; antonovsad.ru/uhod-za-pionami-...-2045; goldwins.ru/blog/irisy-v-sadu-ukhod-vesnoy
ural-sibir	iyun	ИЮНЬ	obrabotka	dekor	iris	grunt	От тли и трипса на цветоносах, от гетероспориоза (бурая пятнистость листьев во влажное лето) — инсектицид и медьсодержащий фунгицид; сильно поражённые листья срезают и выносят.		ogorod.ru/ru/outdoor/tulip/9377; floristics.info/ru/stati/sadovodstvo/1612-nartsissy-ukhod; botanichka.ru/article/podgotovka-prorashhivanie-i-posadka-klubney-georgin; 7dach.ru/Raspopov_Gennadiy/...-32643.html; antonovsad.ru/uhod-za-pionami-...-2045; goldwins.ru/blog/irisy-v-sadu-ukhod-vesnoy
severo-zapad	may	МАЙ	obrabotka	dekor	iris	grunt	От тли и трипса на цветоносах, от гетероспориоза (бурая пятнистость листьев во влажное лето) — инсектицид и медьсодержащий фунгицид; сильно поражённые листья срезают и выносят.		ogorod.ru/ru/outdoor/tulip/9377; floristics.info/ru/stati/sadovodstvo/1612-nartsissy-ukhod; botanichka.ru/article/podgotovka-prorashhivanie-i-posadka-klubney-georgin; 7dach.ru/Raspopov_Gennadiy/...-32643.html; antonovsad.ru/uhod-za-pionami-...-2045; goldwins.ru/blog/irisy-v-sadu-ukhod-vesnoy
srednyaya-polosa	iyun	ИЮНЬ	obrezka	dekor	iris	grunt	После цветения — выломать цветоносы у самого основания; зелёные листья не срезать (работают на корневище), убирать только сухие. Осенью листовой веер укоротить до 15-20 см.		ogorod.ru/ru/outdoor/tulip/9377; floristics.info/ru/stati/sadovodstvo/1612-nartsissy-ukhod; botanichka.ru/article/podgotovka-prorashhivanie-i-posadka-klubney-georgin; 7dach.ru/Raspopov_Gennadiy/...-32643.html; antonovsad.ru/uhod-za-pionami-...-2045; goldwins.ru/blog/irisy-v-sadu-ukhod-vesnoy
yug	may	МАЙ	obrezka	dekor	iris	grunt	После цветения — выломать цветоносы у самого основания; зелёные листья не срезать (работают на корневище), убирать только сухие. Осенью листовой веер укоротить до 15-20 см.		ogorod.ru/ru/outdoor/tulip/9377; floristics.info/ru/stati/sadovodstvo/1612-nartsissy-ukhod; botanichka.ru/article/podgotovka-prorashhivanie-i-posadka-klubney-georgin; 7dach.ru/Raspopov_Gennadiy/...-32643.html; antonovsad.ru/uhod-za-pionami-...-2045; goldwins.ru/blog/irisy-v-sadu-ukhod-vesnoy
ural-sibir	iyul	ИЮЛЬ	obrezka	dekor	iris	grunt	После цветения — выломать цветоносы у самого основания; зелёные листья не срезать (работают на корневище), убирать только сухие. Осенью листовой веер укоротить до 15-20 см.		ogorod.ru/ru/outdoor/tulip/9377; floristics.info/ru/stati/sadovodstvo/1612-nartsissy-ukhod; botanichka.ru/article/podgotovka-prorashhivanie-i-posadka-klubney-georgin; 7dach.ru/Raspopov_Gennadiy/...-32643.html; antonovsad.ru/uhod-za-pionami-...-2045; goldwins.ru/blog/irisy-v-sadu-ukhod-vesnoy
severo-zapad	iyun	ИЮНЬ	obrezka	dekor	iris	grunt	После цветения — выломать цветоносы у самого основания; зелёные листья не срезать (работают на корневище), убирать только сухие. Осенью листовой веер укоротить до 15-20 см.		ogorod.ru/ru/outdoor/tulip/9377; floristics.info/ru/stati/sadovodstvo/1612-nartsissy-ukhod; botanichka.ru/article/podgotovka-prorashhivanie-i-posadka-klubney-georgin; 7dach.ru/Raspopov_Gennadiy/...-32643.html; antonovsad.ru/uhod-za-pionami-...-2045; goldwins.ru/blog/irisy-v-sadu-ukhod-vesnoy
srednyaya-polosa	iyun	ИЮНЬ	poliv	dekor	iris	grunt	Бородатым ирисам полив нужен только в сильную засуху в бутонизацию; сибирские и болотные ирисы поливают регулярно. Мульчу к бородатым не подгребают — корневище должно прогреваться на солнце.		ogorod.ru/ru/outdoor/tulip/9377; floristics.info/ru/stati/sadovodstvo/1612-nartsissy-ukhod; botanichka.ru/article/podgotovka-prorashhivanie-i-posadka-klubney-georgin; 7dach.ru/Raspopov_Gennadiy/...-32643.html; antonovsad.ru/uhod-za-pionami-...-2045; goldwins.ru/blog/irisy-v-sadu-ukhod-vesnoy
yug	may	МАЙ	poliv	dekor	iris	grunt	Бородатым ирисам полив нужен только в сильную засуху в бутонизацию; сибирские и болотные ирисы поливают регулярно. Мульчу к бородатым не подгребают — корневище должно прогреваться на солнце.		ogorod.ru/ru/outdoor/tulip/9377; floristics.info/ru/stati/sadovodstvo/1612-nartsissy-ukhod; botanichka.ru/article/podgotovka-prorashhivanie-i-posadka-klubney-georgin; 7dach.ru/Raspopov_Gennadiy/...-32643.html; antonovsad.ru/uhod-za-pionami-...-2045; goldwins.ru/blog/irisy-v-sadu-ukhod-vesnoy
ural-sibir	iyul	ИЮЛЬ	poliv	dekor	iris	grunt	Бородатым ирисам полив нужен только в сильную засуху в бутонизацию; сибирские и болотные ирисы поливают регулярно. Мульчу к бородатым не подгребают — корневище должно прогреваться на солнце.		ogorod.ru/ru/outdoor/tulip/9377; floristics.info/ru/stati/sadovodstvo/1612-nartsissy-ukhod; botanichka.ru/article/podgotovka-prorashhivanie-i-posadka-klubney-georgin; 7dach.ru/Raspopov_Gennadiy/...-32643.html; antonovsad.ru/uhod-za-pionami-...-2045; goldwins.ru/blog/irisy-v-sadu-ukhod-vesnoy
severo-zapad	iyun	ИЮНЬ	poliv	dekor	iris	grunt	Бородатым ирисам полив нужен только в сильную засуху в бутонизацию; сибирские и болотные ирисы поливают регулярно. Мульчу к бородатым не подгребают — корневище должно прогреваться на солнце.		ogorod.ru/ru/outdoor/tulip/9377; floristics.info/ru/stati/sadovodstvo/1612-nartsissy-ukhod; botanichka.ru/article/podgotovka-prorashhivanie-i-posadka-klubney-georgin; 7dach.ru/Raspopov_Gennadiy/...-32643.html; antonovsad.ru/uhod-za-pionami-...-2045; goldwins.ru/blog/irisy-v-sadu-ukhod-vesnoy
srednyaya-polosa	aprel	АПРЕЛЬ	udobrenie	dekor	pion	grunt	Подкормки пиона: по отрастающим побегам — азотная; в бутонизацию — коровяк (1:10) с сульфатом калия, суперфосфатом и золой; через 2 недели после цветения — фосфорно-калийная. Сухие удобрения заделывают по периметру куста и поливают.		ogorod.ru/ru/outdoor/tulip/9377; floristics.info/ru/stati/sadovodstvo/1612-nartsissy-ukhod; botanichka.ru/article/podgotovka-prorashhivanie-i-posadka-klubney-georgin; 7dach.ru/Raspopov_Gennadiy/...-32643.html; antonovsad.ru/uhod-za-pionami-...-2045; goldwins.ru/blog/irisy-v-sadu-ukhod-vesnoy
yug	mart	МАРТ	udobrenie	dekor	pion	grunt	Подкормки пиона: по отрастающим побегам — азотная; в бутонизацию — коровяк (1:10) с сульфатом калия, суперфосфатом и золой; через 2 недели после цветения — фосфорно-калийная. Сухие удобрения заделывают по периметру куста и поливают.		ogorod.ru/ru/outdoor/tulip/9377; floristics.info/ru/stati/sadovodstvo/1612-nartsissy-ukhod; botanichka.ru/article/podgotovka-prorashhivanie-i-posadka-klubney-georgin; 7dach.ru/Raspopov_Gennadiy/...-32643.html; antonovsad.ru/uhod-za-pionami-...-2045; goldwins.ru/blog/irisy-v-sadu-ukhod-vesnoy
ural-sibir	may	МАЙ	udobrenie	dekor	pion	grunt	Подкормки пиона: по отрастающим побегам — азотная; в бутонизацию — коровяк (1:10) с сульфатом калия, суперфосфатом и золой; через 2 недели после цветения — фосфорно-калийная. Сухие удобрения заделывают по периметру куста и поливают.		ogorod.ru/ru/outdoor/tulip/9377; floristics.info/ru/stati/sadovodstvo/1612-nartsissy-ukhod; botanichka.ru/article/podgotovka-prorashhivanie-i-posadka-klubney-georgin; 7dach.ru/Raspopov_Gennadiy/...-32643.html; antonovsad.ru/uhod-za-pionami-...-2045; goldwins.ru/blog/irisy-v-sadu-ukhod-vesnoy
severo-zapad	aprel	АПРЕЛЬ	udobrenie	dekor	pion	grunt	Подкормки пиона: по отрастающим побегам — азотная; в бутонизацию — коровяк (1:10) с сульфатом калия, суперфосфатом и золой; через 2 недели после цветения — фосфорно-калийная. Сухие удобрения заделывают по периметру куста и поливают.		ogorod.ru/ru/outdoor/tulip/9377; floristics.info/ru/stati/sadovodstvo/1612-nartsissy-ukhod; botanichka.ru/article/podgotovka-prorashhivanie-i-posadka-klubney-georgin; 7dach.ru/Raspopov_Gennadiy/...-32643.html; antonovsad.ru/uhod-za-pionami-...-2045; goldwins.ru/blog/irisy-v-sadu-ukhod-vesnoy
srednyaya-polosa	aprel	АПРЕЛЬ	obrabotka	dekor	pion	grunt	Профилактика серой гнили (ботритис — увядание и загнивание стеблей у основания в сырые май-июнь): 2-3 обработки с интервалом 10-14 дней — первая проливом почвы по проросткам, следующие по листу (1%-я бордоская жидкость, «Хорус», «Скор»).		ogorod.ru/ru/outdoor/tulip/9377; floristics.info/ru/stati/sadovodstvo/1612-nartsissy-ukhod; botanichka.ru/article/podgotovka-prorashhivanie-i-posadka-klubney-georgin; 7dach.ru/Raspopov_Gennadiy/...-32643.html; antonovsad.ru/uhod-za-pionami-...-2045; goldwins.ru/blog/irisy-v-sadu-ukhod-vesnoy
yug	mart	МАРТ	obrabotka	dekor	pion	grunt	Профилактика серой гнили (ботритис — увядание и загнивание стеблей у основания в сырые май-июнь): 2-3 обработки с интервалом 10-14 дней — первая проливом почвы по проросткам, следующие по листу (1%-я бордоская жидкость, «Хорус», «Скор»).		ogorod.ru/ru/outdoor/tulip/9377; floristics.info/ru/stati/sadovodstvo/1612-nartsissy-ukhod; botanichka.ru/article/podgotovka-prorashhivanie-i-posadka-klubney-georgin; 7dach.ru/Raspopov_Gennadiy/...-32643.html; antonovsad.ru/uhod-za-pionami-...-2045; goldwins.ru/blog/irisy-v-sadu-ukhod-vesnoy
ural-sibir	may	МАЙ	obrabotka	dekor	pion	grunt	Профилактика серой гнили (ботритис — увядание и загнивание стеблей у основания в сырые май-июнь): 2-3 обработки с интервалом 10-14 дней — первая проливом почвы по проросткам, следующие по листу (1%-я бордоская жидкость, «Хорус», «Скор»).		ogorod.ru/ru/outdoor/tulip/9377; floristics.info/ru/stati/sadovodstvo/1612-nartsissy-ukhod; botanichka.ru/article/podgotovka-prorashhivanie-i-posadka-klubney-georgin; 7dach.ru/Raspopov_Gennadiy/...-32643.html; antonovsad.ru/uhod-za-pionami-...-2045; goldwins.ru/blog/irisy-v-sadu-ukhod-vesnoy
severo-zapad	aprel	АПРЕЛЬ	obrabotka	dekor	pion	grunt	Профилактика серой гнили (ботритис — увядание и загнивание стеблей у основания в сырые май-июнь): 2-3 обработки с интервалом 10-14 дней — первая проливом почвы по проросткам, следующие по листу (1%-я бордоская жидкость, «Хорус», «Скор»).		ogorod.ru/ru/outdoor/tulip/9377; floristics.info/ru/stati/sadovodstvo/1612-nartsissy-ukhod; botanichka.ru/article/podgotovka-prorashhivanie-i-posadka-klubney-georgin; 7dach.ru/Raspopov_Gennadiy/...-32643.html; antonovsad.ru/uhod-za-pionami-...-2045; goldwins.ru/blog/irisy-v-sadu-ukhod-vesnoy
srednyaya-polosa	may	МАЙ	poliv	dekor	pion	grunt	Глубокий полив пиона (15-20 л под куст) в бутонизацию, цветение и в августе — в период закладки почек возобновления; после полива рыхление и мульча, вода не должна застаиваться в центре куста.		ogorod.ru/ru/outdoor/tulip/9377; floristics.info/ru/stati/sadovodstvo/1612-nartsissy-ukhod; botanichka.ru/article/podgotovka-prorashhivanie-i-posadka-klubney-georgin; 7dach.ru/Raspopov_Gennadiy/...-32643.html; antonovsad.ru/uhod-za-pionami-...-2045; goldwins.ru/blog/irisy-v-sadu-ukhod-vesnoy
yug	aprel	АПРЕЛЬ	poliv	dekor	pion	grunt	Глубокий полив пиона (15-20 л под куст) в бутонизацию, цветение и в августе — в период закладки почек возобновления; после полива рыхление и мульча, вода не должна застаиваться в центре куста.		ogorod.ru/ru/outdoor/tulip/9377; floristics.info/ru/stati/sadovodstvo/1612-nartsissy-ukhod; botanichka.ru/article/podgotovka-prorashhivanie-i-posadka-klubney-georgin; 7dach.ru/Raspopov_Gennadiy/...-32643.html; antonovsad.ru/uhod-za-pionami-...-2045; goldwins.ru/blog/irisy-v-sadu-ukhod-vesnoy
ural-sibir	iyun	ИЮНЬ	poliv	dekor	pion	grunt	Глубокий полив пиона (15-20 л под куст) в бутонизацию, цветение и в августе — в период закладки почек возобновления; после полива рыхление и мульча, вода не должна застаиваться в центре куста.		ogorod.ru/ru/outdoor/tulip/9377; floristics.info/ru/stati/sadovodstvo/1612-nartsissy-ukhod; botanichka.ru/article/podgotovka-prorashhivanie-i-posadka-klubney-georgin; 7dach.ru/Raspopov_Gennadiy/...-32643.html; antonovsad.ru/uhod-za-pionami-...-2045; goldwins.ru/blog/irisy-v-sadu-ukhod-vesnoy
severo-zapad	may	МАЙ	poliv	dekor	pion	grunt	Глубокий полив пиона (15-20 л под куст) в бутонизацию, цветение и в августе — в период закладки почек возобновления; после полива рыхление и мульча, вода не должна застаиваться в центре куста.		ogorod.ru/ru/outdoor/tulip/9377; floristics.info/ru/stati/sadovodstvo/1612-nartsissy-ukhod; botanichka.ru/article/podgotovka-prorashhivanie-i-posadka-klubney-georgin; 7dach.ru/Raspopov_Gennadiy/...-32643.html; antonovsad.ru/uhod-za-pionami-...-2045; goldwins.ru/blog/irisy-v-sadu-ukhod-vesnoy
srednyaya-polosa	iyun	ИЮНЬ	obrezka	dekor	pion	grunt	Удаление отцветших цветков пиона с частью стебля, чтобы не завязывались семена; полную обрезку листвы на уровень почвы делают только поздней осенью, с обязательным выносом (споры ботритиса зимуют на листьях).		ogorod.ru/ru/outdoor/tulip/9377; floristics.info/ru/stati/sadovodstvo/1612-nartsissy-ukhod; botanichka.ru/article/podgotovka-prorashhivanie-i-posadka-klubney-georgin; 7dach.ru/Raspopov_Gennadiy/...-32643.html; antonovsad.ru/uhod-za-pionami-...-2045; goldwins.ru/blog/irisy-v-sadu-ukhod-vesnoy
yug	may	МАЙ	obrezka	dekor	pion	grunt	Удаление отцветших цветков пиона с частью стебля, чтобы не завязывались семена; полную обрезку листвы на уровень почвы делают только поздней осенью, с обязательным выносом (споры ботритиса зимуют на листьях).		ogorod.ru/ru/outdoor/tulip/9377; floristics.info/ru/stati/sadovodstvo/1612-nartsissy-ukhod; botanichka.ru/article/podgotovka-prorashhivanie-i-posadka-klubney-georgin; 7dach.ru/Raspopov_Gennadiy/...-32643.html; antonovsad.ru/uhod-za-pionami-...-2045; goldwins.ru/blog/irisy-v-sadu-ukhod-vesnoy
ural-sibir	iyul	ИЮЛЬ	obrezka	dekor	pion	grunt	Удаление отцветших цветков пиона с частью стебля, чтобы не завязывались семена; полную обрезку листвы на уровень почвы делают только поздней осенью, с обязательным выносом (споры ботритиса зимуют на листьях).		ogorod.ru/ru/outdoor/tulip/9377; floristics.info/ru/stati/sadovodstvo/1612-nartsissy-ukhod; botanichka.ru/article/podgotovka-prorashhivanie-i-posadka-klubney-georgin; 7dach.ru/Raspopov_Gennadiy/...-32643.html; antonovsad.ru/uhod-za-pionami-...-2045; goldwins.ru/blog/irisy-v-sadu-ukhod-vesnoy
severo-zapad	iyun	ИЮНЬ	obrezka	dekor	pion	grunt	Удаление отцветших цветков пиона с частью стебля, чтобы не завязывались семена; полную обрезку листвы на уровень почвы делают только поздней осенью, с обязательным выносом (споры ботритиса зимуют на листьях).		ogorod.ru/ru/outdoor/tulip/9377; floristics.info/ru/stati/sadovodstvo/1612-nartsissy-ukhod; botanichka.ru/article/podgotovka-prorashhivanie-i-posadka-klubney-georgin; 7dach.ru/Raspopov_Gennadiy/...-32643.html; antonovsad.ru/uhod-za-pionami-...-2045; goldwins.ru/blog/irisy-v-sadu-ukhod-vesnoy
severo-zapad	iyun	ИЮНЬ	razmnozhenie	dekor	tyulpan	grunt	На Северо-Западе тюльпаны выкапывают ежегодно и строго на дренированной гряде — на сырых почвах луковицы выпревают и гниют. Просушка обязательна, хранение в проветриваемом сухом месте.		ogorod.ru/ru/outdoor/tulip/9377; floristics.info/ru/stati/sadovodstvo/1612-nartsissy-ukhod; botanichka.ru/article/podgotovka-prorashhivanie-i-posadka-klubney-georgin; 7dach.ru/Raspopov_Gennadiy/...-32643.html; antonovsad.ru/uhod-za-pionami-...-2045; goldwins.ru/blog/irisy-v-sadu-ukhod-vesnoy
severo-zapad	sentyabr	СЕНТЯБРЬ	ukrytie	dekor	gladiolus,georgin	grunt	В прохладное сырое лето гладиолусы и георгины на Северо-Западе часто не успевают вызреть — берут ранние сорта, гряду делают дренированной, при угрозе ранних заморозков клубни выкапывают в первую очередь.		ogorod.ru/ru/outdoor/tulip/9377; floristics.info/ru/stati/sadovodstvo/1612-nartsissy-ukhod; botanichka.ru/article/podgotovka-prorashhivanie-i-posadka-klubney-georgin; 7dach.ru/Raspopov_Gennadiy/...-32643.html; antonovsad.ru/uhod-za-pionami-...-2045; goldwins.ru/blog/irisy-v-sadu-ukhod-vesnoy
srednyaya-polosa	may	МАЙ	udobrenie	dekor	delfinium	grunt	Подкормки дельфиниума 2-3 раза за сезон: при стеблях 15 см — раствор коровяка (1:10); в бутонизацию и цветение — монофосфат калия (20 г на 10 л, 1-1,5 л на куст). Азотные подкормки в июле ограничивают — провоцируют мучнистую росу.		ogorod.ru/ru/outdoor/perennial/19146; botanichka.ru/article/delfinium-ot-i-do; abekker.ru/articles/lavanda-ukrytie; dachadacha.com/rasteniya/lavanda-uzkolistnaya; antonovsad.ru/vyrashchivanie-geyhery-2448; drevo-spas.ru/lapchatka-kustarnikovaya-opisanie
yug	aprel	АПРЕЛЬ	udobrenie	dekor	delfinium	grunt	Подкормки дельфиниума 2-3 раза за сезон: при стеблях 15 см — раствор коровяка (1:10); в бутонизацию и цветение — монофосфат калия (20 г на 10 л, 1-1,5 л на куст). Азотные подкормки в июле ограничивают — провоцируют мучнистую росу.		ogorod.ru/ru/outdoor/perennial/19146; botanichka.ru/article/delfinium-ot-i-do; abekker.ru/articles/lavanda-ukrytie; dachadacha.com/rasteniya/lavanda-uzkolistnaya; antonovsad.ru/vyrashchivanie-geyhery-2448; drevo-spas.ru/lapchatka-kustarnikovaya-opisanie
ural-sibir	iyun	ИЮНЬ	udobrenie	dekor	delfinium	grunt	Подкормки дельфиниума 2-3 раза за сезон: при стеблях 15 см — раствор коровяка (1:10); в бутонизацию и цветение — монофосфат калия (20 г на 10 л, 1-1,5 л на куст). Азотные подкормки в июле ограничивают — провоцируют мучнистую росу.		ogorod.ru/ru/outdoor/perennial/19146; botanichka.ru/article/delfinium-ot-i-do; abekker.ru/articles/lavanda-ukrytie; dachadacha.com/rasteniya/lavanda-uzkolistnaya; antonovsad.ru/vyrashchivanie-geyhery-2448; drevo-spas.ru/lapchatka-kustarnikovaya-opisanie
severo-zapad	may	МАЙ	udobrenie	dekor	delfinium	grunt	Подкормки дельфиниума 2-3 раза за сезон: при стеблях 15 см — раствор коровяка (1:10); в бутонизацию и цветение — монофосфат калия (20 г на 10 л, 1-1,5 л на куст). Азотные подкормки в июле ограничивают — провоцируют мучнистую росу.		ogorod.ru/ru/outdoor/perennial/19146; botanichka.ru/article/delfinium-ot-i-do; abekker.ru/articles/lavanda-ukrytie; dachadacha.com/rasteniya/lavanda-uzkolistnaya; antonovsad.ru/vyrashchivanie-geyhery-2448; drevo-spas.ru/lapchatka-kustarnikovaya-opisanie
srednyaya-polosa	may	МАЙ	obrezka	dekor	delfinium	grunt	Прореживание куста дельфиниума при побегах 20-30 см: оставляют 3-5 сильных стеблей, остальные выламывают у земли — лучше проветривание, крупнее соцветия, меньше мучнистой росы. Стебли подвязывают к опоре в 2-3 местах.		ogorod.ru/ru/outdoor/perennial/19146; botanichka.ru/article/delfinium-ot-i-do; abekker.ru/articles/lavanda-ukrytie; dachadacha.com/rasteniya/lavanda-uzkolistnaya; antonovsad.ru/vyrashchivanie-geyhery-2448; drevo-spas.ru/lapchatka-kustarnikovaya-opisanie
yug	aprel	АПРЕЛЬ	obrezka	dekor	delfinium	grunt	Прореживание куста дельфиниума при побегах 20-30 см: оставляют 3-5 сильных стеблей, остальные выламывают у земли — лучше проветривание, крупнее соцветия, меньше мучнистой росы. Стебли подвязывают к опоре в 2-3 местах.		ogorod.ru/ru/outdoor/perennial/19146; botanichka.ru/article/delfinium-ot-i-do; abekker.ru/articles/lavanda-ukrytie; dachadacha.com/rasteniya/lavanda-uzkolistnaya; antonovsad.ru/vyrashchivanie-geyhery-2448; drevo-spas.ru/lapchatka-kustarnikovaya-opisanie
ural-sibir	iyun	ИЮНЬ	obrezka	dekor	delfinium	grunt	Прореживание куста дельфиниума при побегах 20-30 см: оставляют 3-5 сильных стеблей, остальные выламывают у земли — лучше проветривание, крупнее соцветия, меньше мучнистой росы. Стебли подвязывают к опоре в 2-3 местах.		ogorod.ru/ru/outdoor/perennial/19146; botanichka.ru/article/delfinium-ot-i-do; abekker.ru/articles/lavanda-ukrytie; dachadacha.com/rasteniya/lavanda-uzkolistnaya; antonovsad.ru/vyrashchivanie-geyhery-2448; drevo-spas.ru/lapchatka-kustarnikovaya-opisanie
severo-zapad	may	МАЙ	obrezka	dekor	delfinium	grunt	Прореживание куста дельфиниума при побегах 20-30 см: оставляют 3-5 сильных стеблей, остальные выламывают у земли — лучше проветривание, крупнее соцветия, меньше мучнистой росы. Стебли подвязывают к опоре в 2-3 местах.		ogorod.ru/ru/outdoor/perennial/19146; botanichka.ru/article/delfinium-ot-i-do; abekker.ru/articles/lavanda-ukrytie; dachadacha.com/rasteniya/lavanda-uzkolistnaya; antonovsad.ru/vyrashchivanie-geyhery-2448; drevo-spas.ru/lapchatka-kustarnikovaya-opisanie
srednyaya-polosa	iyun	ИЮНЬ	obrabotka	dekor	delfinium,floks	grunt	От мучнистой росы (белый налёт на листьях со второй половины лета) — при первых признаках коллоидная сера 1%, «Фитоспорин» или «Алирин-Б» с интервалом 7-10 дней; профилактика — прополка, прореживание, полив только под корень.		ogorod.ru/ru/outdoor/perennial/19146; botanichka.ru/article/delfinium-ot-i-do; abekker.ru/articles/lavanda-ukrytie; dachadacha.com/rasteniya/lavanda-uzkolistnaya; antonovsad.ru/vyrashchivanie-geyhery-2448; drevo-spas.ru/lapchatka-kustarnikovaya-opisanie
yug	may	МАЙ	obrabotka	dekor	delfinium,floks	grunt	От мучнистой росы (белый налёт на листьях со второй половины лета) — при первых признаках коллоидная сера 1%, «Фитоспорин» или «Алирин-Б» с интервалом 7-10 дней; профилактика — прополка, прореживание, полив только под корень.		ogorod.ru/ru/outdoor/perennial/19146; botanichka.ru/article/delfinium-ot-i-do; abekker.ru/articles/lavanda-ukrytie; dachadacha.com/rasteniya/lavanda-uzkolistnaya; antonovsad.ru/vyrashchivanie-geyhery-2448; drevo-spas.ru/lapchatka-kustarnikovaya-opisanie
ural-sibir	iyul	ИЮЛЬ	obrabotka	dekor	delfinium,floks	grunt	От мучнистой росы (белый налёт на листьях со второй половины лета) — при первых признаках коллоидная сера 1%, «Фитоспорин» или «Алирин-Б» с интервалом 7-10 дней; профилактика — прополка, прореживание, полив только под корень.		ogorod.ru/ru/outdoor/perennial/19146; botanichka.ru/article/delfinium-ot-i-do; abekker.ru/articles/lavanda-ukrytie; dachadacha.com/rasteniya/lavanda-uzkolistnaya; antonovsad.ru/vyrashchivanie-geyhery-2448; drevo-spas.ru/lapchatka-kustarnikovaya-opisanie
severo-zapad	iyun	ИЮНЬ	obrabotka	dekor	delfinium,floks	grunt	От мучнистой росы (белый налёт на листьях со второй половины лета) — при первых признаках коллоидная сера 1%, «Фитоспорин» или «Алирин-Б» с интервалом 7-10 дней; профилактика — прополка, прореживание, полив только под корень.		ogorod.ru/ru/outdoor/perennial/19146; botanichka.ru/article/delfinium-ot-i-do; abekker.ru/articles/lavanda-ukrytie; dachadacha.com/rasteniya/lavanda-uzkolistnaya; antonovsad.ru/vyrashchivanie-geyhery-2448; drevo-spas.ru/lapchatka-kustarnikovaya-opisanie
srednyaya-polosa	iyun	ИЮНЬ	obrezka	dekor	delfinium	grunt	После первого цветения — срезка отцветших цветоносов дельфиниума до листьев: при хорошем уходе даёт повторную волну в конце лета. В полые пеньки не должна попадать вода — загнивание корневища.		ogorod.ru/ru/outdoor/perennial/19146; botanichka.ru/article/delfinium-ot-i-do; abekker.ru/articles/lavanda-ukrytie; dachadacha.com/rasteniya/lavanda-uzkolistnaya; antonovsad.ru/vyrashchivanie-geyhery-2448; drevo-spas.ru/lapchatka-kustarnikovaya-opisanie
yug	may	МАЙ	obrezka	dekor	delfinium	grunt	После первого цветения — срезка отцветших цветоносов дельфиниума до листьев: при хорошем уходе даёт повторную волну в конце лета. В полые пеньки не должна попадать вода — загнивание корневища.		ogorod.ru/ru/outdoor/perennial/19146; botanichka.ru/article/delfinium-ot-i-do; abekker.ru/articles/lavanda-ukrytie; dachadacha.com/rasteniya/lavanda-uzkolistnaya; antonovsad.ru/vyrashchivanie-geyhery-2448; drevo-spas.ru/lapchatka-kustarnikovaya-opisanie
ural-sibir	iyul	ИЮЛЬ	obrezka	dekor	delfinium	grunt	После первого цветения — срезка отцветших цветоносов дельфиниума до листьев: при хорошем уходе даёт повторную волну в конце лета. В полые пеньки не должна попадать вода — загнивание корневища.		ogorod.ru/ru/outdoor/perennial/19146; botanichka.ru/article/delfinium-ot-i-do; abekker.ru/articles/lavanda-ukrytie; dachadacha.com/rasteniya/lavanda-uzkolistnaya; antonovsad.ru/vyrashchivanie-geyhery-2448; drevo-spas.ru/lapchatka-kustarnikovaya-opisanie
severo-zapad	iyun	ИЮНЬ	obrezka	dekor	delfinium	grunt	После первого цветения — срезка отцветших цветоносов дельфиниума до листьев: при хорошем уходе даёт повторную волну в конце лета. В полые пеньки не должна попадать вода — загнивание корневища.		ogorod.ru/ru/outdoor/perennial/19146; botanichka.ru/article/delfinium-ot-i-do; abekker.ru/articles/lavanda-ukrytie; dachadacha.com/rasteniya/lavanda-uzkolistnaya; antonovsad.ru/vyrashchivanie-geyhery-2448; drevo-spas.ru/lapchatka-kustarnikovaya-opisanie
srednyaya-polosa	sentyabr	СЕНТЯБРЬ	obrezka	dekor	delfinium	grunt	Осенью стебли дельфиниума срезают на высоте 20-30 см, полые срезы прикрывают от воды. Взрослые кусты зимостойки без укрытия; молодым — мульча перегноем или торфом.		ogorod.ru/ru/outdoor/perennial/19146; botanichka.ru/article/delfinium-ot-i-do; abekker.ru/articles/lavanda-ukrytie; dachadacha.com/rasteniya/lavanda-uzkolistnaya; antonovsad.ru/vyrashchivanie-geyhery-2448; drevo-spas.ru/lapchatka-kustarnikovaya-opisanie
yug	oktyabr	ОКТЯБРЬ	obrezka	dekor	delfinium	grunt	Осенью стебли дельфиниума срезают на высоте 20-30 см, полые срезы прикрывают от воды. Взрослые кусты зимостойки без укрытия; молодым — мульча перегноем или торфом.		ogorod.ru/ru/outdoor/perennial/19146; botanichka.ru/article/delfinium-ot-i-do; abekker.ru/articles/lavanda-ukrytie; dachadacha.com/rasteniya/lavanda-uzkolistnaya; antonovsad.ru/vyrashchivanie-geyhery-2448; drevo-spas.ru/lapchatka-kustarnikovaya-opisanie
ural-sibir	avgust	АВГУСТ	obrezka	dekor	delfinium	grunt	Осенью стебли дельфиниума срезают на высоте 20-30 см, полые срезы прикрывают от воды. Взрослые кусты зимостойки без укрытия; молодым — мульча перегноем или торфом.		ogorod.ru/ru/outdoor/perennial/19146; botanichka.ru/article/delfinium-ot-i-do; abekker.ru/articles/lavanda-ukrytie; dachadacha.com/rasteniya/lavanda-uzkolistnaya; antonovsad.ru/vyrashchivanie-geyhery-2448; drevo-spas.ru/lapchatka-kustarnikovaya-opisanie
severo-zapad	sentyabr	СЕНТЯБРЬ	obrezka	dekor	delfinium	grunt	Осенью стебли дельфиниума срезают на высоте 20-30 см, полые срезы прикрывают от воды. Взрослые кусты зимостойки без укрытия; молодым — мульча перегноем или торфом.		ogorod.ru/ru/outdoor/perennial/19146; botanichka.ru/article/delfinium-ot-i-do; abekker.ru/articles/lavanda-ukrytie; dachadacha.com/rasteniya/lavanda-uzkolistnaya; antonovsad.ru/vyrashchivanie-geyhery-2448; drevo-spas.ru/lapchatka-kustarnikovaya-opisanie
srednyaya-polosa	may	МАЙ	udobrenie	dekor	floks	grunt	Подкормки флокса: в мае — азотная (отрастание); в бутонизацию — комплексная; после цветения — фосфорно-калийная с золой. Рыхление с лёгким окучиванием — корневище нарастает вверх и оголяется.		ogorod.ru/ru/outdoor/perennial/19146; botanichka.ru/article/delfinium-ot-i-do; abekker.ru/articles/lavanda-ukrytie; dachadacha.com/rasteniya/lavanda-uzkolistnaya; antonovsad.ru/vyrashchivanie-geyhery-2448; drevo-spas.ru/lapchatka-kustarnikovaya-opisanie
yug	aprel	АПРЕЛЬ	udobrenie	dekor	floks	grunt	Подкормки флокса: в мае — азотная (отрастание); в бутонизацию — комплексная; после цветения — фосфорно-калийная с золой. Рыхление с лёгким окучиванием — корневище нарастает вверх и оголяется.		ogorod.ru/ru/outdoor/perennial/19146; botanichka.ru/article/delfinium-ot-i-do; abekker.ru/articles/lavanda-ukrytie; dachadacha.com/rasteniya/lavanda-uzkolistnaya; antonovsad.ru/vyrashchivanie-geyhery-2448; drevo-spas.ru/lapchatka-kustarnikovaya-opisanie
ural-sibir	iyun	ИЮНЬ	udobrenie	dekor	floks	grunt	Подкормки флокса: в мае — азотная (отрастание); в бутонизацию — комплексная; после цветения — фосфорно-калийная с золой. Рыхление с лёгким окучиванием — корневище нарастает вверх и оголяется.		ogorod.ru/ru/outdoor/perennial/19146; botanichka.ru/article/delfinium-ot-i-do; abekker.ru/articles/lavanda-ukrytie; dachadacha.com/rasteniya/lavanda-uzkolistnaya; antonovsad.ru/vyrashchivanie-geyhery-2448; drevo-spas.ru/lapchatka-kustarnikovaya-opisanie
severo-zapad	may	МАЙ	udobrenie	dekor	floks	grunt	Подкормки флокса: в мае — азотная (отрастание); в бутонизацию — комплексная; после цветения — фосфорно-калийная с золой. Рыхление с лёгким окучиванием — корневище нарастает вверх и оголяется.		ogorod.ru/ru/outdoor/perennial/19146; botanichka.ru/article/delfinium-ot-i-do; abekker.ru/articles/lavanda-ukrytie; dachadacha.com/rasteniya/lavanda-uzkolistnaya; antonovsad.ru/vyrashchivanie-geyhery-2448; drevo-spas.ru/lapchatka-kustarnikovaya-opisanie
srednyaya-polosa	iyul	ИЮЛЬ	poliv	dekor	floks	grunt	Флокс влаголюбив: обильный полив под корень в засуху (2-3 ведра на м²), особенно в бутонизацию и цветение; после полива — рыхление и мульча (корни поверхностные, перегреваются).		ogorod.ru/ru/outdoor/perennial/19146; botanichka.ru/article/delfinium-ot-i-do; abekker.ru/articles/lavanda-ukrytie; dachadacha.com/rasteniya/lavanda-uzkolistnaya; antonovsad.ru/vyrashchivanie-geyhery-2448; drevo-spas.ru/lapchatka-kustarnikovaya-opisanie
yug	iyun	ИЮНЬ	poliv	dekor	floks	grunt	Флокс влаголюбив: обильный полив под корень в засуху (2-3 ведра на м²), особенно в бутонизацию и цветение; после полива — рыхление и мульча (корни поверхностные, перегреваются).		ogorod.ru/ru/outdoor/perennial/19146; botanichka.ru/article/delfinium-ot-i-do; abekker.ru/articles/lavanda-ukrytie; dachadacha.com/rasteniya/lavanda-uzkolistnaya; antonovsad.ru/vyrashchivanie-geyhery-2448; drevo-spas.ru/lapchatka-kustarnikovaya-opisanie
ural-sibir	avgust	АВГУСТ	poliv	dekor	floks	grunt	Флокс влаголюбив: обильный полив под корень в засуху (2-3 ведра на м²), особенно в бутонизацию и цветение; после полива — рыхление и мульча (корни поверхностные, перегреваются).		ogorod.ru/ru/outdoor/perennial/19146; botanichka.ru/article/delfinium-ot-i-do; abekker.ru/articles/lavanda-ukrytie; dachadacha.com/rasteniya/lavanda-uzkolistnaya; antonovsad.ru/vyrashchivanie-geyhery-2448; drevo-spas.ru/lapchatka-kustarnikovaya-opisanie
severo-zapad	iyul	ИЮЛЬ	poliv	dekor	floks	grunt	Флокс влаголюбив: обильный полив под корень в засуху (2-3 ведра на м²), особенно в бутонизацию и цветение; после полива — рыхление и мульча (корни поверхностные, перегреваются).		ogorod.ru/ru/outdoor/perennial/19146; botanichka.ru/article/delfinium-ot-i-do; abekker.ru/articles/lavanda-ukrytie; dachadacha.com/rasteniya/lavanda-uzkolistnaya; antonovsad.ru/vyrashchivanie-geyhery-2448; drevo-spas.ru/lapchatka-kustarnikovaya-opisanie
srednyaya-polosa	avgust	АВГУСТ	obrezka	dekor	floks	grunt	Удаление отцветших соцветий флокса — не давать завязывать семена (самосев вырождается, куст истощается); стимулирует боковое цветение.		ogorod.ru/ru/outdoor/perennial/19146; botanichka.ru/article/delfinium-ot-i-do; abekker.ru/articles/lavanda-ukrytie; dachadacha.com/rasteniya/lavanda-uzkolistnaya; antonovsad.ru/vyrashchivanie-geyhery-2448; drevo-spas.ru/lapchatka-kustarnikovaya-opisanie
yug	iyul	ИЮЛЬ	obrezka	dekor	floks	grunt	Удаление отцветших соцветий флокса — не давать завязывать семена (самосев вырождается, куст истощается); стимулирует боковое цветение.		ogorod.ru/ru/outdoor/perennial/19146; botanichka.ru/article/delfinium-ot-i-do; abekker.ru/articles/lavanda-ukrytie; dachadacha.com/rasteniya/lavanda-uzkolistnaya; antonovsad.ru/vyrashchivanie-geyhery-2448; drevo-spas.ru/lapchatka-kustarnikovaya-opisanie
ural-sibir	sentyabr	СЕНТЯБРЬ	obrezka	dekor	floks	grunt	Удаление отцветших соцветий флокса — не давать завязывать семена (самосев вырождается, куст истощается); стимулирует боковое цветение.		ogorod.ru/ru/outdoor/perennial/19146; botanichka.ru/article/delfinium-ot-i-do; abekker.ru/articles/lavanda-ukrytie; dachadacha.com/rasteniya/lavanda-uzkolistnaya; antonovsad.ru/vyrashchivanie-geyhery-2448; drevo-spas.ru/lapchatka-kustarnikovaya-opisanie
severo-zapad	avgust	АВГУСТ	obrezka	dekor	floks	grunt	Удаление отцветших соцветий флокса — не давать завязывать семена (самосев вырождается, куст истощается); стимулирует боковое цветение.		ogorod.ru/ru/outdoor/perennial/19146; botanichka.ru/article/delfinium-ot-i-do; abekker.ru/articles/lavanda-ukrytie; dachadacha.com/rasteniya/lavanda-uzkolistnaya; antonovsad.ru/vyrashchivanie-geyhery-2448; drevo-spas.ru/lapchatka-kustarnikovaya-opisanie
srednyaya-polosa	oktyabr	ОКТЯБРЬ	obrezka	dekor	floks	grunt	Осенью стебли флокса срезают у земли (5-8 см) и выносят с участка — на них зимует мучнистая роса; к корневищу сразу подсыпают компост или перегной (выпирает, оголяется).		ogorod.ru/ru/outdoor/perennial/19146; botanichka.ru/article/delfinium-ot-i-do; abekker.ru/articles/lavanda-ukrytie; dachadacha.com/rasteniya/lavanda-uzkolistnaya; antonovsad.ru/vyrashchivanie-geyhery-2448; drevo-spas.ru/lapchatka-kustarnikovaya-opisanie
yug	noyabr	НОЯБРЬ	obrezka	dekor	floks	grunt	Осенью стебли флокса срезают у земли (5-8 см) и выносят с участка — на них зимует мучнистая роса; к корневищу сразу подсыпают компост или перегной (выпирает, оголяется).		ogorod.ru/ru/outdoor/perennial/19146; botanichka.ru/article/delfinium-ot-i-do; abekker.ru/articles/lavanda-ukrytie; dachadacha.com/rasteniya/lavanda-uzkolistnaya; antonovsad.ru/vyrashchivanie-geyhery-2448; drevo-spas.ru/lapchatka-kustarnikovaya-opisanie
ural-sibir	sentyabr	СЕНТЯБРЬ	obrezka	dekor	floks	grunt	Осенью стебли флокса срезают у земли (5-8 см) и выносят с участка — на них зимует мучнистая роса; к корневищу сразу подсыпают компост или перегной (выпирает, оголяется).		ogorod.ru/ru/outdoor/perennial/19146; botanichka.ru/article/delfinium-ot-i-do; abekker.ru/articles/lavanda-ukrytie; dachadacha.com/rasteniya/lavanda-uzkolistnaya; antonovsad.ru/vyrashchivanie-geyhery-2448; drevo-spas.ru/lapchatka-kustarnikovaya-opisanie
severo-zapad	oktyabr	ОКТЯБРЬ	obrezka	dekor	floks	grunt	Осенью стебли флокса срезают у земли (5-8 см) и выносят с участка — на них зимует мучнистая роса; к корневищу сразу подсыпают компост или перегной (выпирает, оголяется).		ogorod.ru/ru/outdoor/perennial/19146; botanichka.ru/article/delfinium-ot-i-do; abekker.ru/articles/lavanda-ukrytie; dachadacha.com/rasteniya/lavanda-uzkolistnaya; antonovsad.ru/vyrashchivanie-geyhery-2448; drevo-spas.ru/lapchatka-kustarnikovaya-opisanie
srednyaya-polosa	aprel	АПРЕЛЬ	obrezka	dekor	lavanda	grunt	Первая обрезка лаванды — весной сразу после морозов: укоротить прошлогодний прирост, формируя полусферу, не заходя в одревесневшую безлистную часть (оттуда побеги не отрастают). Санитарно — вымерзшие концы.		ogorod.ru/ru/outdoor/perennial/19146; botanichka.ru/article/delfinium-ot-i-do; abekker.ru/articles/lavanda-ukrytie; dachadacha.com/rasteniya/lavanda-uzkolistnaya; antonovsad.ru/vyrashchivanie-geyhery-2448; drevo-spas.ru/lapchatka-kustarnikovaya-opisanie
yug	mart	МАРТ	obrezka	dekor	lavanda	grunt	Первая обрезка лаванды — весной сразу после морозов: укоротить прошлогодний прирост, формируя полусферу, не заходя в одревесневшую безлистную часть (оттуда побеги не отрастают). Санитарно — вымерзшие концы.		ogorod.ru/ru/outdoor/perennial/19146; botanichka.ru/article/delfinium-ot-i-do; abekker.ru/articles/lavanda-ukrytie; dachadacha.com/rasteniya/lavanda-uzkolistnaya; antonovsad.ru/vyrashchivanie-geyhery-2448; drevo-spas.ru/lapchatka-kustarnikovaya-opisanie
ural-sibir	may	МАЙ	obrezka	dekor	lavanda	grunt	Первая обрезка лаванды — весной сразу после морозов: укоротить прошлогодний прирост, формируя полусферу, не заходя в одревесневшую безлистную часть (оттуда побеги не отрастают). Санитарно — вымерзшие концы.		ogorod.ru/ru/outdoor/perennial/19146; botanichka.ru/article/delfinium-ot-i-do; abekker.ru/articles/lavanda-ukrytie; dachadacha.com/rasteniya/lavanda-uzkolistnaya; antonovsad.ru/vyrashchivanie-geyhery-2448; drevo-spas.ru/lapchatka-kustarnikovaya-opisanie
severo-zapad	aprel	АПРЕЛЬ	obrezka	dekor	lavanda	grunt	Первая обрезка лаванды — весной сразу после морозов: укоротить прошлогодний прирост, формируя полусферу, не заходя в одревесневшую безлистную часть (оттуда побеги не отрастают). Санитарно — вымерзшие концы.		ogorod.ru/ru/outdoor/perennial/19146; botanichka.ru/article/delfinium-ot-i-do; abekker.ru/articles/lavanda-ukrytie; dachadacha.com/rasteniya/lavanda-uzkolistnaya; antonovsad.ru/vyrashchivanie-geyhery-2448; drevo-spas.ru/lapchatka-kustarnikovaya-opisanie
srednyaya-polosa	may	МАЙ	udobrenie	dekor	lavanda	grunt	Подкормка лаванды комплексным минеральным удобрением в середине весны; в бутонизацию — фосфорно-калийное несколько раз с интервалом 2 недели. Со второй половины лета подкормки прекращают. Азот и органику лаванда не любит.		ogorod.ru/ru/outdoor/perennial/19146; botanichka.ru/article/delfinium-ot-i-do; abekker.ru/articles/lavanda-ukrytie; dachadacha.com/rasteniya/lavanda-uzkolistnaya; antonovsad.ru/vyrashchivanie-geyhery-2448; drevo-spas.ru/lapchatka-kustarnikovaya-opisanie
yug	aprel	АПРЕЛЬ	udobrenie	dekor	lavanda	grunt	Подкормка лаванды комплексным минеральным удобрением в середине весны; в бутонизацию — фосфорно-калийное несколько раз с интервалом 2 недели. Со второй половины лета подкормки прекращают. Азот и органику лаванда не любит.		ogorod.ru/ru/outdoor/perennial/19146; botanichka.ru/article/delfinium-ot-i-do; abekker.ru/articles/lavanda-ukrytie; dachadacha.com/rasteniya/lavanda-uzkolistnaya; antonovsad.ru/vyrashchivanie-geyhery-2448; drevo-spas.ru/lapchatka-kustarnikovaya-opisanie
ural-sibir	iyun	ИЮНЬ	udobrenie	dekor	lavanda	grunt	Подкормка лаванды комплексным минеральным удобрением в середине весны; в бутонизацию — фосфорно-калийное несколько раз с интервалом 2 недели. Со второй половины лета подкормки прекращают. Азот и органику лаванда не любит.		ogorod.ru/ru/outdoor/perennial/19146; botanichka.ru/article/delfinium-ot-i-do; abekker.ru/articles/lavanda-ukrytie; dachadacha.com/rasteniya/lavanda-uzkolistnaya; antonovsad.ru/vyrashchivanie-geyhery-2448; drevo-spas.ru/lapchatka-kustarnikovaya-opisanie
severo-zapad	may	МАЙ	udobrenie	dekor	lavanda	grunt	Подкормка лаванды комплексным минеральным удобрением в середине весны; в бутонизацию — фосфорно-калийное несколько раз с интервалом 2 недели. Со второй половины лета подкормки прекращают. Азот и органику лаванда не любит.		ogorod.ru/ru/outdoor/perennial/19146; botanichka.ru/article/delfinium-ot-i-do; abekker.ru/articles/lavanda-ukrytie; dachadacha.com/rasteniya/lavanda-uzkolistnaya; antonovsad.ru/vyrashchivanie-geyhery-2448; drevo-spas.ru/lapchatka-kustarnikovaya-opisanie
srednyaya-polosa	iyun	ИЮНЬ	poliv	dekor	lavanda	grunt	Лаванда засухоустойчива: полив скупой, только молодым кустам и в продолжительную засуху. Мульча у корневой шейки — только гравий, крупный песок или мелкий щебень (торф и кора вызывают выпревание шейки).		ogorod.ru/ru/outdoor/perennial/19146; botanichka.ru/article/delfinium-ot-i-do; abekker.ru/articles/lavanda-ukrytie; dachadacha.com/rasteniya/lavanda-uzkolistnaya; antonovsad.ru/vyrashchivanie-geyhery-2448; drevo-spas.ru/lapchatka-kustarnikovaya-opisanie
yug	may	МАЙ	poliv	dekor	lavanda	grunt	Лаванда засухоустойчива: полив скупой, только молодым кустам и в продолжительную засуху. Мульча у корневой шейки — только гравий, крупный песок или мелкий щебень (торф и кора вызывают выпревание шейки).		ogorod.ru/ru/outdoor/perennial/19146; botanichka.ru/article/delfinium-ot-i-do; abekker.ru/articles/lavanda-ukrytie; dachadacha.com/rasteniya/lavanda-uzkolistnaya; antonovsad.ru/vyrashchivanie-geyhery-2448; drevo-spas.ru/lapchatka-kustarnikovaya-opisanie
ural-sibir	iyul	ИЮЛЬ	poliv	dekor	lavanda	grunt	Лаванда засухоустойчива: полив скупой, только молодым кустам и в продолжительную засуху. Мульча у корневой шейки — только гравий, крупный песок или мелкий щебень (торф и кора вызывают выпревание шейки).		ogorod.ru/ru/outdoor/perennial/19146; botanichka.ru/article/delfinium-ot-i-do; abekker.ru/articles/lavanda-ukrytie; dachadacha.com/rasteniya/lavanda-uzkolistnaya; antonovsad.ru/vyrashchivanie-geyhery-2448; drevo-spas.ru/lapchatka-kustarnikovaya-opisanie
severo-zapad	iyun	ИЮНЬ	poliv	dekor	lavanda	grunt	Лаванда засухоустойчива: полив скупой, только молодым кустам и в продолжительную засуху. Мульча у корневой шейки — только гравий, крупный песок или мелкий щебень (торф и кора вызывают выпревание шейки).		ogorod.ru/ru/outdoor/perennial/19146; botanichka.ru/article/delfinium-ot-i-do; abekker.ru/articles/lavanda-ukrytie; dachadacha.com/rasteniya/lavanda-uzkolistnaya; antonovsad.ru/vyrashchivanie-geyhery-2448; drevo-spas.ru/lapchatka-kustarnikovaya-opisanie
srednyaya-polosa	iyul	ИЮЛЬ	urozhay	dekor	lavanda	grunt	Срезка лаванды на сушку — в начале роспуска соцветий (максимум эфирного масла), в сухую погоду до полудня, с частью облиственного стебля. Это же служит летней формирующей стрижкой.		ogorod.ru/ru/outdoor/perennial/19146; botanichka.ru/article/delfinium-ot-i-do; abekker.ru/articles/lavanda-ukrytie; dachadacha.com/rasteniya/lavanda-uzkolistnaya; antonovsad.ru/vyrashchivanie-geyhery-2448; drevo-spas.ru/lapchatka-kustarnikovaya-opisanie
yug	iyun	ИЮНЬ	urozhay	dekor	lavanda	grunt	Срезка лаванды на сушку — в начале роспуска соцветий (максимум эфирного масла), в сухую погоду до полудня, с частью облиственного стебля. Это же служит летней формирующей стрижкой.		ogorod.ru/ru/outdoor/perennial/19146; botanichka.ru/article/delfinium-ot-i-do; abekker.ru/articles/lavanda-ukrytie; dachadacha.com/rasteniya/lavanda-uzkolistnaya; antonovsad.ru/vyrashchivanie-geyhery-2448; drevo-spas.ru/lapchatka-kustarnikovaya-opisanie
ural-sibir	avgust	АВГУСТ	urozhay	dekor	lavanda	grunt	Срезка лаванды на сушку — в начале роспуска соцветий (максимум эфирного масла), в сухую погоду до полудня, с частью облиственного стебля. Это же служит летней формирующей стрижкой.		ogorod.ru/ru/outdoor/perennial/19146; botanichka.ru/article/delfinium-ot-i-do; abekker.ru/articles/lavanda-ukrytie; dachadacha.com/rasteniya/lavanda-uzkolistnaya; antonovsad.ru/vyrashchivanie-geyhery-2448; drevo-spas.ru/lapchatka-kustarnikovaya-opisanie
severo-zapad	iyul	ИЮЛЬ	urozhay	dekor	lavanda	grunt	Срезка лаванды на сушку — в начале роспуска соцветий (максимум эфирного масла), в сухую погоду до полудня, с частью облиственного стебля. Это же служит летней формирующей стрижкой.		ogorod.ru/ru/outdoor/perennial/19146; botanichka.ru/article/delfinium-ot-i-do; abekker.ru/articles/lavanda-ukrytie; dachadacha.com/rasteniya/lavanda-uzkolistnaya; antonovsad.ru/vyrashchivanie-geyhery-2448; drevo-spas.ru/lapchatka-kustarnikovaya-opisanie
srednyaya-polosa	sentyabr	СЕНТЯБРЬ	obrezka	dekor	lavanda	grunt	Осенью — только лёгкая обрезка отцветших соцветий и невызревших побегов лаванды. Сильную формирующую стрижку переносят на весну: обрезка «наголо» перед зимой в средней полосе ослабляет куст.		ogorod.ru/ru/outdoor/perennial/19146; botanichka.ru/article/delfinium-ot-i-do; abekker.ru/articles/lavanda-ukrytie; dachadacha.com/rasteniya/lavanda-uzkolistnaya; antonovsad.ru/vyrashchivanie-geyhery-2448; drevo-spas.ru/lapchatka-kustarnikovaya-opisanie
yug	oktyabr	ОКТЯБРЬ	obrezka	dekor	lavanda	grunt	Осенью — только лёгкая обрезка отцветших соцветий и невызревших побегов лаванды. Сильную формирующую стрижку переносят на весну: обрезка «наголо» перед зимой в средней полосе ослабляет куст.		ogorod.ru/ru/outdoor/perennial/19146; botanichka.ru/article/delfinium-ot-i-do; abekker.ru/articles/lavanda-ukrytie; dachadacha.com/rasteniya/lavanda-uzkolistnaya; antonovsad.ru/vyrashchivanie-geyhery-2448; drevo-spas.ru/lapchatka-kustarnikovaya-opisanie
ural-sibir	avgust	АВГУСТ	obrezka	dekor	lavanda	grunt	Осенью — только лёгкая обрезка отцветших соцветий и невызревших побегов лаванды. Сильную формирующую стрижку переносят на весну: обрезка «наголо» перед зимой в средней полосе ослабляет куст.		ogorod.ru/ru/outdoor/perennial/19146; botanichka.ru/article/delfinium-ot-i-do; abekker.ru/articles/lavanda-ukrytie; dachadacha.com/rasteniya/lavanda-uzkolistnaya; antonovsad.ru/vyrashchivanie-geyhery-2448; drevo-spas.ru/lapchatka-kustarnikovaya-opisanie
severo-zapad	sentyabr	СЕНТЯБРЬ	obrezka	dekor	lavanda	grunt	Осенью — только лёгкая обрезка отцветших соцветий и невызревших побегов лаванды. Сильную формирующую стрижку переносят на весну: обрезка «наголо» перед зимой в средней полосе ослабляет куст.		ogorod.ru/ru/outdoor/perennial/19146; botanichka.ru/article/delfinium-ot-i-do; abekker.ru/articles/lavanda-ukrytie; dachadacha.com/rasteniya/lavanda-uzkolistnaya; antonovsad.ru/vyrashchivanie-geyhery-2448; drevo-spas.ru/lapchatka-kustarnikovaya-opisanie
srednyaya-polosa	oktyabr	ОКТЯБРЬ	ukrytie	dekor	lavanda	grunt	В средней полосе и севернее лаванда зимует только с укрытием: основание окучить сухим песком или землёй, замульчировать хвойным опадом либо соломой, сверху лапник и воздушно-сухое укрытие. Торф и листву к шейке не класть (выпревание); осенью куст не поливать.		ogorod.ru/ru/outdoor/perennial/19146; botanichka.ru/article/delfinium-ot-i-do; abekker.ru/articles/lavanda-ukrytie; dachadacha.com/rasteniya/lavanda-uzkolistnaya; antonovsad.ru/vyrashchivanie-geyhery-2448; drevo-spas.ru/lapchatka-kustarnikovaya-opisanie
yug	noyabr	НОЯБРЬ	ukrytie	dekor	lavanda	grunt	В средней полосе и севернее лаванда зимует только с укрытием: основание окучить сухим песком или землёй, замульчировать хвойным опадом либо соломой, сверху лапник и воздушно-сухое укрытие. Торф и листву к шейке не класть (выпревание); осенью куст не поливать.		ogorod.ru/ru/outdoor/perennial/19146; botanichka.ru/article/delfinium-ot-i-do; abekker.ru/articles/lavanda-ukrytie; dachadacha.com/rasteniya/lavanda-uzkolistnaya; antonovsad.ru/vyrashchivanie-geyhery-2448; drevo-spas.ru/lapchatka-kustarnikovaya-opisanie
ural-sibir	sentyabr	СЕНТЯБРЬ	ukrytie	dekor	lavanda	grunt	В средней полосе и севернее лаванда зимует только с укрытием: основание окучить сухим песком или землёй, замульчировать хвойным опадом либо соломой, сверху лапник и воздушно-сухое укрытие. Торф и листву к шейке не класть (выпревание); осенью куст не поливать.		ogorod.ru/ru/outdoor/perennial/19146; botanichka.ru/article/delfinium-ot-i-do; abekker.ru/articles/lavanda-ukrytie; dachadacha.com/rasteniya/lavanda-uzkolistnaya; antonovsad.ru/vyrashchivanie-geyhery-2448; drevo-spas.ru/lapchatka-kustarnikovaya-opisanie
severo-zapad	oktyabr	ОКТЯБРЬ	ukrytie	dekor	lavanda	grunt	В средней полосе и севернее лаванда зимует только с укрытием: основание окучить сухим песком или землёй, замульчировать хвойным опадом либо соломой, сверху лапник и воздушно-сухое укрытие. Торф и листву к шейке не класть (выпревание); осенью куст не поливать.		ogorod.ru/ru/outdoor/perennial/19146; botanichka.ru/article/delfinium-ot-i-do; abekker.ru/articles/lavanda-ukrytie; dachadacha.com/rasteniya/lavanda-uzkolistnaya; antonovsad.ru/vyrashchivanie-geyhery-2448; drevo-spas.ru/lapchatka-kustarnikovaya-opisanie
srednyaya-polosa	may	МАЙ	poliv	dekor	paporotnik	grunt	Садовым папоротникам (страусник, кочедыжник, щитовник) — постоянно влажная почва, особенно при разворачивании вай весной и в засуху; полив по земле, мульча листовым перегноем или торфом 5-7 см. На сухом месте вайи желтеют и подсыхают с краёв.		ogorod.ru/ru/outdoor/perennial/19146; botanichka.ru/article/delfinium-ot-i-do; abekker.ru/articles/lavanda-ukrytie; dachadacha.com/rasteniya/lavanda-uzkolistnaya; antonovsad.ru/vyrashchivanie-geyhery-2448; drevo-spas.ru/lapchatka-kustarnikovaya-opisanie
yug	aprel	АПРЕЛЬ	poliv	dekor	paporotnik	grunt	Садовым папоротникам (страусник, кочедыжник, щитовник) — постоянно влажная почва, особенно при разворачивании вай весной и в засуху; полив по земле, мульча листовым перегноем или торфом 5-7 см. На сухом месте вайи желтеют и подсыхают с краёв.		ogorod.ru/ru/outdoor/perennial/19146; botanichka.ru/article/delfinium-ot-i-do; abekker.ru/articles/lavanda-ukrytie; dachadacha.com/rasteniya/lavanda-uzkolistnaya; antonovsad.ru/vyrashchivanie-geyhery-2448; drevo-spas.ru/lapchatka-kustarnikovaya-opisanie
ural-sibir	iyun	ИЮНЬ	poliv	dekor	paporotnik	grunt	Садовым папоротникам (страусник, кочедыжник, щитовник) — постоянно влажная почва, особенно при разворачивании вай весной и в засуху; полив по земле, мульча листовым перегноем или торфом 5-7 см. На сухом месте вайи желтеют и подсыхают с краёв.		ogorod.ru/ru/outdoor/perennial/19146; botanichka.ru/article/delfinium-ot-i-do; abekker.ru/articles/lavanda-ukrytie; dachadacha.com/rasteniya/lavanda-uzkolistnaya; antonovsad.ru/vyrashchivanie-geyhery-2448; drevo-spas.ru/lapchatka-kustarnikovaya-opisanie
severo-zapad	may	МАЙ	poliv	dekor	paporotnik	grunt	Садовым папоротникам (страусник, кочедыжник, щитовник) — постоянно влажная почва, особенно при разворачивании вай весной и в засуху; полив по земле, мульча листовым перегноем или торфом 5-7 см. На сухом месте вайи желтеют и подсыхают с краёв.		ogorod.ru/ru/outdoor/perennial/19146; botanichka.ru/article/delfinium-ot-i-do; abekker.ru/articles/lavanda-ukrytie; dachadacha.com/rasteniya/lavanda-uzkolistnaya; antonovsad.ru/vyrashchivanie-geyhery-2448; drevo-spas.ru/lapchatka-kustarnikovaya-opisanie
srednyaya-polosa	iyun	ИЮНЬ	razmnozhenie	dekor	paporotnik	grunt	Деление и пересадка папоротников — весной при отрастании или в конце лета: отрезком корневища с почкой (крупные виды) либо отсадкой дочерних розеток по подземным столонам (страусник, который иначе агрессивно расползается).		ogorod.ru/ru/outdoor/perennial/19146; botanichka.ru/article/delfinium-ot-i-do; abekker.ru/articles/lavanda-ukrytie; dachadacha.com/rasteniya/lavanda-uzkolistnaya; antonovsad.ru/vyrashchivanie-geyhery-2448; drevo-spas.ru/lapchatka-kustarnikovaya-opisanie
yug	may	МАЙ	razmnozhenie	dekor	paporotnik	grunt	Деление и пересадка папоротников — весной при отрастании или в конце лета: отрезком корневища с почкой (крупные виды) либо отсадкой дочерних розеток по подземным столонам (страусник, который иначе агрессивно расползается).		ogorod.ru/ru/outdoor/perennial/19146; botanichka.ru/article/delfinium-ot-i-do; abekker.ru/articles/lavanda-ukrytie; dachadacha.com/rasteniya/lavanda-uzkolistnaya; antonovsad.ru/vyrashchivanie-geyhery-2448; drevo-spas.ru/lapchatka-kustarnikovaya-opisanie
ural-sibir	iyul	ИЮЛЬ	razmnozhenie	dekor	paporotnik	grunt	Деление и пересадка папоротников — весной при отрастании или в конце лета: отрезком корневища с почкой (крупные виды) либо отсадкой дочерних розеток по подземным столонам (страусник, который иначе агрессивно расползается).		ogorod.ru/ru/outdoor/perennial/19146; botanichka.ru/article/delfinium-ot-i-do; abekker.ru/articles/lavanda-ukrytie; dachadacha.com/rasteniya/lavanda-uzkolistnaya; antonovsad.ru/vyrashchivanie-geyhery-2448; drevo-spas.ru/lapchatka-kustarnikovaya-opisanie
severo-zapad	iyun	ИЮНЬ	razmnozhenie	dekor	paporotnik	grunt	Деление и пересадка папоротников — весной при отрастании или в конце лета: отрезком корневища с почкой (крупные виды) либо отсадкой дочерних розеток по подземным столонам (страусник, который иначе агрессивно расползается).		ogorod.ru/ru/outdoor/perennial/19146; botanichka.ru/article/delfinium-ot-i-do; abekker.ru/articles/lavanda-ukrytie; dachadacha.com/rasteniya/lavanda-uzkolistnaya; antonovsad.ru/vyrashchivanie-geyhery-2448; drevo-spas.ru/lapchatka-kustarnikovaya-opisanie
srednyaya-polosa	may	МАЙ	poliv	dekor	brunnera	grunt	Бруннере крупнолистной — влажная почва в полутени; в засуху и на солнце листья вянут и обгорают, теряют декоративность до новой волны отрастания. Полив по земле, мульча. Вариегатным и серебристым сортам прямое солнце особенно вредно.		ogorod.ru/ru/outdoor/perennial/19146; botanichka.ru/article/delfinium-ot-i-do; abekker.ru/articles/lavanda-ukrytie; dachadacha.com/rasteniya/lavanda-uzkolistnaya; antonovsad.ru/vyrashchivanie-geyhery-2448; drevo-spas.ru/lapchatka-kustarnikovaya-opisanie
yug	aprel	АПРЕЛЬ	poliv	dekor	brunnera	grunt	Бруннере крупнолистной — влажная почва в полутени; в засуху и на солнце листья вянут и обгорают, теряют декоративность до новой волны отрастания. Полив по земле, мульча. Вариегатным и серебристым сортам прямое солнце особенно вредно.		ogorod.ru/ru/outdoor/perennial/19146; botanichka.ru/article/delfinium-ot-i-do; abekker.ru/articles/lavanda-ukrytie; dachadacha.com/rasteniya/lavanda-uzkolistnaya; antonovsad.ru/vyrashchivanie-geyhery-2448; drevo-spas.ru/lapchatka-kustarnikovaya-opisanie
ural-sibir	iyun	ИЮНЬ	poliv	dekor	brunnera	grunt	Бруннере крупнолистной — влажная почва в полутени; в засуху и на солнце листья вянут и обгорают, теряют декоративность до новой волны отрастания. Полив по земле, мульча. Вариегатным и серебристым сортам прямое солнце особенно вредно.		ogorod.ru/ru/outdoor/perennial/19146; botanichka.ru/article/delfinium-ot-i-do; abekker.ru/articles/lavanda-ukrytie; dachadacha.com/rasteniya/lavanda-uzkolistnaya; antonovsad.ru/vyrashchivanie-geyhery-2448; drevo-spas.ru/lapchatka-kustarnikovaya-opisanie
severo-zapad	may	МАЙ	poliv	dekor	brunnera	grunt	Бруннере крупнолистной — влажная почва в полутени; в засуху и на солнце листья вянут и обгорают, теряют декоративность до новой волны отрастания. Полив по земле, мульча. Вариегатным и серебристым сортам прямое солнце особенно вредно.		ogorod.ru/ru/outdoor/perennial/19146; botanichka.ru/article/delfinium-ot-i-do; abekker.ru/articles/lavanda-ukrytie; dachadacha.com/rasteniya/lavanda-uzkolistnaya; antonovsad.ru/vyrashchivanie-geyhery-2448; drevo-spas.ru/lapchatka-kustarnikovaya-opisanie
srednyaya-polosa	iyun	ИЮНЬ	obrezka	dekor	brunnera	grunt	Обрезка отцветших цветоносов бруннеры (мелкие голубые цветки) в конце мая - июне — ради декоративности листвы и против самосева; потрёпанные к середине лета листья срезают, отрастает свежая розетка.		ogorod.ru/ru/outdoor/perennial/19146; botanichka.ru/article/delfinium-ot-i-do; abekker.ru/articles/lavanda-ukrytie; dachadacha.com/rasteniya/lavanda-uzkolistnaya; antonovsad.ru/vyrashchivanie-geyhery-2448; drevo-spas.ru/lapchatka-kustarnikovaya-opisanie
yug	may	МАЙ	obrezka	dekor	brunnera	grunt	Обрезка отцветших цветоносов бруннеры (мелкие голубые цветки) в конце мая - июне — ради декоративности листвы и против самосева; потрёпанные к середине лета листья срезают, отрастает свежая розетка.		ogorod.ru/ru/outdoor/perennial/19146; botanichka.ru/article/delfinium-ot-i-do; abekker.ru/articles/lavanda-ukrytie; dachadacha.com/rasteniya/lavanda-uzkolistnaya; antonovsad.ru/vyrashchivanie-geyhery-2448; drevo-spas.ru/lapchatka-kustarnikovaya-opisanie
ural-sibir	iyul	ИЮЛЬ	obrezka	dekor	brunnera	grunt	Обрезка отцветших цветоносов бруннеры (мелкие голубые цветки) в конце мая - июне — ради декоративности листвы и против самосева; потрёпанные к середине лета листья срезают, отрастает свежая розетка.		ogorod.ru/ru/outdoor/perennial/19146; botanichka.ru/article/delfinium-ot-i-do; abekker.ru/articles/lavanda-ukrytie; dachadacha.com/rasteniya/lavanda-uzkolistnaya; antonovsad.ru/vyrashchivanie-geyhery-2448; drevo-spas.ru/lapchatka-kustarnikovaya-opisanie
severo-zapad	iyun	ИЮНЬ	obrezka	dekor	brunnera	grunt	Обрезка отцветших цветоносов бруннеры (мелкие голубые цветки) в конце мая - июне — ради декоративности листвы и против самосева; потрёпанные к середине лета листья срезают, отрастает свежая розетка.		ogorod.ru/ru/outdoor/perennial/19146; botanichka.ru/article/delfinium-ot-i-do; abekker.ru/articles/lavanda-ukrytie; dachadacha.com/rasteniya/lavanda-uzkolistnaya; antonovsad.ru/vyrashchivanie-geyhery-2448; drevo-spas.ru/lapchatka-kustarnikovaya-opisanie
srednyaya-polosa	aprel	АПРЕЛЬ	obrezka	dekor	geyhera	grunt	Весной, после снятия укрытия — обрезка отмерших и повреждённых зимой листьев гейхеры, зачистка розетки и удаление подгнивших частей.		ogorod.ru/ru/outdoor/perennial/19146; botanichka.ru/article/delfinium-ot-i-do; abekker.ru/articles/lavanda-ukrytie; dachadacha.com/rasteniya/lavanda-uzkolistnaya; antonovsad.ru/vyrashchivanie-geyhery-2448; drevo-spas.ru/lapchatka-kustarnikovaya-opisanie
yug	mart	МАРТ	obrezka	dekor	geyhera	grunt	Весной, после снятия укрытия — обрезка отмерших и повреждённых зимой листьев гейхеры, зачистка розетки и удаление подгнивших частей.		ogorod.ru/ru/outdoor/perennial/19146; botanichka.ru/article/delfinium-ot-i-do; abekker.ru/articles/lavanda-ukrytie; dachadacha.com/rasteniya/lavanda-uzkolistnaya; antonovsad.ru/vyrashchivanie-geyhery-2448; drevo-spas.ru/lapchatka-kustarnikovaya-opisanie
ural-sibir	may	МАЙ	obrezka	dekor	geyhera	grunt	Весной, после снятия укрытия — обрезка отмерших и повреждённых зимой листьев гейхеры, зачистка розетки и удаление подгнивших частей.		ogorod.ru/ru/outdoor/perennial/19146; botanichka.ru/article/delfinium-ot-i-do; abekker.ru/articles/lavanda-ukrytie; dachadacha.com/rasteniya/lavanda-uzkolistnaya; antonovsad.ru/vyrashchivanie-geyhery-2448; drevo-spas.ru/lapchatka-kustarnikovaya-opisanie
severo-zapad	aprel	АПРЕЛЬ	obrezka	dekor	geyhera	grunt	Весной, после снятия укрытия — обрезка отмерших и повреждённых зимой листьев гейхеры, зачистка розетки и удаление подгнивших частей.		ogorod.ru/ru/outdoor/perennial/19146; botanichka.ru/article/delfinium-ot-i-do; abekker.ru/articles/lavanda-ukrytie; dachadacha.com/rasteniya/lavanda-uzkolistnaya; antonovsad.ru/vyrashchivanie-geyhery-2448; drevo-spas.ru/lapchatka-kustarnikovaya-opisanie
srednyaya-polosa	sentyabr	СЕНТЯБРЬ	mulcha	dekor	geyhera	grunt	Ежегодное осеннее окучивание гейхеры землёй или компостом: корневище с возрастом выпирает над почвой, оголённая розетка вымерзает и сохнет. Раз в 3-4 года куст делят и сажают глубже.		ogorod.ru/ru/outdoor/perennial/19146; botanichka.ru/article/delfinium-ot-i-do; abekker.ru/articles/lavanda-ukrytie; dachadacha.com/rasteniya/lavanda-uzkolistnaya; antonovsad.ru/vyrashchivanie-geyhery-2448; drevo-spas.ru/lapchatka-kustarnikovaya-opisanie
yug	oktyabr	ОКТЯБРЬ	mulcha	dekor	geyhera	grunt	Ежегодное осеннее окучивание гейхеры землёй или компостом: корневище с возрастом выпирает над почвой, оголённая розетка вымерзает и сохнет. Раз в 3-4 года куст делят и сажают глубже.		ogorod.ru/ru/outdoor/perennial/19146; botanichka.ru/article/delfinium-ot-i-do; abekker.ru/articles/lavanda-ukrytie; dachadacha.com/rasteniya/lavanda-uzkolistnaya; antonovsad.ru/vyrashchivanie-geyhery-2448; drevo-spas.ru/lapchatka-kustarnikovaya-opisanie
ural-sibir	avgust	АВГУСТ	mulcha	dekor	geyhera	grunt	Ежегодное осеннее окучивание гейхеры землёй или компостом: корневище с возрастом выпирает над почвой, оголённая розетка вымерзает и сохнет. Раз в 3-4 года куст делят и сажают глубже.		ogorod.ru/ru/outdoor/perennial/19146; botanichka.ru/article/delfinium-ot-i-do; abekker.ru/articles/lavanda-ukrytie; dachadacha.com/rasteniya/lavanda-uzkolistnaya; antonovsad.ru/vyrashchivanie-geyhery-2448; drevo-spas.ru/lapchatka-kustarnikovaya-opisanie
severo-zapad	sentyabr	СЕНТЯБРЬ	mulcha	dekor	geyhera	grunt	Ежегодное осеннее окучивание гейхеры землёй или компостом: корневище с возрастом выпирает над почвой, оголённая розетка вымерзает и сохнет. Раз в 3-4 года куст делят и сажают глубже.		ogorod.ru/ru/outdoor/perennial/19146; botanichka.ru/article/delfinium-ot-i-do; abekker.ru/articles/lavanda-ukrytie; dachadacha.com/rasteniya/lavanda-uzkolistnaya; antonovsad.ru/vyrashchivanie-geyhery-2448; drevo-spas.ru/lapchatka-kustarnikovaya-opisanie
srednyaya-polosa	aprel	АПРЕЛЬ	obrezka	dekor	plyushch	grunt	Весной — обрезка подмёрзших за зиму плетей плюща до живой ткани, прищипка для загущения и удержания в границах: плющ агрессивно расползается и лезет под обшивку и в кладку.		ogorod.ru/ru/outdoor/perennial/19146; botanichka.ru/article/delfinium-ot-i-do; abekker.ru/articles/lavanda-ukrytie; dachadacha.com/rasteniya/lavanda-uzkolistnaya; antonovsad.ru/vyrashchivanie-geyhery-2448; drevo-spas.ru/lapchatka-kustarnikovaya-opisanie
yug	mart	МАРТ	obrezka	dekor	plyushch	grunt	Весной — обрезка подмёрзших за зиму плетей плюща до живой ткани, прищипка для загущения и удержания в границах: плющ агрессивно расползается и лезет под обшивку и в кладку.		ogorod.ru/ru/outdoor/perennial/19146; botanichka.ru/article/delfinium-ot-i-do; abekker.ru/articles/lavanda-ukrytie; dachadacha.com/rasteniya/lavanda-uzkolistnaya; antonovsad.ru/vyrashchivanie-geyhery-2448; drevo-spas.ru/lapchatka-kustarnikovaya-opisanie
ural-sibir	may	МАЙ	obrezka	dekor	plyushch	grunt	Весной — обрезка подмёрзших за зиму плетей плюща до живой ткани, прищипка для загущения и удержания в границах: плющ агрессивно расползается и лезет под обшивку и в кладку.		ogorod.ru/ru/outdoor/perennial/19146; botanichka.ru/article/delfinium-ot-i-do; abekker.ru/articles/lavanda-ukrytie; dachadacha.com/rasteniya/lavanda-uzkolistnaya; antonovsad.ru/vyrashchivanie-geyhery-2448; drevo-spas.ru/lapchatka-kustarnikovaya-opisanie
severo-zapad	aprel	АПРЕЛЬ	obrezka	dekor	plyushch	grunt	Весной — обрезка подмёрзших за зиму плетей плюща до живой ткани, прищипка для загущения и удержания в границах: плющ агрессивно расползается и лезет под обшивку и в кладку.		ogorod.ru/ru/outdoor/perennial/19146; botanichka.ru/article/delfinium-ot-i-do; abekker.ru/articles/lavanda-ukrytie; dachadacha.com/rasteniya/lavanda-uzkolistnaya; antonovsad.ru/vyrashchivanie-geyhery-2448; drevo-spas.ru/lapchatka-kustarnikovaya-opisanie
srednyaya-polosa	may	МАЙ	poliv	dekor	plyushch	grunt	Плющу садовому — влажная почва в тени или полутени, полив в засуху (молодым обязательно), опрыскивание кроны в жару, мульча приствольной зоны.		ogorod.ru/ru/outdoor/perennial/19146; botanichka.ru/article/delfinium-ot-i-do; abekker.ru/articles/lavanda-ukrytie; dachadacha.com/rasteniya/lavanda-uzkolistnaya; antonovsad.ru/vyrashchivanie-geyhery-2448; drevo-spas.ru/lapchatka-kustarnikovaya-opisanie
yug	aprel	АПРЕЛЬ	poliv	dekor	plyushch	grunt	Плющу садовому — влажная почва в тени или полутени, полив в засуху (молодым обязательно), опрыскивание кроны в жару, мульча приствольной зоны.		ogorod.ru/ru/outdoor/perennial/19146; botanichka.ru/article/delfinium-ot-i-do; abekker.ru/articles/lavanda-ukrytie; dachadacha.com/rasteniya/lavanda-uzkolistnaya; antonovsad.ru/vyrashchivanie-geyhery-2448; drevo-spas.ru/lapchatka-kustarnikovaya-opisanie
ural-sibir	iyun	ИЮНЬ	poliv	dekor	plyushch	grunt	Плющу садовому — влажная почва в тени или полутени, полив в засуху (молодым обязательно), опрыскивание кроны в жару, мульча приствольной зоны.		ogorod.ru/ru/outdoor/perennial/19146; botanichka.ru/article/delfinium-ot-i-do; abekker.ru/articles/lavanda-ukrytie; dachadacha.com/rasteniya/lavanda-uzkolistnaya; antonovsad.ru/vyrashchivanie-geyhery-2448; drevo-spas.ru/lapchatka-kustarnikovaya-opisanie
severo-zapad	may	МАЙ	poliv	dekor	plyushch	grunt	Плющу садовому — влажная почва в тени или полутени, полив в засуху (молодым обязательно), опрыскивание кроны в жару, мульча приствольной зоны.		ogorod.ru/ru/outdoor/perennial/19146; botanichka.ru/article/delfinium-ot-i-do; abekker.ru/articles/lavanda-ukrytie; dachadacha.com/rasteniya/lavanda-uzkolistnaya; antonovsad.ru/vyrashchivanie-geyhery-2448; drevo-spas.ru/lapchatka-kustarnikovaya-opisanie
srednyaya-polosa	oktyabr	ОКТЯБРЬ	ukrytie	dekor	plyushch	grunt	На зиму молодой, недавно посаженный и пестролистный плющ снимают с опоры, укладывают и укрывают лапником и сухим листом со спанбондом. Главный вред — не мороз, а зимне-весеннее иссушение вечнозелёных листьев на ветру и солнце.		ogorod.ru/ru/outdoor/perennial/19146; botanichka.ru/article/delfinium-ot-i-do; abekker.ru/articles/lavanda-ukrytie; dachadacha.com/rasteniya/lavanda-uzkolistnaya; antonovsad.ru/vyrashchivanie-geyhery-2448; drevo-spas.ru/lapchatka-kustarnikovaya-opisanie
yug	noyabr	НОЯБРЬ	ukrytie	dekor	plyushch	grunt	На зиму молодой, недавно посаженный и пестролистный плющ снимают с опоры, укладывают и укрывают лапником и сухим листом со спанбондом. Главный вред — не мороз, а зимне-весеннее иссушение вечнозелёных листьев на ветру и солнце.		ogorod.ru/ru/outdoor/perennial/19146; botanichka.ru/article/delfinium-ot-i-do; abekker.ru/articles/lavanda-ukrytie; dachadacha.com/rasteniya/lavanda-uzkolistnaya; antonovsad.ru/vyrashchivanie-geyhery-2448; drevo-spas.ru/lapchatka-kustarnikovaya-opisanie
ural-sibir	sentyabr	СЕНТЯБРЬ	ukrytie	dekor	plyushch	grunt	На зиму молодой, недавно посаженный и пестролистный плющ снимают с опоры, укладывают и укрывают лапником и сухим листом со спанбондом. Главный вред — не мороз, а зимне-весеннее иссушение вечнозелёных листьев на ветру и солнце.		ogorod.ru/ru/outdoor/perennial/19146; botanichka.ru/article/delfinium-ot-i-do; abekker.ru/articles/lavanda-ukrytie; dachadacha.com/rasteniya/lavanda-uzkolistnaya; antonovsad.ru/vyrashchivanie-geyhery-2448; drevo-spas.ru/lapchatka-kustarnikovaya-opisanie
severo-zapad	oktyabr	ОКТЯБРЬ	ukrytie	dekor	plyushch	grunt	На зиму молодой, недавно посаженный и пестролистный плющ снимают с опоры, укладывают и укрывают лапником и сухим листом со спанбондом. Главный вред — не мороз, а зимне-весеннее иссушение вечнозелёных листьев на ветру и солнце.		ogorod.ru/ru/outdoor/perennial/19146; botanichka.ru/article/delfinium-ot-i-do; abekker.ru/articles/lavanda-ukrytie; dachadacha.com/rasteniya/lavanda-uzkolistnaya; antonovsad.ru/vyrashchivanie-geyhery-2448; drevo-spas.ru/lapchatka-kustarnikovaya-opisanie
srednyaya-polosa	may	МАЙ	udobrenie	dekor	lapchatka	grunt	Подкормка лапчатки кустарниковой весной комплексным удобрением и повторно в начале цветения; культура нетребовательна — на бедной почве достаточно компоста в приствольный круг и золы.		ogorod.ru/ru/outdoor/perennial/19146; botanichka.ru/article/delfinium-ot-i-do; abekker.ru/articles/lavanda-ukrytie; dachadacha.com/rasteniya/lavanda-uzkolistnaya; antonovsad.ru/vyrashchivanie-geyhery-2448; drevo-spas.ru/lapchatka-kustarnikovaya-opisanie
yug	aprel	АПРЕЛЬ	udobrenie	dekor	lapchatka	grunt	Подкормка лапчатки кустарниковой весной комплексным удобрением и повторно в начале цветения; культура нетребовательна — на бедной почве достаточно компоста в приствольный круг и золы.		ogorod.ru/ru/outdoor/perennial/19146; botanichka.ru/article/delfinium-ot-i-do; abekker.ru/articles/lavanda-ukrytie; dachadacha.com/rasteniya/lavanda-uzkolistnaya; antonovsad.ru/vyrashchivanie-geyhery-2448; drevo-spas.ru/lapchatka-kustarnikovaya-opisanie
ural-sibir	iyun	ИЮНЬ	udobrenie	dekor	lapchatka	grunt	Подкормка лапчатки кустарниковой весной комплексным удобрением и повторно в начале цветения; культура нетребовательна — на бедной почве достаточно компоста в приствольный круг и золы.		ogorod.ru/ru/outdoor/perennial/19146; botanichka.ru/article/delfinium-ot-i-do; abekker.ru/articles/lavanda-ukrytie; dachadacha.com/rasteniya/lavanda-uzkolistnaya; antonovsad.ru/vyrashchivanie-geyhery-2448; drevo-spas.ru/lapchatka-kustarnikovaya-opisanie
severo-zapad	may	МАЙ	udobrenie	dekor	lapchatka	grunt	Подкормка лапчатки кустарниковой весной комплексным удобрением и повторно в начале цветения; культура нетребовательна — на бедной почве достаточно компоста в приствольный круг и золы.		ogorod.ru/ru/outdoor/perennial/19146; botanichka.ru/article/delfinium-ot-i-do; abekker.ru/articles/lavanda-ukrytie; dachadacha.com/rasteniya/lavanda-uzkolistnaya; antonovsad.ru/vyrashchivanie-geyhery-2448; drevo-spas.ru/lapchatka-kustarnikovaya-opisanie
srednyaya-polosa	iyun	ИЮНЬ	poliv	dekor	lapchatka	grunt	Лапчатка засухоустойчива, но в продолжительную жару полив 1-2 раза в неделю с вечерним дождеванием кроны (без него мельчает лист и цветок, оголяется низ куста); мульча приствольного круга.		ogorod.ru/ru/outdoor/perennial/19146; botanichka.ru/article/delfinium-ot-i-do; abekker.ru/articles/lavanda-ukrytie; dachadacha.com/rasteniya/lavanda-uzkolistnaya; antonovsad.ru/vyrashchivanie-geyhery-2448; drevo-spas.ru/lapchatka-kustarnikovaya-opisanie
yug	may	МАЙ	poliv	dekor	lapchatka	grunt	Лапчатка засухоустойчива, но в продолжительную жару полив 1-2 раза в неделю с вечерним дождеванием кроны (без него мельчает лист и цветок, оголяется низ куста); мульча приствольного круга.		ogorod.ru/ru/outdoor/perennial/19146; botanichka.ru/article/delfinium-ot-i-do; abekker.ru/articles/lavanda-ukrytie; dachadacha.com/rasteniya/lavanda-uzkolistnaya; antonovsad.ru/vyrashchivanie-geyhery-2448; drevo-spas.ru/lapchatka-kustarnikovaya-opisanie
ural-sibir	iyul	ИЮЛЬ	poliv	dekor	lapchatka	grunt	Лапчатка засухоустойчива, но в продолжительную жару полив 1-2 раза в неделю с вечерним дождеванием кроны (без него мельчает лист и цветок, оголяется низ куста); мульча приствольного круга.		ogorod.ru/ru/outdoor/perennial/19146; botanichka.ru/article/delfinium-ot-i-do; abekker.ru/articles/lavanda-ukrytie; dachadacha.com/rasteniya/lavanda-uzkolistnaya; antonovsad.ru/vyrashchivanie-geyhery-2448; drevo-spas.ru/lapchatka-kustarnikovaya-opisanie
severo-zapad	iyun	ИЮНЬ	poliv	dekor	lapchatka	grunt	Лапчатка засухоустойчива, но в продолжительную жару полив 1-2 раза в неделю с вечерним дождеванием кроны (без него мельчает лист и цветок, оголяется низ куста); мульча приствольного круга.		ogorod.ru/ru/outdoor/perennial/19146; botanichka.ru/article/delfinium-ot-i-do; abekker.ru/articles/lavanda-ukrytie; dachadacha.com/rasteniya/lavanda-uzkolistnaya; antonovsad.ru/vyrashchivanie-geyhery-2448; drevo-spas.ru/lapchatka-kustarnikovaya-opisanie
srednyaya-polosa	avgust	АВГУСТ	obrabotka	dekor	lapchatka	grunt	От мучнистой росы и ржавчины на лапчатке во влажные годы — обработка фунгицидом; при паутинном клеще в жару (побурение и осыпание листвы) — акарицид и дождевание.		ogorod.ru/ru/outdoor/perennial/19146; botanichka.ru/article/delfinium-ot-i-do; abekker.ru/articles/lavanda-ukrytie; dachadacha.com/rasteniya/lavanda-uzkolistnaya; antonovsad.ru/vyrashchivanie-geyhery-2448; drevo-spas.ru/lapchatka-kustarnikovaya-opisanie
yug	iyul	ИЮЛЬ	obrabotka	dekor	lapchatka	grunt	От мучнистой росы и ржавчины на лапчатке во влажные годы — обработка фунгицидом; при паутинном клеще в жару (побурение и осыпание листвы) — акарицид и дождевание.		ogorod.ru/ru/outdoor/perennial/19146; botanichka.ru/article/delfinium-ot-i-do; abekker.ru/articles/lavanda-ukrytie; dachadacha.com/rasteniya/lavanda-uzkolistnaya; antonovsad.ru/vyrashchivanie-geyhery-2448; drevo-spas.ru/lapchatka-kustarnikovaya-opisanie
ural-sibir	sentyabr	СЕНТЯБРЬ	obrabotka	dekor	lapchatka	grunt	От мучнистой росы и ржавчины на лапчатке во влажные годы — обработка фунгицидом; при паутинном клеще в жару (побурение и осыпание листвы) — акарицид и дождевание.		ogorod.ru/ru/outdoor/perennial/19146; botanichka.ru/article/delfinium-ot-i-do; abekker.ru/articles/lavanda-ukrytie; dachadacha.com/rasteniya/lavanda-uzkolistnaya; antonovsad.ru/vyrashchivanie-geyhery-2448; drevo-spas.ru/lapchatka-kustarnikovaya-opisanie
severo-zapad	avgust	АВГУСТ	obrabotka	dekor	lapchatka	grunt	От мучнистой росы и ржавчины на лапчатке во влажные годы — обработка фунгицидом; при паутинном клеще в жару (побурение и осыпание листвы) — акарицид и дождевание.		ogorod.ru/ru/outdoor/perennial/19146; botanichka.ru/article/delfinium-ot-i-do; abekker.ru/articles/lavanda-ukrytie; dachadacha.com/rasteniya/lavanda-uzkolistnaya; antonovsad.ru/vyrashchivanie-geyhery-2448; drevo-spas.ru/lapchatka-kustarnikovaya-opisanie
srednyaya-polosa	sentyabr	СЕНТЯБРЬ	obrezka	dekor	lapchatka	grunt	Раз в 4-5 лет — омолаживающая обрезка лапчатки: вырезка трети старых ветвей до основания. Лёгкую формирующую стрижку и удаление отцветших концов можно вести всё лето — цветёт на приросте текущего года.		ogorod.ru/ru/outdoor/perennial/19146; botanichka.ru/article/delfinium-ot-i-do; abekker.ru/articles/lavanda-ukrytie; dachadacha.com/rasteniya/lavanda-uzkolistnaya; antonovsad.ru/vyrashchivanie-geyhery-2448; drevo-spas.ru/lapchatka-kustarnikovaya-opisanie
yug	oktyabr	ОКТЯБРЬ	obrezka	dekor	lapchatka	grunt	Раз в 4-5 лет — омолаживающая обрезка лапчатки: вырезка трети старых ветвей до основания. Лёгкую формирующую стрижку и удаление отцветших концов можно вести всё лето — цветёт на приросте текущего года.		ogorod.ru/ru/outdoor/perennial/19146; botanichka.ru/article/delfinium-ot-i-do; abekker.ru/articles/lavanda-ukrytie; dachadacha.com/rasteniya/lavanda-uzkolistnaya; antonovsad.ru/vyrashchivanie-geyhery-2448; drevo-spas.ru/lapchatka-kustarnikovaya-opisanie
ural-sibir	avgust	АВГУСТ	obrezka	dekor	lapchatka	grunt	Раз в 4-5 лет — омолаживающая обрезка лапчатки: вырезка трети старых ветвей до основания. Лёгкую формирующую стрижку и удаление отцветших концов можно вести всё лето — цветёт на приросте текущего года.		ogorod.ru/ru/outdoor/perennial/19146; botanichka.ru/article/delfinium-ot-i-do; abekker.ru/articles/lavanda-ukrytie; dachadacha.com/rasteniya/lavanda-uzkolistnaya; antonovsad.ru/vyrashchivanie-geyhery-2448; drevo-spas.ru/lapchatka-kustarnikovaya-opisanie
severo-zapad	sentyabr	СЕНТЯБРЬ	obrezka	dekor	lapchatka	grunt	Раз в 4-5 лет — омолаживающая обрезка лапчатки: вырезка трети старых ветвей до основания. Лёгкую формирующую стрижку и удаление отцветших концов можно вести всё лето — цветёт на приросте текущего года.		ogorod.ru/ru/outdoor/perennial/19146; botanichka.ru/article/delfinium-ot-i-do; abekker.ru/articles/lavanda-ukrytie; dachadacha.com/rasteniya/lavanda-uzkolistnaya; antonovsad.ru/vyrashchivanie-geyhery-2448; drevo-spas.ru/lapchatka-kustarnikovaya-opisanie
srednyaya-polosa	may	МАЙ	udobrenie	ogorod	salat,rukkola,shpinat,kinza,schavel,reven,petrushka	grunt	После всходов и после каждой массовой срезки зеленных — подкормка настоем коровяка (1:10) или азофоской (20 г на 10 л) для быстрого отрастания листа. Свежий навоз и высокие дозы азота не вносят — накапливаются нитраты.		ferma.expert/rasteniya/travy/shchavel; botanichka.ru/article/rheum; botanichka.ru/article/strelkovanie-salata; ncsemena.ru/article/shpinat-kress-salat-i-rukkola; prihoz.ru/articles/full/raznye_ovoshchi/CHem-podkormit-fasol-i-goroh; antonovsad.ru/naydite-gorohu-mesto-4543; ferma.expert/rasteniya/kultury/kukuruza/poliv-kukuruzy
yug	aprel	АПРЕЛЬ	udobrenie	ogorod	salat,rukkola,shpinat,kinza,schavel,reven,petrushka	grunt	После всходов и после каждой массовой срезки зеленных — подкормка настоем коровяка (1:10) или азофоской (20 г на 10 л) для быстрого отрастания листа. Свежий навоз и высокие дозы азота не вносят — накапливаются нитраты.		ferma.expert/rasteniya/travy/shchavel; botanichka.ru/article/rheum; botanichka.ru/article/strelkovanie-salata; ncsemena.ru/article/shpinat-kress-salat-i-rukkola; prihoz.ru/articles/full/raznye_ovoshchi/CHem-podkormit-fasol-i-goroh; antonovsad.ru/naydite-gorohu-mesto-4543; ferma.expert/rasteniya/kultury/kukuruza/poliv-kukuruzy
ural-sibir	iyun	ИЮНЬ	udobrenie	ogorod	salat,rukkola,shpinat,kinza,schavel,reven,petrushka	grunt	После всходов и после каждой массовой срезки зеленных — подкормка настоем коровяка (1:10) или азофоской (20 г на 10 л) для быстрого отрастания листа. Свежий навоз и высокие дозы азота не вносят — накапливаются нитраты.		ferma.expert/rasteniya/travy/shchavel; botanichka.ru/article/rheum; botanichka.ru/article/strelkovanie-salata; ncsemena.ru/article/shpinat-kress-salat-i-rukkola; prihoz.ru/articles/full/raznye_ovoshchi/CHem-podkormit-fasol-i-goroh; antonovsad.ru/naydite-gorohu-mesto-4543; ferma.expert/rasteniya/kultury/kukuruza/poliv-kukuruzy
severo-zapad	may	МАЙ	udobrenie	ogorod	salat,rukkola,shpinat,kinza,schavel,reven,petrushka	grunt	После всходов и после каждой массовой срезки зеленных — подкормка настоем коровяка (1:10) или азофоской (20 г на 10 л) для быстрого отрастания листа. Свежий навоз и высокие дозы азота не вносят — накапливаются нитраты.		ferma.expert/rasteniya/travy/shchavel; botanichka.ru/article/rheum; botanichka.ru/article/strelkovanie-salata; ncsemena.ru/article/shpinat-kress-salat-i-rukkola; prihoz.ru/articles/full/raznye_ovoshchi/CHem-podkormit-fasol-i-goroh; antonovsad.ru/naydite-gorohu-mesto-4543; ferma.expert/rasteniya/kultury/kukuruza/poliv-kukuruzy
srednyaya-polosa	iyun	ИЮНЬ	poliv	ogorod	salat,rukkola,shpinat,kinza,ukrop,petrushka	grunt	Зеленным — частый полив в сухую жаркую погоду: при пересыхании лист грубеет, горчит и культура раньше стрелкуется. Тонкая мульча скошенной травой держит влагу и прохладу у корней.		ferma.expert/rasteniya/travy/shchavel; botanichka.ru/article/rheum; botanichka.ru/article/strelkovanie-salata; ncsemena.ru/article/shpinat-kress-salat-i-rukkola; prihoz.ru/articles/full/raznye_ovoshchi/CHem-podkormit-fasol-i-goroh; antonovsad.ru/naydite-gorohu-mesto-4543; ferma.expert/rasteniya/kultury/kukuruza/poliv-kukuruzy
yug	may	МАЙ	poliv	ogorod	salat,rukkola,shpinat,kinza,ukrop,petrushka	grunt	Зеленным — частый полив в сухую жаркую погоду: при пересыхании лист грубеет, горчит и культура раньше стрелкуется. Тонкая мульча скошенной травой держит влагу и прохладу у корней.		ferma.expert/rasteniya/travy/shchavel; botanichka.ru/article/rheum; botanichka.ru/article/strelkovanie-salata; ncsemena.ru/article/shpinat-kress-salat-i-rukkola; prihoz.ru/articles/full/raznye_ovoshchi/CHem-podkormit-fasol-i-goroh; antonovsad.ru/naydite-gorohu-mesto-4543; ferma.expert/rasteniya/kultury/kukuruza/poliv-kukuruzy
ural-sibir	iyul	ИЮЛЬ	poliv	ogorod	salat,rukkola,shpinat,kinza,ukrop,petrushka	grunt	Зеленным — частый полив в сухую жаркую погоду: при пересыхании лист грубеет, горчит и культура раньше стрелкуется. Тонкая мульча скошенной травой держит влагу и прохладу у корней.		ferma.expert/rasteniya/travy/shchavel; botanichka.ru/article/rheum; botanichka.ru/article/strelkovanie-salata; ncsemena.ru/article/shpinat-kress-salat-i-rukkola; prihoz.ru/articles/full/raznye_ovoshchi/CHem-podkormit-fasol-i-goroh; antonovsad.ru/naydite-gorohu-mesto-4543; ferma.expert/rasteniya/kultury/kukuruza/poliv-kukuruzy
severo-zapad	iyun	ИЮНЬ	poliv	ogorod	salat,rukkola,shpinat,kinza,ukrop,petrushka	grunt	Зеленным — частый полив в сухую жаркую погоду: при пересыхании лист грубеет, горчит и культура раньше стрелкуется. Тонкая мульча скошенной травой держит влагу и прохладу у корней.		ferma.expert/rasteniya/travy/shchavel; botanichka.ru/article/rheum; botanichka.ru/article/strelkovanie-salata; ncsemena.ru/article/shpinat-kress-salat-i-rukkola; prihoz.ru/articles/full/raznye_ovoshchi/CHem-podkormit-fasol-i-goroh; antonovsad.ru/naydite-gorohu-mesto-4543; ferma.expert/rasteniya/kultury/kukuruza/poliv-kukuruzy
srednyaya-polosa	iyun	ИЮНЬ	posev	ogorod	salat,rukkola,shpinat,kinza	grunt	Летний конвейерный подсев салата, рукколы, шпината, кинзы каждые 2-3 недели. При жаре выше +25 °C эти культуры быстро стрелкуются — берут стрелкоустойчивые и позднеспелые (50-60 дней) сорта, не загущают, притеняют, обильно поливают.		ferma.expert/rasteniya/travy/shchavel; botanichka.ru/article/rheum; botanichka.ru/article/strelkovanie-salata; ncsemena.ru/article/shpinat-kress-salat-i-rukkola; prihoz.ru/articles/full/raznye_ovoshchi/CHem-podkormit-fasol-i-goroh; antonovsad.ru/naydite-gorohu-mesto-4543; ferma.expert/rasteniya/kultury/kukuruza/poliv-kukuruzy
yug	may	МАЙ	posev	ogorod	salat,rukkola,shpinat,kinza	grunt	На Юге салатные культуры (салат, руккола, шпинат, кинза) сеют конвейером весной — март–апрель, подсев каждые 2 недели — и повторно с конца августа по сентябрь. В жаркий период (июнь–август) в открытом грунте почти не сеют: стрелкуются даже стрелкоустойчивые сорта; при необходимости — только в лёгкой полутени, поздние сорта (50–60 дней), обильный полив.		ferma.expert/rasteniya/travy/shchavel; botanichka.ru/article/rheum; botanichka.ru/article/strelkovanie-salata; ncsemena.ru/article/shpinat-kress-salat-i-rukkola; prihoz.ru/articles/full/raznye_ovoshchi/CHem-podkormit-fasol-i-goroh; antonovsad.ru/naydite-gorohu-mesto-4543; ferma.expert/rasteniya/kultury/kukuruza/poliv-kukuruzy
ural-sibir	iyul	ИЮЛЬ	posev	ogorod	salat,rukkola,shpinat,kinza	grunt	Летний конвейерный подсев салата, рукколы, шпината, кинзы каждые 2-3 недели. При жаре выше +25 °C эти культуры быстро стрелкуются — берут стрелкоустойчивые и позднеспелые (50-60 дней) сорта, не загущают, притеняют, обильно поливают.		ferma.expert/rasteniya/travy/shchavel; botanichka.ru/article/rheum; botanichka.ru/article/strelkovanie-salata; ncsemena.ru/article/shpinat-kress-salat-i-rukkola; prihoz.ru/articles/full/raznye_ovoshchi/CHem-podkormit-fasol-i-goroh; antonovsad.ru/naydite-gorohu-mesto-4543; ferma.expert/rasteniya/kultury/kukuruza/poliv-kukuruzy
severo-zapad	iyun	ИЮНЬ	posev	ogorod	salat,rukkola,shpinat,kinza	grunt	Летний конвейерный подсев салата, рукколы, шпината, кинзы каждые 2-3 недели. При жаре выше +25 °C эти культуры быстро стрелкуются — берут стрелкоустойчивые и позднеспелые (50-60 дней) сорта, не загущают, притеняют, обильно поливают.		ferma.expert/rasteniya/travy/shchavel; botanichka.ru/article/rheum; botanichka.ru/article/strelkovanie-salata; ncsemena.ru/article/shpinat-kress-salat-i-rukkola; prihoz.ru/articles/full/raznye_ovoshchi/CHem-podkormit-fasol-i-goroh; antonovsad.ru/naydite-gorohu-mesto-4543; ferma.expert/rasteniya/kultury/kukuruza/poliv-kukuruzy
srednyaya-polosa	avgust	АВГУСТ	posev	ogorod	salat,rukkola,shpinat	grunt	В августе, когда спадает жара и холодают ночи, — повторный посев самых нежных ранних сортов салата, рукколы, шпината для осеннего сбора.		ferma.expert/rasteniya/travy/shchavel; botanichka.ru/article/rheum; botanichka.ru/article/strelkovanie-salata; ncsemena.ru/article/shpinat-kress-salat-i-rukkola; prihoz.ru/articles/full/raznye_ovoshchi/CHem-podkormit-fasol-i-goroh; antonovsad.ru/naydite-gorohu-mesto-4543; ferma.expert/rasteniya/kultury/kukuruza/poliv-kukuruzy
yug	iyul	ИЮЛЬ	posev	ogorod	salat,rukkola,shpinat	grunt	В августе, когда спадает жара и холодают ночи, — повторный посев самых нежных ранних сортов салата, рукколы, шпината для осеннего сбора.		ferma.expert/rasteniya/travy/shchavel; botanichka.ru/article/rheum; botanichka.ru/article/strelkovanie-salata; ncsemena.ru/article/shpinat-kress-salat-i-rukkola; prihoz.ru/articles/full/raznye_ovoshchi/CHem-podkormit-fasol-i-goroh; antonovsad.ru/naydite-gorohu-mesto-4543; ferma.expert/rasteniya/kultury/kukuruza/poliv-kukuruzy
ural-sibir	sentyabr	СЕНТЯБРЬ	posev	ogorod	salat,rukkola,shpinat	grunt	В августе, когда спадает жара и холодают ночи, — повторный посев самых нежных ранних сортов салата, рукколы, шпината для осеннего сбора.		ferma.expert/rasteniya/travy/shchavel; botanichka.ru/article/rheum; botanichka.ru/article/strelkovanie-salata; ncsemena.ru/article/shpinat-kress-salat-i-rukkola; prihoz.ru/articles/full/raznye_ovoshchi/CHem-podkormit-fasol-i-goroh; antonovsad.ru/naydite-gorohu-mesto-4543; ferma.expert/rasteniya/kultury/kukuruza/poliv-kukuruzy
severo-zapad	avgust	АВГУСТ	posev	ogorod	salat,rukkola,shpinat	grunt	В августе, когда спадает жара и холодают ночи, — повторный посев самых нежных ранних сортов салата, рукколы, шпината для осеннего сбора.		ferma.expert/rasteniya/travy/shchavel; botanichka.ru/article/rheum; botanichka.ru/article/strelkovanie-salata; ncsemena.ru/article/shpinat-kress-salat-i-rukkola; prihoz.ru/articles/full/raznye_ovoshchi/CHem-podkormit-fasol-i-goroh; antonovsad.ru/naydite-gorohu-mesto-4543; ferma.expert/rasteniya/kultury/kukuruza/poliv-kukuruzy
srednyaya-polosa	aprel	АПРЕЛЬ	razmnozhenie	ogorod	reven	grunt	Деление и пересадка ревеня — рано весной (апрель - май) или в конце августа: делёнка с 1-2 крупными почками и куском корневища. На одном месте ревень растёт 8-10 лет.		ferma.expert/rasteniya/travy/shchavel; botanichka.ru/article/rheum; botanichka.ru/article/strelkovanie-salata; ncsemena.ru/article/shpinat-kress-salat-i-rukkola; prihoz.ru/articles/full/raznye_ovoshchi/CHem-podkormit-fasol-i-goroh; antonovsad.ru/naydite-gorohu-mesto-4543; ferma.expert/rasteniya/kultury/kukuruza/poliv-kukuruzy
yug	mart	МАРТ	razmnozhenie	ogorod	reven	grunt	Деление и пересадка ревеня — рано весной (апрель - май) или в конце августа: делёнка с 1-2 крупными почками и куском корневища. На одном месте ревень растёт 8-10 лет.		ferma.expert/rasteniya/travy/shchavel; botanichka.ru/article/rheum; botanichka.ru/article/strelkovanie-salata; ncsemena.ru/article/shpinat-kress-salat-i-rukkola; prihoz.ru/articles/full/raznye_ovoshchi/CHem-podkormit-fasol-i-goroh; antonovsad.ru/naydite-gorohu-mesto-4543; ferma.expert/rasteniya/kultury/kukuruza/poliv-kukuruzy
ural-sibir	may	МАЙ	razmnozhenie	ogorod	reven	grunt	Деление и пересадка ревеня — рано весной (апрель - май) или в конце августа: делёнка с 1-2 крупными почками и куском корневища. На одном месте ревень растёт 8-10 лет.		ferma.expert/rasteniya/travy/shchavel; botanichka.ru/article/rheum; botanichka.ru/article/strelkovanie-salata; ncsemena.ru/article/shpinat-kress-salat-i-rukkola; prihoz.ru/articles/full/raznye_ovoshchi/CHem-podkormit-fasol-i-goroh; antonovsad.ru/naydite-gorohu-mesto-4543; ferma.expert/rasteniya/kultury/kukuruza/poliv-kukuruzy
severo-zapad	aprel	АПРЕЛЬ	razmnozhenie	ogorod	reven	grunt	Деление и пересадка ревеня — рано весной (апрель - май) или в конце августа: делёнка с 1-2 крупными почками и куском корневища. На одном месте ревень растёт 8-10 лет.		ferma.expert/rasteniya/travy/shchavel; botanichka.ru/article/rheum; botanichka.ru/article/strelkovanie-salata; ncsemena.ru/article/shpinat-kress-salat-i-rukkola; prihoz.ru/articles/full/raznye_ovoshchi/CHem-podkormit-fasol-i-goroh; antonovsad.ru/naydite-gorohu-mesto-4543; ferma.expert/rasteniya/kultury/kukuruza/poliv-kukuruzy
srednyaya-polosa	may	МАЙ	udobrenie	ogorod	reven	grunt	Ревень отзывчив на питание: рано весной — азот (перегной, настой коровяка), после массового сбора черешков — комплексное удобрение; молодые растения кормят усиленно, чередуя органику и минералку.		ferma.expert/rasteniya/travy/shchavel; botanichka.ru/article/rheum; botanichka.ru/article/strelkovanie-salata; ncsemena.ru/article/shpinat-kress-salat-i-rukkola; prihoz.ru/articles/full/raznye_ovoshchi/CHem-podkormit-fasol-i-goroh; antonovsad.ru/naydite-gorohu-mesto-4543; ferma.expert/rasteniya/kultury/kukuruza/poliv-kukuruzy
yug	aprel	АПРЕЛЬ	udobrenie	ogorod	reven	grunt	Ревень отзывчив на питание: рано весной — азот (перегной, настой коровяка), после массового сбора черешков — комплексное удобрение; молодые растения кормят усиленно, чередуя органику и минералку.		ferma.expert/rasteniya/travy/shchavel; botanichka.ru/article/rheum; botanichka.ru/article/strelkovanie-salata; ncsemena.ru/article/shpinat-kress-salat-i-rukkola; prihoz.ru/articles/full/raznye_ovoshchi/CHem-podkormit-fasol-i-goroh; antonovsad.ru/naydite-gorohu-mesto-4543; ferma.expert/rasteniya/kultury/kukuruza/poliv-kukuruzy
ural-sibir	iyun	ИЮНЬ	udobrenie	ogorod	reven	grunt	Ревень отзывчив на питание: рано весной — азот (перегной, настой коровяка), после массового сбора черешков — комплексное удобрение; молодые растения кормят усиленно, чередуя органику и минералку.		ferma.expert/rasteniya/travy/shchavel; botanichka.ru/article/rheum; botanichka.ru/article/strelkovanie-salata; ncsemena.ru/article/shpinat-kress-salat-i-rukkola; prihoz.ru/articles/full/raznye_ovoshchi/CHem-podkormit-fasol-i-goroh; antonovsad.ru/naydite-gorohu-mesto-4543; ferma.expert/rasteniya/kultury/kukuruza/poliv-kukuruzy
severo-zapad	may	МАЙ	udobrenie	ogorod	reven	grunt	Ревень отзывчив на питание: рано весной — азот (перегной, настой коровяка), после массового сбора черешков — комплексное удобрение; молодые растения кормят усиленно, чередуя органику и минералку.		ferma.expert/rasteniya/travy/shchavel; botanichka.ru/article/rheum; botanichka.ru/article/strelkovanie-salata; ncsemena.ru/article/shpinat-kress-salat-i-rukkola; prihoz.ru/articles/full/raznye_ovoshchi/CHem-podkormit-fasol-i-goroh; antonovsad.ru/naydite-gorohu-mesto-4543; ferma.expert/rasteniya/kultury/kukuruza/poliv-kukuruzy
srednyaya-polosa	may	МАЙ	obrezka	ogorod	reven,schavel	grunt	Цветоносы ревеня и щавеля выламывают у основания сразу при появлении — цветение истощает корневище, черешки и лист грубеют и мельчают.		ferma.expert/rasteniya/travy/shchavel; botanichka.ru/article/rheum; botanichka.ru/article/strelkovanie-salata; ncsemena.ru/article/shpinat-kress-salat-i-rukkola; prihoz.ru/articles/full/raznye_ovoshchi/CHem-podkormit-fasol-i-goroh; antonovsad.ru/naydite-gorohu-mesto-4543; ferma.expert/rasteniya/kultury/kukuruza/poliv-kukuruzy
yug	aprel	АПРЕЛЬ	obrezka	ogorod	reven,schavel	grunt	Цветоносы ревеня и щавеля выламывают у основания сразу при появлении — цветение истощает корневище, черешки и лист грубеют и мельчают.		ferma.expert/rasteniya/travy/shchavel; botanichka.ru/article/rheum; botanichka.ru/article/strelkovanie-salata; ncsemena.ru/article/shpinat-kress-salat-i-rukkola; prihoz.ru/articles/full/raznye_ovoshchi/CHem-podkormit-fasol-i-goroh; antonovsad.ru/naydite-gorohu-mesto-4543; ferma.expert/rasteniya/kultury/kukuruza/poliv-kukuruzy
ural-sibir	iyun	ИЮНЬ	obrezka	ogorod	reven,schavel	grunt	Цветоносы ревеня и щавеля выламывают у основания сразу при появлении — цветение истощает корневище, черешки и лист грубеют и мельчают.		ferma.expert/rasteniya/travy/shchavel; botanichka.ru/article/rheum; botanichka.ru/article/strelkovanie-salata; ncsemena.ru/article/shpinat-kress-salat-i-rukkola; prihoz.ru/articles/full/raznye_ovoshchi/CHem-podkormit-fasol-i-goroh; antonovsad.ru/naydite-gorohu-mesto-4543; ferma.expert/rasteniya/kultury/kukuruza/poliv-kukuruzy
severo-zapad	may	МАЙ	obrezka	ogorod	reven,schavel	grunt	Цветоносы ревеня и щавеля выламывают у основания сразу при появлении — цветение истощает корневище, черешки и лист грубеют и мельчают.		ferma.expert/rasteniya/travy/shchavel; botanichka.ru/article/rheum; botanichka.ru/article/strelkovanie-salata; ncsemena.ru/article/shpinat-kress-salat-i-rukkola; prihoz.ru/articles/full/raznye_ovoshchi/CHem-podkormit-fasol-i-goroh; antonovsad.ru/naydite-gorohu-mesto-4543; ferma.expert/rasteniya/kultury/kukuruza/poliv-kukuruzy
srednyaya-polosa	iyul	ИЮЛЬ	urozhay	ogorod	reven	grunt	Сбор черешков ревеня прекращают к середине июля: растению нужно 1,5-2 месяца нарастить листву перед зимой. Черешки выламывают, не срезают, оставляя за раз не более трети-половины листьев.		ferma.expert/rasteniya/travy/shchavel; botanichka.ru/article/rheum; botanichka.ru/article/strelkovanie-salata; ncsemena.ru/article/shpinat-kress-salat-i-rukkola; prihoz.ru/articles/full/raznye_ovoshchi/CHem-podkormit-fasol-i-goroh; antonovsad.ru/naydite-gorohu-mesto-4543; ferma.expert/rasteniya/kultury/kukuruza/poliv-kukuruzy
yug	iyun	ИЮНЬ	urozhay	ogorod	reven	grunt	Сбор черешков ревеня прекращают к середине июля: растению нужно 1,5-2 месяца нарастить листву перед зимой. Черешки выламывают, не срезают, оставляя за раз не более трети-половины листьев.		ferma.expert/rasteniya/travy/shchavel; botanichka.ru/article/rheum; botanichka.ru/article/strelkovanie-salata; ncsemena.ru/article/shpinat-kress-salat-i-rukkola; prihoz.ru/articles/full/raznye_ovoshchi/CHem-podkormit-fasol-i-goroh; antonovsad.ru/naydite-gorohu-mesto-4543; ferma.expert/rasteniya/kultury/kukuruza/poliv-kukuruzy
ural-sibir	avgust	АВГУСТ	urozhay	ogorod	reven	grunt	Сбор черешков ревеня прекращают к середине июля: растению нужно 1,5-2 месяца нарастить листву перед зимой. Черешки выламывают, не срезают, оставляя за раз не более трети-половины листьев.		ferma.expert/rasteniya/travy/shchavel; botanichka.ru/article/rheum; botanichka.ru/article/strelkovanie-salata; ncsemena.ru/article/shpinat-kress-salat-i-rukkola; prihoz.ru/articles/full/raznye_ovoshchi/CHem-podkormit-fasol-i-goroh; antonovsad.ru/naydite-gorohu-mesto-4543; ferma.expert/rasteniya/kultury/kukuruza/poliv-kukuruzy
severo-zapad	iyul	ИЮЛЬ	urozhay	ogorod	reven	grunt	Сбор черешков ревеня прекращают к середине июля: растению нужно 1,5-2 месяца нарастить листву перед зимой. Черешки выламывают, не срезают, оставляя за раз не более трети-половины листьев.		ferma.expert/rasteniya/travy/shchavel; botanichka.ru/article/rheum; botanichka.ru/article/strelkovanie-salata; ncsemena.ru/article/shpinat-kress-salat-i-rukkola; prihoz.ru/articles/full/raznye_ovoshchi/CHem-podkormit-fasol-i-goroh; antonovsad.ru/naydite-gorohu-mesto-4543; ferma.expert/rasteniya/kultury/kukuruza/poliv-kukuruzy
srednyaya-polosa	sentyabr	СЕНТЯБРЬ	mulcha	ogorod	reven,schavel	grunt	Осенью после отмирания листьев — мульчирование кустов ревеня и щавеля перегноем или компостом слоем 5-8 см (питание почек и защита от вымерзания); старые кусты слегка окучивают.		ferma.expert/rasteniya/travy/shchavel; botanichka.ru/article/rheum; botanichka.ru/article/strelkovanie-salata; ncsemena.ru/article/shpinat-kress-salat-i-rukkola; prihoz.ru/articles/full/raznye_ovoshchi/CHem-podkormit-fasol-i-goroh; antonovsad.ru/naydite-gorohu-mesto-4543; ferma.expert/rasteniya/kultury/kukuruza/poliv-kukuruzy
yug	oktyabr	ОКТЯБРЬ	mulcha	ogorod	reven,schavel	grunt	Осенью после отмирания листьев — мульчирование кустов ревеня и щавеля перегноем или компостом слоем 5-8 см (питание почек и защита от вымерзания); старые кусты слегка окучивают.		ferma.expert/rasteniya/travy/shchavel; botanichka.ru/article/rheum; botanichka.ru/article/strelkovanie-salata; ncsemena.ru/article/shpinat-kress-salat-i-rukkola; prihoz.ru/articles/full/raznye_ovoshchi/CHem-podkormit-fasol-i-goroh; antonovsad.ru/naydite-gorohu-mesto-4543; ferma.expert/rasteniya/kultury/kukuruza/poliv-kukuruzy
ural-sibir	avgust	АВГУСТ	mulcha	ogorod	reven,schavel	grunt	Осенью после отмирания листьев — мульчирование кустов ревеня и щавеля перегноем или компостом слоем 5-8 см (питание почек и защита от вымерзания); старые кусты слегка окучивают.		ferma.expert/rasteniya/travy/shchavel; botanichka.ru/article/rheum; botanichka.ru/article/strelkovanie-salata; ncsemena.ru/article/shpinat-kress-salat-i-rukkola; prihoz.ru/articles/full/raznye_ovoshchi/CHem-podkormit-fasol-i-goroh; antonovsad.ru/naydite-gorohu-mesto-4543; ferma.expert/rasteniya/kultury/kukuruza/poliv-kukuruzy
severo-zapad	sentyabr	СЕНТЯБРЬ	mulcha	ogorod	reven,schavel	grunt	Осенью после отмирания листьев — мульчирование кустов ревеня и щавеля перегноем или компостом слоем 5-8 см (питание почек и защита от вымерзания); старые кусты слегка окучивают.		ferma.expert/rasteniya/travy/shchavel; botanichka.ru/article/rheum; botanichka.ru/article/strelkovanie-salata; ncsemena.ru/article/shpinat-kress-salat-i-rukkola; prihoz.ru/articles/full/raznye_ovoshchi/CHem-podkormit-fasol-i-goroh; antonovsad.ru/naydite-gorohu-mesto-4543; ferma.expert/rasteniya/kultury/kukuruza/poliv-kukuruzy
srednyaya-polosa	may	МАЙ	udobrenie	ogorod	schavel	grunt	После первой и каждой последующей срезки щавеля — подкормка настоем коровяка (1:10) или азофоской (20 г на 10 л) для быстрого отрастания; между срезками не менее 10-12 дней, иначе слабеет корневая система.		ferma.expert/rasteniya/travy/shchavel; botanichka.ru/article/rheum; botanichka.ru/article/strelkovanie-salata; ncsemena.ru/article/shpinat-kress-salat-i-rukkola; prihoz.ru/articles/full/raznye_ovoshchi/CHem-podkormit-fasol-i-goroh; antonovsad.ru/naydite-gorohu-mesto-4543; ferma.expert/rasteniya/kultury/kukuruza/poliv-kukuruzy
yug	aprel	АПРЕЛЬ	udobrenie	ogorod	schavel	grunt	После первой и каждой последующей срезки щавеля — подкормка настоем коровяка (1:10) или азофоской (20 г на 10 л) для быстрого отрастания; между срезками не менее 10-12 дней, иначе слабеет корневая система.		ferma.expert/rasteniya/travy/shchavel; botanichka.ru/article/rheum; botanichka.ru/article/strelkovanie-salata; ncsemena.ru/article/shpinat-kress-salat-i-rukkola; prihoz.ru/articles/full/raznye_ovoshchi/CHem-podkormit-fasol-i-goroh; antonovsad.ru/naydite-gorohu-mesto-4543; ferma.expert/rasteniya/kultury/kukuruza/poliv-kukuruzy
ural-sibir	iyun	ИЮНЬ	udobrenie	ogorod	schavel	grunt	После первой и каждой последующей срезки щавеля — подкормка настоем коровяка (1:10) или азофоской (20 г на 10 л) для быстрого отрастания; между срезками не менее 10-12 дней, иначе слабеет корневая система.		ferma.expert/rasteniya/travy/shchavel; botanichka.ru/article/rheum; botanichka.ru/article/strelkovanie-salata; ncsemena.ru/article/shpinat-kress-salat-i-rukkola; prihoz.ru/articles/full/raznye_ovoshchi/CHem-podkormit-fasol-i-goroh; antonovsad.ru/naydite-gorohu-mesto-4543; ferma.expert/rasteniya/kultury/kukuruza/poliv-kukuruzy
severo-zapad	may	МАЙ	udobrenie	ogorod	schavel	grunt	После первой и каждой последующей срезки щавеля — подкормка настоем коровяка (1:10) или азофоской (20 г на 10 л) для быстрого отрастания; между срезками не менее 10-12 дней, иначе слабеет корневая система.		ferma.expert/rasteniya/travy/shchavel; botanichka.ru/article/rheum; botanichka.ru/article/strelkovanie-salata; ncsemena.ru/article/shpinat-kress-salat-i-rukkola; prihoz.ru/articles/full/raznye_ovoshchi/CHem-podkormit-fasol-i-goroh; antonovsad.ru/naydite-gorohu-mesto-4543; ferma.expert/rasteniya/kultury/kukuruza/poliv-kukuruzy
srednyaya-polosa	avgust	АВГУСТ	urozhay	ogorod	schavel	grunt	Последнюю срезку щавеля проводят не позже середины сентября — растению нужно нарастить розетку перед зимой. В сухую погоду перед срезкой грядку поливают. На 3-4-й год щавель перезакладывают на новое место (лист мельчает, копится щавелевая кислота).		ferma.expert/rasteniya/travy/shchavel; botanichka.ru/article/rheum; botanichka.ru/article/strelkovanie-salata; ncsemena.ru/article/shpinat-kress-salat-i-rukkola; prihoz.ru/articles/full/raznye_ovoshchi/CHem-podkormit-fasol-i-goroh; antonovsad.ru/naydite-gorohu-mesto-4543; ferma.expert/rasteniya/kultury/kukuruza/poliv-kukuruzy
yug	iyul	ИЮЛЬ	urozhay	ogorod	schavel	grunt	Последнюю срезку щавеля проводят не позже середины сентября — растению нужно нарастить розетку перед зимой. В сухую погоду перед срезкой грядку поливают. На 3-4-й год щавель перезакладывают на новое место (лист мельчает, копится щавелевая кислота).		ferma.expert/rasteniya/travy/shchavel; botanichka.ru/article/rheum; botanichka.ru/article/strelkovanie-salata; ncsemena.ru/article/shpinat-kress-salat-i-rukkola; prihoz.ru/articles/full/raznye_ovoshchi/CHem-podkormit-fasol-i-goroh; antonovsad.ru/naydite-gorohu-mesto-4543; ferma.expert/rasteniya/kultury/kukuruza/poliv-kukuruzy
ural-sibir	sentyabr	СЕНТЯБРЬ	urozhay	ogorod	schavel	grunt	Последнюю срезку щавеля проводят не позже середины сентября — растению нужно нарастить розетку перед зимой. В сухую погоду перед срезкой грядку поливают. На 3-4-й год щавель перезакладывают на новое место (лист мельчает, копится щавелевая кислота).		ferma.expert/rasteniya/travy/shchavel; botanichka.ru/article/rheum; botanichka.ru/article/strelkovanie-salata; ncsemena.ru/article/shpinat-kress-salat-i-rukkola; prihoz.ru/articles/full/raznye_ovoshchi/CHem-podkormit-fasol-i-goroh; antonovsad.ru/naydite-gorohu-mesto-4543; ferma.expert/rasteniya/kultury/kukuruza/poliv-kukuruzy
severo-zapad	avgust	АВГУСТ	urozhay	ogorod	schavel	grunt	Последнюю срезку щавеля проводят не позже середины сентября — растению нужно нарастить розетку перед зимой. В сухую погоду перед срезкой грядку поливают. На 3-4-й год щавель перезакладывают на новое место (лист мельчает, копится щавелевая кислота).		ferma.expert/rasteniya/travy/shchavel; botanichka.ru/article/rheum; botanichka.ru/article/strelkovanie-salata; ncsemena.ru/article/shpinat-kress-salat-i-rukkola; prihoz.ru/articles/full/raznye_ovoshchi/CHem-podkormit-fasol-i-goroh; antonovsad.ru/naydite-gorohu-mesto-4543; ferma.expert/rasteniya/kultury/kukuruza/poliv-kukuruzy
srednyaya-polosa	may	МАЙ	urozhay	ogorod	shpinat	grunt	Шпинат убирают в фазе розетки из 5-8 листьев, до выдвижения цветоноса: при длинном дне и жаре стрелкуется, лист грубеет и горчит. Срезают всё растение или обрывают наружные листья.		ferma.expert/rasteniya/travy/shchavel; botanichka.ru/article/rheum; botanichka.ru/article/strelkovanie-salata; ncsemena.ru/article/shpinat-kress-salat-i-rukkola; prihoz.ru/articles/full/raznye_ovoshchi/CHem-podkormit-fasol-i-goroh; antonovsad.ru/naydite-gorohu-mesto-4543; ferma.expert/rasteniya/kultury/kukuruza/poliv-kukuruzy
yug	aprel	АПРЕЛЬ	urozhay	ogorod	shpinat	grunt	Шпинат убирают в фазе розетки из 5-8 листьев, до выдвижения цветоноса: при длинном дне и жаре стрелкуется, лист грубеет и горчит. Срезают всё растение или обрывают наружные листья.		ferma.expert/rasteniya/travy/shchavel; botanichka.ru/article/rheum; botanichka.ru/article/strelkovanie-salata; ncsemena.ru/article/shpinat-kress-salat-i-rukkola; prihoz.ru/articles/full/raznye_ovoshchi/CHem-podkormit-fasol-i-goroh; antonovsad.ru/naydite-gorohu-mesto-4543; ferma.expert/rasteniya/kultury/kukuruza/poliv-kukuruzy
ural-sibir	iyun	ИЮНЬ	urozhay	ogorod	shpinat	grunt	Шпинат убирают в фазе розетки из 5-8 листьев, до выдвижения цветоноса: при длинном дне и жаре стрелкуется, лист грубеет и горчит. Срезают всё растение или обрывают наружные листья.		ferma.expert/rasteniya/travy/shchavel; botanichka.ru/article/rheum; botanichka.ru/article/strelkovanie-salata; ncsemena.ru/article/shpinat-kress-salat-i-rukkola; prihoz.ru/articles/full/raznye_ovoshchi/CHem-podkormit-fasol-i-goroh; antonovsad.ru/naydite-gorohu-mesto-4543; ferma.expert/rasteniya/kultury/kukuruza/poliv-kukuruzy
severo-zapad	may	МАЙ	urozhay	ogorod	shpinat	grunt	Шпинат убирают в фазе розетки из 5-8 листьев, до выдвижения цветоноса: при длинном дне и жаре стрелкуется, лист грубеет и горчит. Срезают всё растение или обрывают наружные листья.		ferma.expert/rasteniya/travy/shchavel; botanichka.ru/article/rheum; botanichka.ru/article/strelkovanie-salata; ncsemena.ru/article/shpinat-kress-salat-i-rukkola; prihoz.ru/articles/full/raznye_ovoshchi/CHem-podkormit-fasol-i-goroh; antonovsad.ru/naydite-gorohu-mesto-4543; ferma.expert/rasteniya/kultury/kukuruza/poliv-kukuruzy
srednyaya-polosa	may	МАЙ	udobrenie	ogorod	petrushka	grunt	Листовую петрушку подкармливают азотом (настой коровяка 1:10) после каждой массовой срезки, всё лето. Корневую — азотом только до июля.		ferma.expert/rasteniya/travy/shchavel; botanichka.ru/article/rheum; botanichka.ru/article/strelkovanie-salata; ncsemena.ru/article/shpinat-kress-salat-i-rukkola; prihoz.ru/articles/full/raznye_ovoshchi/CHem-podkormit-fasol-i-goroh; antonovsad.ru/naydite-gorohu-mesto-4543; ferma.expert/rasteniya/kultury/kukuruza/poliv-kukuruzy
yug	aprel	АПРЕЛЬ	udobrenie	ogorod	petrushka	grunt	Листовую петрушку подкармливают азотом (настой коровяка 1:10) после каждой массовой срезки, всё лето. Корневую — азотом только до июля.		ferma.expert/rasteniya/travy/shchavel; botanichka.ru/article/rheum; botanichka.ru/article/strelkovanie-salata; ncsemena.ru/article/shpinat-kress-salat-i-rukkola; prihoz.ru/articles/full/raznye_ovoshchi/CHem-podkormit-fasol-i-goroh; antonovsad.ru/naydite-gorohu-mesto-4543; ferma.expert/rasteniya/kultury/kukuruza/poliv-kukuruzy
ural-sibir	iyun	ИЮНЬ	udobrenie	ogorod	petrushka	grunt	Листовую петрушку подкармливают азотом (настой коровяка 1:10) после каждой массовой срезки, всё лето. Корневую — азотом только до июля.		ferma.expert/rasteniya/travy/shchavel; botanichka.ru/article/rheum; botanichka.ru/article/strelkovanie-salata; ncsemena.ru/article/shpinat-kress-salat-i-rukkola; prihoz.ru/articles/full/raznye_ovoshchi/CHem-podkormit-fasol-i-goroh; antonovsad.ru/naydite-gorohu-mesto-4543; ferma.expert/rasteniya/kultury/kukuruza/poliv-kukuruzy
severo-zapad	may	МАЙ	udobrenie	ogorod	petrushka	grunt	Листовую петрушку подкармливают азотом (настой коровяка 1:10) после каждой массовой срезки, всё лето. Корневую — азотом только до июля.		ferma.expert/rasteniya/travy/shchavel; botanichka.ru/article/rheum; botanichka.ru/article/strelkovanie-salata; ncsemena.ru/article/shpinat-kress-salat-i-rukkola; prihoz.ru/articles/full/raznye_ovoshchi/CHem-podkormit-fasol-i-goroh; antonovsad.ru/naydite-gorohu-mesto-4543; ferma.expert/rasteniya/kultury/kukuruza/poliv-kukuruzy
srednyaya-polosa	iyul	ИЮЛЬ	poliv	ogorod	petrushka	grunt	Петрушке — регулярный полив в сухую погоду; корневая петрушка при пересыхании и последующем обильном поливе растрескивается.		ferma.expert/rasteniya/travy/shchavel; botanichka.ru/article/rheum; botanichka.ru/article/strelkovanie-salata; ncsemena.ru/article/shpinat-kress-salat-i-rukkola; prihoz.ru/articles/full/raznye_ovoshchi/CHem-podkormit-fasol-i-goroh; antonovsad.ru/naydite-gorohu-mesto-4543; ferma.expert/rasteniya/kultury/kukuruza/poliv-kukuruzy
yug	iyun	ИЮНЬ	poliv	ogorod	petrushka	grunt	Петрушке — регулярный полив в сухую погоду; корневая петрушка при пересыхании и последующем обильном поливе растрескивается.		ferma.expert/rasteniya/travy/shchavel; botanichka.ru/article/rheum; botanichka.ru/article/strelkovanie-salata; ncsemena.ru/article/shpinat-kress-salat-i-rukkola; prihoz.ru/articles/full/raznye_ovoshchi/CHem-podkormit-fasol-i-goroh; antonovsad.ru/naydite-gorohu-mesto-4543; ferma.expert/rasteniya/kultury/kukuruza/poliv-kukuruzy
ural-sibir	avgust	АВГУСТ	poliv	ogorod	petrushka	grunt	Петрушке — регулярный полив в сухую погоду; корневая петрушка при пересыхании и последующем обильном поливе растрескивается.		ferma.expert/rasteniya/travy/shchavel; botanichka.ru/article/rheum; botanichka.ru/article/strelkovanie-salata; ncsemena.ru/article/shpinat-kress-salat-i-rukkola; prihoz.ru/articles/full/raznye_ovoshchi/CHem-podkormit-fasol-i-goroh; antonovsad.ru/naydite-gorohu-mesto-4543; ferma.expert/rasteniya/kultury/kukuruza/poliv-kukuruzy
severo-zapad	iyul	ИЮЛЬ	poliv	ogorod	petrushka	grunt	Петрушке — регулярный полив в сухую погоду; корневая петрушка при пересыхании и последующем обильном поливе растрескивается.		ferma.expert/rasteniya/travy/shchavel; botanichka.ru/article/rheum; botanichka.ru/article/strelkovanie-salata; ncsemena.ru/article/shpinat-kress-salat-i-rukkola; prihoz.ru/articles/full/raznye_ovoshchi/CHem-podkormit-fasol-i-goroh; antonovsad.ru/naydite-gorohu-mesto-4543; ferma.expert/rasteniya/kultury/kukuruza/poliv-kukuruzy
srednyaya-polosa	may	МАЙ	obrabotka	ogorod	redka,repa,redis,rukkola	grunt	От крестоцветной блошки на всходах редьки, репы, редиса и рукколы — опудривание золой с табачной пылью, укрытие спанбондом сразу после посева; при массовом лёте — инсектицид.		ferma.expert/rasteniya/travy/shchavel; botanichka.ru/article/rheum; botanichka.ru/article/strelkovanie-salata; ncsemena.ru/article/shpinat-kress-salat-i-rukkola; prihoz.ru/articles/full/raznye_ovoshchi/CHem-podkormit-fasol-i-goroh; antonovsad.ru/naydite-gorohu-mesto-4543; ferma.expert/rasteniya/kultury/kukuruza/poliv-kukuruzy
yug	aprel	АПРЕЛЬ	obrabotka	ogorod	redka,repa,redis,rukkola	grunt	От крестоцветной блошки на всходах редьки, репы, редиса и рукколы — опудривание золой с табачной пылью, укрытие спанбондом сразу после посева; при массовом лёте — инсектицид.		ferma.expert/rasteniya/travy/shchavel; botanichka.ru/article/rheum; botanichka.ru/article/strelkovanie-salata; ncsemena.ru/article/shpinat-kress-salat-i-rukkola; prihoz.ru/articles/full/raznye_ovoshchi/CHem-podkormit-fasol-i-goroh; antonovsad.ru/naydite-gorohu-mesto-4543; ferma.expert/rasteniya/kultury/kukuruza/poliv-kukuruzy
ural-sibir	iyun	ИЮНЬ	obrabotka	ogorod	redka,repa,redis,rukkola	grunt	От крестоцветной блошки на всходах редьки, репы, редиса и рукколы — опудривание золой с табачной пылью, укрытие спанбондом сразу после посева; при массовом лёте — инсектицид.		ferma.expert/rasteniya/travy/shchavel; botanichka.ru/article/rheum; botanichka.ru/article/strelkovanie-salata; ncsemena.ru/article/shpinat-kress-salat-i-rukkola; prihoz.ru/articles/full/raznye_ovoshchi/CHem-podkormit-fasol-i-goroh; antonovsad.ru/naydite-gorohu-mesto-4543; ferma.expert/rasteniya/kultury/kukuruza/poliv-kukuruzy
severo-zapad	may	МАЙ	obrabotka	ogorod	redka,repa,redis,rukkola	grunt	От крестоцветной блошки на всходах редьки, репы, редиса и рукколы — опудривание золой с табачной пылью, укрытие спанбондом сразу после посева; при массовом лёте — инсектицид.		ferma.expert/rasteniya/travy/shchavel; botanichka.ru/article/rheum; botanichka.ru/article/strelkovanie-salata; ncsemena.ru/article/shpinat-kress-salat-i-rukkola; prihoz.ru/articles/full/raznye_ovoshchi/CHem-podkormit-fasol-i-goroh; antonovsad.ru/naydite-gorohu-mesto-4543; ferma.expert/rasteniya/kultury/kukuruza/poliv-kukuruzy
srednyaya-polosa	iyun	ИЮНЬ	udobrenie	ogorod	redka,repa	grunt	Редьку и репу подкармливают фосфорно-калийным удобрением в фазе 3-4 листьев и при формировании корнеплода; азот только в начале — избыток даёт ботву и пустоты. Зола по грядке работает как калийная подкормка и против килы.		ferma.expert/rasteniya/travy/shchavel; botanichka.ru/article/rheum; botanichka.ru/article/strelkovanie-salata; ncsemena.ru/article/shpinat-kress-salat-i-rukkola; prihoz.ru/articles/full/raznye_ovoshchi/CHem-podkormit-fasol-i-goroh; antonovsad.ru/naydite-gorohu-mesto-4543; ferma.expert/rasteniya/kultury/kukuruza/poliv-kukuruzy
yug	may	МАЙ	udobrenie	ogorod	redka,repa	grunt	Редьку и репу подкармливают фосфорно-калийным удобрением в фазе 3-4 листьев и при формировании корнеплода; азот только в начале — избыток даёт ботву и пустоты. Зола по грядке работает как калийная подкормка и против килы.		ferma.expert/rasteniya/travy/shchavel; botanichka.ru/article/rheum; botanichka.ru/article/strelkovanie-salata; ncsemena.ru/article/shpinat-kress-salat-i-rukkola; prihoz.ru/articles/full/raznye_ovoshchi/CHem-podkormit-fasol-i-goroh; antonovsad.ru/naydite-gorohu-mesto-4543; ferma.expert/rasteniya/kultury/kukuruza/poliv-kukuruzy
ural-sibir	iyul	ИЮЛЬ	udobrenie	ogorod	redka,repa	grunt	Редьку и репу подкармливают фосфорно-калийным удобрением в фазе 3-4 листьев и при формировании корнеплода; азот только в начале — избыток даёт ботву и пустоты. Зола по грядке работает как калийная подкормка и против килы.		ferma.expert/rasteniya/travy/shchavel; botanichka.ru/article/rheum; botanichka.ru/article/strelkovanie-salata; ncsemena.ru/article/shpinat-kress-salat-i-rukkola; prihoz.ru/articles/full/raznye_ovoshchi/CHem-podkormit-fasol-i-goroh; antonovsad.ru/naydite-gorohu-mesto-4543; ferma.expert/rasteniya/kultury/kukuruza/poliv-kukuruzy
severo-zapad	iyun	ИЮНЬ	udobrenie	ogorod	redka,repa	grunt	Редьку и репу подкармливают фосфорно-калийным удобрением в фазе 3-4 листьев и при формировании корнеплода; азот только в начале — избыток даёт ботву и пустоты. Зола по грядке работает как калийная подкормка и против килы.		ferma.expert/rasteniya/travy/shchavel; botanichka.ru/article/rheum; botanichka.ru/article/strelkovanie-salata; ncsemena.ru/article/shpinat-kress-salat-i-rukkola; prihoz.ru/articles/full/raznye_ovoshchi/CHem-podkormit-fasol-i-goroh; antonovsad.ru/naydite-gorohu-mesto-4543; ferma.expert/rasteniya/kultury/kukuruza/poliv-kukuruzy
srednyaya-polosa	iyun	ИЮНЬ	poliv	ogorod	redka,repa	grunt	Редьке и репе нужен равномерный полив: от перепадов сухо/сыро корнеплоды растрескиваются и деревенеют, в жару и засуху грубеют и горчат. Мульча по междурядьям.		ferma.expert/rasteniya/travy/shchavel; botanichka.ru/article/rheum; botanichka.ru/article/strelkovanie-salata; ncsemena.ru/article/shpinat-kress-salat-i-rukkola; prihoz.ru/articles/full/raznye_ovoshchi/CHem-podkormit-fasol-i-goroh; antonovsad.ru/naydite-gorohu-mesto-4543; ferma.expert/rasteniya/kultury/kukuruza/poliv-kukuruzy
yug	may	МАЙ	poliv	ogorod	redka,repa	grunt	Редьке и репе нужен равномерный полив: от перепадов сухо/сыро корнеплоды растрескиваются и деревенеют, в жару и засуху грубеют и горчат. Мульча по междурядьям.		ferma.expert/rasteniya/travy/shchavel; botanichka.ru/article/rheum; botanichka.ru/article/strelkovanie-salata; ncsemena.ru/article/shpinat-kress-salat-i-rukkola; prihoz.ru/articles/full/raznye_ovoshchi/CHem-podkormit-fasol-i-goroh; antonovsad.ru/naydite-gorohu-mesto-4543; ferma.expert/rasteniya/kultury/kukuruza/poliv-kukuruzy
ural-sibir	iyul	ИЮЛЬ	poliv	ogorod	redka,repa	grunt	Редьке и репе нужен равномерный полив: от перепадов сухо/сыро корнеплоды растрескиваются и деревенеют, в жару и засуху грубеют и горчат. Мульча по междурядьям.		ferma.expert/rasteniya/travy/shchavel; botanichka.ru/article/rheum; botanichka.ru/article/strelkovanie-salata; ncsemena.ru/article/shpinat-kress-salat-i-rukkola; prihoz.ru/articles/full/raznye_ovoshchi/CHem-podkormit-fasol-i-goroh; antonovsad.ru/naydite-gorohu-mesto-4543; ferma.expert/rasteniya/kultury/kukuruza/poliv-kukuruzy
severo-zapad	iyun	ИЮНЬ	poliv	ogorod	redka,repa	grunt	Редьке и репе нужен равномерный полив: от перепадов сухо/сыро корнеплоды растрескиваются и деревенеют, в жару и засуху грубеют и горчат. Мульча по междурядьям.		ferma.expert/rasteniya/travy/shchavel; botanichka.ru/article/rheum; botanichka.ru/article/strelkovanie-salata; ncsemena.ru/article/shpinat-kress-salat-i-rukkola; prihoz.ru/articles/full/raznye_ovoshchi/CHem-podkormit-fasol-i-goroh; antonovsad.ru/naydite-gorohu-mesto-4543; ferma.expert/rasteniya/kultury/kukuruza/poliv-kukuruzy
srednyaya-polosa	may	МАЙ	posev	ogorod	gorokh,fasol	grunt	Опору для гороха и вьющейся фасоли ставят при посеве или в фазе 2-3 листьев (без опоры полегают, стручки гниют и портятся). Кустовая фасоль в опоре не нуждается.		ferma.expert/rasteniya/travy/shchavel; botanichka.ru/article/rheum; botanichka.ru/article/strelkovanie-salata; ncsemena.ru/article/shpinat-kress-salat-i-rukkola; prihoz.ru/articles/full/raznye_ovoshchi/CHem-podkormit-fasol-i-goroh; antonovsad.ru/naydite-gorohu-mesto-4543; ferma.expert/rasteniya/kultury/kukuruza/poliv-kukuruzy
yug	aprel	АПРЕЛЬ	posev	ogorod	gorokh,fasol	grunt	Опору для гороха и вьющейся фасоли ставят при посеве или в фазе 2-3 листьев (без опоры полегают, стручки гниют и портятся). Кустовая фасоль в опоре не нуждается.		ferma.expert/rasteniya/travy/shchavel; botanichka.ru/article/rheum; botanichka.ru/article/strelkovanie-salata; ncsemena.ru/article/shpinat-kress-salat-i-rukkola; prihoz.ru/articles/full/raznye_ovoshchi/CHem-podkormit-fasol-i-goroh; antonovsad.ru/naydite-gorohu-mesto-4543; ferma.expert/rasteniya/kultury/kukuruza/poliv-kukuruzy
ural-sibir	iyun	ИЮНЬ	posev	ogorod	gorokh,fasol	grunt	Опору для гороха и вьющейся фасоли ставят при посеве или в фазе 2-3 листьев (без опоры полегают, стручки гниют и портятся). Кустовая фасоль в опоре не нуждается.		ferma.expert/rasteniya/travy/shchavel; botanichka.ru/article/rheum; botanichka.ru/article/strelkovanie-salata; ncsemena.ru/article/shpinat-kress-salat-i-rukkola; prihoz.ru/articles/full/raznye_ovoshchi/CHem-podkormit-fasol-i-goroh; antonovsad.ru/naydite-gorohu-mesto-4543; ferma.expert/rasteniya/kultury/kukuruza/poliv-kukuruzy
severo-zapad	may	МАЙ	posev	ogorod	gorokh,fasol	grunt	Опору для гороха и вьющейся фасоли ставят при посеве или в фазе 2-3 листьев (без опоры полегают, стручки гниют и портятся). Кустовая фасоль в опоре не нуждается.		ferma.expert/rasteniya/travy/shchavel; botanichka.ru/article/rheum; botanichka.ru/article/strelkovanie-salata; ncsemena.ru/article/shpinat-kress-salat-i-rukkola; prihoz.ru/articles/full/raznye_ovoshchi/CHem-podkormit-fasol-i-goroh; antonovsad.ru/naydite-gorohu-mesto-4543; ferma.expert/rasteniya/kultury/kukuruza/poliv-kukuruzy
srednyaya-polosa	iyun	ИЮНЬ	udobrenie	ogorod	gorokh,fasol	grunt	Гороху и фасоли (азотфиксаторы) азот почти не нужен — упор на фосфор и калий: фосфор в начале для корней и цветения, зола в цветение для налива бобов. Свежий навоз не вносят — жируют в ущерб урожаю.		ferma.expert/rasteniya/travy/shchavel; botanichka.ru/article/rheum; botanichka.ru/article/strelkovanie-salata; ncsemena.ru/article/shpinat-kress-salat-i-rukkola; prihoz.ru/articles/full/raznye_ovoshchi/CHem-podkormit-fasol-i-goroh; antonovsad.ru/naydite-gorohu-mesto-4543; ferma.expert/rasteniya/kultury/kukuruza/poliv-kukuruzy
yug	may	МАЙ	udobrenie	ogorod	gorokh,fasol	grunt	Гороху и фасоли (азотфиксаторы) азот почти не нужен — упор на фосфор и калий: фосфор в начале для корней и цветения, зола в цветение для налива бобов. Свежий навоз не вносят — жируют в ущерб урожаю.		ferma.expert/rasteniya/travy/shchavel; botanichka.ru/article/rheum; botanichka.ru/article/strelkovanie-salata; ncsemena.ru/article/shpinat-kress-salat-i-rukkola; prihoz.ru/articles/full/raznye_ovoshchi/CHem-podkormit-fasol-i-goroh; antonovsad.ru/naydite-gorohu-mesto-4543; ferma.expert/rasteniya/kultury/kukuruza/poliv-kukuruzy
ural-sibir	iyul	ИЮЛЬ	udobrenie	ogorod	gorokh,fasol	grunt	Гороху и фасоли (азотфиксаторы) азот почти не нужен — упор на фосфор и калий: фосфор в начале для корней и цветения, зола в цветение для налива бобов. Свежий навоз не вносят — жируют в ущерб урожаю.		ferma.expert/rasteniya/travy/shchavel; botanichka.ru/article/rheum; botanichka.ru/article/strelkovanie-salata; ncsemena.ru/article/shpinat-kress-salat-i-rukkola; prihoz.ru/articles/full/raznye_ovoshchi/CHem-podkormit-fasol-i-goroh; antonovsad.ru/naydite-gorohu-mesto-4543; ferma.expert/rasteniya/kultury/kukuruza/poliv-kukuruzy
severo-zapad	iyun	ИЮНЬ	udobrenie	ogorod	gorokh,fasol	grunt	Гороху и фасоли (азотфиксаторы) азот почти не нужен — упор на фосфор и калий: фосфор в начале для корней и цветения, зола в цветение для налива бобов. Свежий навоз не вносят — жируют в ущерб урожаю.		ferma.expert/rasteniya/travy/shchavel; botanichka.ru/article/rheum; botanichka.ru/article/strelkovanie-salata; ncsemena.ru/article/shpinat-kress-salat-i-rukkola; prihoz.ru/articles/full/raznye_ovoshchi/CHem-podkormit-fasol-i-goroh; antonovsad.ru/naydite-gorohu-mesto-4543; ferma.expert/rasteniya/kultury/kukuruza/poliv-kukuruzy
srednyaya-polosa	iyun	ИЮНЬ	poliv	ogorod	gorokh	grunt	Горох поливают обильно (10 л на м²) в бутонизацию, цветение и налив бобов — при нехватке влаги сбрасывает цветки и завязи; до цветения полив умеренный, полезно рыхление и лёгкое окучивание.		ferma.expert/rasteniya/travy/shchavel; botanichka.ru/article/rheum; botanichka.ru/article/strelkovanie-salata; ncsemena.ru/article/shpinat-kress-salat-i-rukkola; prihoz.ru/articles/full/raznye_ovoshchi/CHem-podkormit-fasol-i-goroh; antonovsad.ru/naydite-gorohu-mesto-4543; ferma.expert/rasteniya/kultury/kukuruza/poliv-kukuruzy
yug	may	МАЙ	poliv	ogorod	gorokh	grunt	Горох поливают обильно (10 л на м²) в бутонизацию, цветение и налив бобов — при нехватке влаги сбрасывает цветки и завязи; до цветения полив умеренный, полезно рыхление и лёгкое окучивание.		ferma.expert/rasteniya/travy/shchavel; botanichka.ru/article/rheum; botanichka.ru/article/strelkovanie-salata; ncsemena.ru/article/shpinat-kress-salat-i-rukkola; prihoz.ru/articles/full/raznye_ovoshchi/CHem-podkormit-fasol-i-goroh; antonovsad.ru/naydite-gorohu-mesto-4543; ferma.expert/rasteniya/kultury/kukuruza/poliv-kukuruzy
ural-sibir	iyul	ИЮЛЬ	poliv	ogorod	gorokh	grunt	Горох поливают обильно (10 л на м²) в бутонизацию, цветение и налив бобов — при нехватке влаги сбрасывает цветки и завязи; до цветения полив умеренный, полезно рыхление и лёгкое окучивание.		ferma.expert/rasteniya/travy/shchavel; botanichka.ru/article/rheum; botanichka.ru/article/strelkovanie-salata; ncsemena.ru/article/shpinat-kress-salat-i-rukkola; prihoz.ru/articles/full/raznye_ovoshchi/CHem-podkormit-fasol-i-goroh; antonovsad.ru/naydite-gorohu-mesto-4543; ferma.expert/rasteniya/kultury/kukuruza/poliv-kukuruzy
severo-zapad	iyun	ИЮНЬ	poliv	ogorod	gorokh	grunt	Горох поливают обильно (10 л на м²) в бутонизацию, цветение и налив бобов — при нехватке влаги сбрасывает цветки и завязи; до цветения полив умеренный, полезно рыхление и лёгкое окучивание.		ferma.expert/rasteniya/travy/shchavel; botanichka.ru/article/rheum; botanichka.ru/article/strelkovanie-salata; ncsemena.ru/article/shpinat-kress-salat-i-rukkola; prihoz.ru/articles/full/raznye_ovoshchi/CHem-podkormit-fasol-i-goroh; antonovsad.ru/naydite-gorohu-mesto-4543; ferma.expert/rasteniya/kultury/kukuruza/poliv-kukuruzy
srednyaya-polosa	iyul	ИЮЛЬ	poliv	ogorod	fasol	grunt	Фасоль поливают тёплой водой под корень в цветение и налив лопаток; переувлажнение и полив по листу в прохладную погоду — риск антракноза и бактериоза. Прищипка верхушки вьющейся фасоли на высоте опоры ускоряет налив.		ferma.expert/rasteniya/travy/shchavel; botanichka.ru/article/rheum; botanichka.ru/article/strelkovanie-salata; ncsemena.ru/article/shpinat-kress-salat-i-rukkola; prihoz.ru/articles/full/raznye_ovoshchi/CHem-podkormit-fasol-i-goroh; antonovsad.ru/naydite-gorohu-mesto-4543; ferma.expert/rasteniya/kultury/kukuruza/poliv-kukuruzy
yug	iyun	ИЮНЬ	poliv	ogorod	fasol	grunt	Фасоль поливают тёплой водой под корень в цветение и налив лопаток; переувлажнение и полив по листу в прохладную погоду — риск антракноза и бактериоза. Прищипка верхушки вьющейся фасоли на высоте опоры ускоряет налив.		ferma.expert/rasteniya/travy/shchavel; botanichka.ru/article/rheum; botanichka.ru/article/strelkovanie-salata; ncsemena.ru/article/shpinat-kress-salat-i-rukkola; prihoz.ru/articles/full/raznye_ovoshchi/CHem-podkormit-fasol-i-goroh; antonovsad.ru/naydite-gorohu-mesto-4543; ferma.expert/rasteniya/kultury/kukuruza/poliv-kukuruzy
ural-sibir	avgust	АВГУСТ	poliv	ogorod	fasol	grunt	Фасоль поливают тёплой водой под корень в цветение и налив лопаток; переувлажнение и полив по листу в прохладную погоду — риск антракноза и бактериоза. Прищипка верхушки вьющейся фасоли на высоте опоры ускоряет налив.		ferma.expert/rasteniya/travy/shchavel; botanichka.ru/article/rheum; botanichka.ru/article/strelkovanie-salata; ncsemena.ru/article/shpinat-kress-salat-i-rukkola; prihoz.ru/articles/full/raznye_ovoshchi/CHem-podkormit-fasol-i-goroh; antonovsad.ru/naydite-gorohu-mesto-4543; ferma.expert/rasteniya/kultury/kukuruza/poliv-kukuruzy
severo-zapad	iyul	ИЮЛЬ	poliv	ogorod	fasol	grunt	Фасоль поливают тёплой водой под корень в цветение и налив лопаток; переувлажнение и полив по листу в прохладную погоду — риск антракноза и бактериоза. Прищипка верхушки вьющейся фасоли на высоте опоры ускоряет налив.		ferma.expert/rasteniya/travy/shchavel; botanichka.ru/article/rheum; botanichka.ru/article/strelkovanie-salata; ncsemena.ru/article/shpinat-kress-salat-i-rukkola; prihoz.ru/articles/full/raznye_ovoshchi/CHem-podkormit-fasol-i-goroh; antonovsad.ru/naydite-gorohu-mesto-4543; ferma.expert/rasteniya/kultury/kukuruza/poliv-kukuruzy
srednyaya-polosa	iyun	ИЮНЬ	udobrenie	ogorod	kukuruza	grunt	Подкормки сахарной кукурузы: в фазе 3-5 листьев — азотная (быстрый рост); перед выметыванием метёлки — комплексная с калием. Между рядами рыхлят и слегка окучивают для устойчивости и придаточных корней.		ferma.expert/rasteniya/travy/shchavel; botanichka.ru/article/rheum; botanichka.ru/article/strelkovanie-salata; ncsemena.ru/article/shpinat-kress-salat-i-rukkola; prihoz.ru/articles/full/raznye_ovoshchi/CHem-podkormit-fasol-i-goroh; antonovsad.ru/naydite-gorohu-mesto-4543; ferma.expert/rasteniya/kultury/kukuruza/poliv-kukuruzy
yug	may	МАЙ	udobrenie	ogorod	kukuruza	grunt	Подкормки сахарной кукурузы: в фазе 3-5 листьев — азотная (быстрый рост); перед выметыванием метёлки — комплексная с калием. Между рядами рыхлят и слегка окучивают для устойчивости и придаточных корней.		ferma.expert/rasteniya/travy/shchavel; botanichka.ru/article/rheum; botanichka.ru/article/strelkovanie-salata; ncsemena.ru/article/shpinat-kress-salat-i-rukkola; prihoz.ru/articles/full/raznye_ovoshchi/CHem-podkormit-fasol-i-goroh; antonovsad.ru/naydite-gorohu-mesto-4543; ferma.expert/rasteniya/kultury/kukuruza/poliv-kukuruzy
ural-sibir	iyul	ИЮЛЬ	udobrenie	ogorod	kukuruza	grunt	Подкормки сахарной кукурузы: в фазе 3-5 листьев — азотная (быстрый рост); перед выметыванием метёлки — комплексная с калием. Между рядами рыхлят и слегка окучивают для устойчивости и придаточных корней.		ferma.expert/rasteniya/travy/shchavel; botanichka.ru/article/rheum; botanichka.ru/article/strelkovanie-salata; ncsemena.ru/article/shpinat-kress-salat-i-rukkola; prihoz.ru/articles/full/raznye_ovoshchi/CHem-podkormit-fasol-i-goroh; antonovsad.ru/naydite-gorohu-mesto-4543; ferma.expert/rasteniya/kultury/kukuruza/poliv-kukuruzy
severo-zapad	iyun	ИЮНЬ	udobrenie	ogorod	kukuruza	grunt	Подкормки сахарной кукурузы: в фазе 3-5 листьев — азотная (быстрый рост); перед выметыванием метёлки — комплексная с калием. Между рядами рыхлят и слегка окучивают для устойчивости и придаточных корней.		ferma.expert/rasteniya/travy/shchavel; botanichka.ru/article/rheum; botanichka.ru/article/strelkovanie-salata; ncsemena.ru/article/shpinat-kress-salat-i-rukkola; prihoz.ru/articles/full/raznye_ovoshchi/CHem-podkormit-fasol-i-goroh; antonovsad.ru/naydite-gorohu-mesto-4543; ferma.expert/rasteniya/kultury/kukuruza/poliv-kukuruzy
srednyaya-polosa	iyul	ИЮЛЬ	poliv	ogorod	kukuruza	grunt	Кукурузе критичен полив от выметывания метёлки до молочной спелости початков (цветение и налив зерна): при засухе в этот период початки щуплые, с пропусками зерна.		ferma.expert/rasteniya/travy/shchavel; botanichka.ru/article/rheum; botanichka.ru/article/strelkovanie-salata; ncsemena.ru/article/shpinat-kress-salat-i-rukkola; prihoz.ru/articles/full/raznye_ovoshchi/CHem-podkormit-fasol-i-goroh; antonovsad.ru/naydite-gorohu-mesto-4543; ferma.expert/rasteniya/kultury/kukuruza/poliv-kukuruzy
yug	iyun	ИЮНЬ	poliv	ogorod	kukuruza	grunt	Кукурузе критичен полив от выметывания метёлки до молочной спелости початков (цветение и налив зерна): при засухе в этот период початки щуплые, с пропусками зерна.		ferma.expert/rasteniya/travy/shchavel; botanichka.ru/article/rheum; botanichka.ru/article/strelkovanie-salata; ncsemena.ru/article/shpinat-kress-salat-i-rukkola; prihoz.ru/articles/full/raznye_ovoshchi/CHem-podkormit-fasol-i-goroh; antonovsad.ru/naydite-gorohu-mesto-4543; ferma.expert/rasteniya/kultury/kukuruza/poliv-kukuruzy
ural-sibir	avgust	АВГУСТ	poliv	ogorod	kukuruza	grunt	Кукурузе критичен полив от выметывания метёлки до молочной спелости початков (цветение и налив зерна): при засухе в этот период початки щуплые, с пропусками зерна.		ferma.expert/rasteniya/travy/shchavel; botanichka.ru/article/rheum; botanichka.ru/article/strelkovanie-salata; ncsemena.ru/article/shpinat-kress-salat-i-rukkola; prihoz.ru/articles/full/raznye_ovoshchi/CHem-podkormit-fasol-i-goroh; antonovsad.ru/naydite-gorohu-mesto-4543; ferma.expert/rasteniya/kultury/kukuruza/poliv-kukuruzy
severo-zapad	iyul	ИЮЛЬ	poliv	ogorod	kukuruza	grunt	Кукурузе критичен полив от выметывания метёлки до молочной спелости початков (цветение и налив зерна): при засухе в этот период початки щуплые, с пропусками зерна.		ferma.expert/rasteniya/travy/shchavel; botanichka.ru/article/rheum; botanichka.ru/article/strelkovanie-salata; ncsemena.ru/article/shpinat-kress-salat-i-rukkola; prihoz.ru/articles/full/raznye_ovoshchi/CHem-podkormit-fasol-i-goroh; antonovsad.ru/naydite-gorohu-mesto-4543; ferma.expert/rasteniya/kultury/kukuruza/poliv-kukuruzy
srednyaya-polosa	iyul	ИЮЛЬ	obrabotka	ogorod	kukuruza	grunt	От стеблевого мотылька (гусеницы в стебле и початке) и тли — обработки в период выметывания метёлки. Пасынки у основания на богатой почве можно не удалять.		ferma.expert/rasteniya/travy/shchavel; botanichka.ru/article/rheum; botanichka.ru/article/strelkovanie-salata; ncsemena.ru/article/shpinat-kress-salat-i-rukkola; prihoz.ru/articles/full/raznye_ovoshchi/CHem-podkormit-fasol-i-goroh; antonovsad.ru/naydite-gorohu-mesto-4543; ferma.expert/rasteniya/kultury/kukuruza/poliv-kukuruzy
yug	iyun	ИЮНЬ	obrabotka	ogorod	kukuruza	grunt	От стеблевого мотылька (гусеницы в стебле и початке) и тли — обработки в период выметывания метёлки. Пасынки у основания на богатой почве можно не удалять.		ferma.expert/rasteniya/travy/shchavel; botanichka.ru/article/rheum; botanichka.ru/article/strelkovanie-salata; ncsemena.ru/article/shpinat-kress-salat-i-rukkola; prihoz.ru/articles/full/raznye_ovoshchi/CHem-podkormit-fasol-i-goroh; antonovsad.ru/naydite-gorohu-mesto-4543; ferma.expert/rasteniya/kultury/kukuruza/poliv-kukuruzy
ural-sibir	avgust	АВГУСТ	obrabotka	ogorod	kukuruza	grunt	От стеблевого мотылька (гусеницы в стебле и початке) и тли — обработки в период выметывания метёлки. Пасынки у основания на богатой почве можно не удалять.		ferma.expert/rasteniya/travy/shchavel; botanichka.ru/article/rheum; botanichka.ru/article/strelkovanie-salata; ncsemena.ru/article/shpinat-kress-salat-i-rukkola; prihoz.ru/articles/full/raznye_ovoshchi/CHem-podkormit-fasol-i-goroh; antonovsad.ru/naydite-gorohu-mesto-4543; ferma.expert/rasteniya/kultury/kukuruza/poliv-kukuruzy
severo-zapad	iyul	ИЮЛЬ	obrabotka	ogorod	kukuruza	grunt	От стеблевого мотылька (гусеницы в стебле и початке) и тли — обработки в период выметывания метёлки. Пасынки у основания на богатой почве можно не удалять.		ferma.expert/rasteniya/travy/shchavel; botanichka.ru/article/rheum; botanichka.ru/article/strelkovanie-salata; ncsemena.ru/article/shpinat-kress-salat-i-rukkola; prihoz.ru/articles/full/raznye_ovoshchi/CHem-podkormit-fasol-i-goroh; antonovsad.ru/naydite-gorohu-mesto-4543; ferma.expert/rasteniya/kultury/kukuruza/poliv-kukuruzy
srednyaya-polosa	may	МАЙ	posev	ogorod	bazilik	rassada,grunt	Базилик: рассада — посев дома в марте – начале апреля, высадка в грунт в начале июня; прямой посев в грунт — в конце мая – начале июня по почве +15 °C под плёнку (всходит при +18…+20 °C, гибнет от заморозка).		ferma.expert/rasteniya/travy/shchavel; botanichka.ru/article/rheum; botanichka.ru/article/strelkovanie-salata; ncsemena.ru/article/shpinat-kress-salat-i-rukkola; prihoz.ru/articles/full/raznye_ovoshchi/CHem-podkormit-fasol-i-goroh; antonovsad.ru/naydite-gorohu-mesto-4543; ferma.expert/rasteniya/kultury/kukuruza/poliv-kukuruzy
yug	aprel	АПРЕЛЬ	posev	ogorod	bazilik	rassada,grunt	Базилик: на рассаду — посев дома в марте; в открытый грунт — с конца апреля – начала мая, когда почва прогреется до +15 °C и минует угроза заморозков (всходит при +18…+20 °C, гибнет от заморозка).		ferma.expert/rasteniya/travy/shchavel; botanichka.ru/article/rheum; botanichka.ru/article/strelkovanie-salata; ncsemena.ru/article/shpinat-kress-salat-i-rukkola; prihoz.ru/articles/full/raznye_ovoshchi/CHem-podkormit-fasol-i-goroh; antonovsad.ru/naydite-gorohu-mesto-4543; ferma.expert/rasteniya/kultury/kukuruza/poliv-kukuruzy
ural-sibir	iyun	ИЮНЬ	posev	ogorod	bazilik	rassada,grunt	Базилик: рассада — посев дома в конце апреля, высадка в грунт в 1–2-й декаде июня после заморозков; прямой посев — во 2-й декаде июня по прогретой до +15 °C почве под плёнку.		ferma.expert/rasteniya/travy/shchavel; botanichka.ru/article/rheum; botanichka.ru/article/strelkovanie-salata; ncsemena.ru/article/shpinat-kress-salat-i-rukkola; prihoz.ru/articles/full/raznye_ovoshchi/CHem-podkormit-fasol-i-goroh; antonovsad.ru/naydite-gorohu-mesto-4543; ferma.expert/rasteniya/kultury/kukuruza/poliv-kukuruzy
severo-zapad	may	МАЙ	posev	ogorod	bazilik	rassada,grunt	Базилик на Северо-Западе — надёжнее через рассаду: посев дома в апреле, высадка в грунт во 2-й декаде июня по почве +15 °C, после ухода заморозков. Прямой посев в грунт рискован — лето короткое и прохладное.		ferma.expert/rasteniya/travy/shchavel; botanichka.ru/article/rheum; botanichka.ru/article/strelkovanie-salata; ncsemena.ru/article/shpinat-kress-salat-i-rukkola; prihoz.ru/articles/full/raznye_ovoshchi/CHem-podkormit-fasol-i-goroh; antonovsad.ru/naydite-gorohu-mesto-4543; ferma.expert/rasteniya/kultury/kukuruza/poliv-kukuruzy
srednyaya-polosa	iyun	ИЮНЬ	obrezka	ogorod	bazilik	grunt	Регулярная прищипка верхушек базилика над 2-3-й парой листьев с начала роста — кустистость и задержка цветения; появляющиеся цветоносы выщипывают (после цветения лист грубеет и теряет аромат).		ferma.expert/rasteniya/travy/shchavel; botanichka.ru/article/rheum; botanichka.ru/article/strelkovanie-salata; ncsemena.ru/article/shpinat-kress-salat-i-rukkola; prihoz.ru/articles/full/raznye_ovoshchi/CHem-podkormit-fasol-i-goroh; antonovsad.ru/naydite-gorohu-mesto-4543; ferma.expert/rasteniya/kultury/kukuruza/poliv-kukuruzy
yug	may	МАЙ	obrezka	ogorod	bazilik	grunt	Регулярная прищипка верхушек базилика над 2-3-й парой листьев с начала роста — кустистость и задержка цветения; появляющиеся цветоносы выщипывают (после цветения лист грубеет и теряет аромат).		ferma.expert/rasteniya/travy/shchavel; botanichka.ru/article/rheum; botanichka.ru/article/strelkovanie-salata; ncsemena.ru/article/shpinat-kress-salat-i-rukkola; prihoz.ru/articles/full/raznye_ovoshchi/CHem-podkormit-fasol-i-goroh; antonovsad.ru/naydite-gorohu-mesto-4543; ferma.expert/rasteniya/kultury/kukuruza/poliv-kukuruzy
ural-sibir	iyul	ИЮЛЬ	obrezka	ogorod	bazilik	grunt	Регулярная прищипка верхушек базилика над 2-3-й парой листьев с начала роста — кустистость и задержка цветения; появляющиеся цветоносы выщипывают (после цветения лист грубеет и теряет аромат).		ferma.expert/rasteniya/travy/shchavel; botanichka.ru/article/rheum; botanichka.ru/article/strelkovanie-salata; ncsemena.ru/article/shpinat-kress-salat-i-rukkola; prihoz.ru/articles/full/raznye_ovoshchi/CHem-podkormit-fasol-i-goroh; antonovsad.ru/naydite-gorohu-mesto-4543; ferma.expert/rasteniya/kultury/kukuruza/poliv-kukuruzy
severo-zapad	iyun	ИЮНЬ	obrezka	ogorod	bazilik	grunt	Регулярная прищипка верхушек базилика над 2-3-й парой листьев с начала роста — кустистость и задержка цветения; появляющиеся цветоносы выщипывают (после цветения лист грубеет и теряет аромат).		ferma.expert/rasteniya/travy/shchavel; botanichka.ru/article/rheum; botanichka.ru/article/strelkovanie-salata; ncsemena.ru/article/shpinat-kress-salat-i-rukkola; prihoz.ru/articles/full/raznye_ovoshchi/CHem-podkormit-fasol-i-goroh; antonovsad.ru/naydite-gorohu-mesto-4543; ferma.expert/rasteniya/kultury/kukuruza/poliv-kukuruzy
srednyaya-polosa	iyun	ИЮНЬ	udobrenie	ogorod	bazilik	grunt	Базилику — 1-2 азотные подкормки за сезон (настой коровяка) для наращивания зелени; на плодородной почве можно без подкормок.		ferma.expert/rasteniya/travy/shchavel; botanichka.ru/article/rheum; botanichka.ru/article/strelkovanie-salata; ncsemena.ru/article/shpinat-kress-salat-i-rukkola; prihoz.ru/articles/full/raznye_ovoshchi/CHem-podkormit-fasol-i-goroh; antonovsad.ru/naydite-gorohu-mesto-4543; ferma.expert/rasteniya/kultury/kukuruza/poliv-kukuruzy
yug	may	МАЙ	udobrenie	ogorod	bazilik	grunt	Базилику — 1-2 азотные подкормки за сезон (настой коровяка) для наращивания зелени; на плодородной почве можно без подкормок.		ferma.expert/rasteniya/travy/shchavel; botanichka.ru/article/rheum; botanichka.ru/article/strelkovanie-salata; ncsemena.ru/article/shpinat-kress-salat-i-rukkola; prihoz.ru/articles/full/raznye_ovoshchi/CHem-podkormit-fasol-i-goroh; antonovsad.ru/naydite-gorohu-mesto-4543; ferma.expert/rasteniya/kultury/kukuruza/poliv-kukuruzy
ural-sibir	iyul	ИЮЛЬ	udobrenie	ogorod	bazilik	grunt	Базилику — 1-2 азотные подкормки за сезон (настой коровяка) для наращивания зелени; на плодородной почве можно без подкормок.		ferma.expert/rasteniya/travy/shchavel; botanichka.ru/article/rheum; botanichka.ru/article/strelkovanie-salata; ncsemena.ru/article/shpinat-kress-salat-i-rukkola; prihoz.ru/articles/full/raznye_ovoshchi/CHem-podkormit-fasol-i-goroh; antonovsad.ru/naydite-gorohu-mesto-4543; ferma.expert/rasteniya/kultury/kukuruza/poliv-kukuruzy
severo-zapad	iyun	ИЮНЬ	udobrenie	ogorod	bazilik	grunt	Базилику — 1-2 азотные подкормки за сезон (настой коровяка) для наращивания зелени; на плодородной почве можно без подкормок.		ferma.expert/rasteniya/travy/shchavel; botanichka.ru/article/rheum; botanichka.ru/article/strelkovanie-salata; ncsemena.ru/article/shpinat-kress-salat-i-rukkola; prihoz.ru/articles/full/raznye_ovoshchi/CHem-podkormit-fasol-i-goroh; antonovsad.ru/naydite-gorohu-mesto-4543; ferma.expert/rasteniya/kultury/kukuruza/poliv-kukuruzy
srednyaya-polosa	iyun	ИЮНЬ	udobrenie	ogorod	baklazhan	grunt	Подкормки баклажана каждые 2 недели: до цветения — с азотом (настой коровяка), в плодоношение — фосфорно-калийные и кальциевые (профилактика вершинной гнили). Баклажан прожорливее перца.		ferma.expert/rasteniya/travy/shchavel; botanichka.ru/article/rheum; botanichka.ru/article/strelkovanie-salata; ncsemena.ru/article/shpinat-kress-salat-i-rukkola; prihoz.ru/articles/full/raznye_ovoshchi/CHem-podkormit-fasol-i-goroh; antonovsad.ru/naydite-gorohu-mesto-4543; ferma.expert/rasteniya/kultury/kukuruza/poliv-kukuruzy
yug	may	МАЙ	udobrenie	ogorod	baklazhan	grunt	Подкормки баклажана каждые 2 недели: до цветения — с азотом (настой коровяка), в плодоношение — фосфорно-калийные и кальциевые (профилактика вершинной гнили). Баклажан прожорливее перца.		ferma.expert/rasteniya/travy/shchavel; botanichka.ru/article/rheum; botanichka.ru/article/strelkovanie-salata; ncsemena.ru/article/shpinat-kress-salat-i-rukkola; prihoz.ru/articles/full/raznye_ovoshchi/CHem-podkormit-fasol-i-goroh; antonovsad.ru/naydite-gorohu-mesto-4543; ferma.expert/rasteniya/kultury/kukuruza/poliv-kukuruzy
ural-sibir	iyul	ИЮЛЬ	udobrenie	ogorod	baklazhan	grunt	Подкормки баклажана каждые 2 недели: до цветения — с азотом (настой коровяка), в плодоношение — фосфорно-калийные и кальциевые (профилактика вершинной гнили). Баклажан прожорливее перца.		ferma.expert/rasteniya/travy/shchavel; botanichka.ru/article/rheum; botanichka.ru/article/strelkovanie-salata; ncsemena.ru/article/shpinat-kress-salat-i-rukkola; prihoz.ru/articles/full/raznye_ovoshchi/CHem-podkormit-fasol-i-goroh; antonovsad.ru/naydite-gorohu-mesto-4543; ferma.expert/rasteniya/kultury/kukuruza/poliv-kukuruzy
severo-zapad	iyun	ИЮНЬ	udobrenie	ogorod	baklazhan	grunt	Подкормки баклажана каждые 2 недели: до цветения — с азотом (настой коровяка), в плодоношение — фосфорно-калийные и кальциевые (профилактика вершинной гнили). Баклажан прожорливее перца.		ferma.expert/rasteniya/travy/shchavel; botanichka.ru/article/rheum; botanichka.ru/article/strelkovanie-salata; ncsemena.ru/article/shpinat-kress-salat-i-rukkola; prihoz.ru/articles/full/raznye_ovoshchi/CHem-podkormit-fasol-i-goroh; antonovsad.ru/naydite-gorohu-mesto-4543; ferma.expert/rasteniya/kultury/kukuruza/poliv-kukuruzy
srednyaya-polosa	iyun	ИЮНЬ	poliv	ogorod	baklazhan	grunt	Баклажану — обильный регулярный полив тёплой водой под корень: от пересушки сбрасывает цветки и завязи, плоды горчат и грубеют. Мульча обязательна — баклажан очень влаголюбив.		ferma.expert/rasteniya/travy/shchavel; botanichka.ru/article/rheum; botanichka.ru/article/strelkovanie-salata; ncsemena.ru/article/shpinat-kress-salat-i-rukkola; prihoz.ru/articles/full/raznye_ovoshchi/CHem-podkormit-fasol-i-goroh; antonovsad.ru/naydite-gorohu-mesto-4543; ferma.expert/rasteniya/kultury/kukuruza/poliv-kukuruzy
yug	may	МАЙ	poliv	ogorod	baklazhan	grunt	Баклажану — обильный регулярный полив тёплой водой под корень: от пересушки сбрасывает цветки и завязи, плоды горчат и грубеют. Мульча обязательна — баклажан очень влаголюбив.		ferma.expert/rasteniya/travy/shchavel; botanichka.ru/article/rheum; botanichka.ru/article/strelkovanie-salata; ncsemena.ru/article/shpinat-kress-salat-i-rukkola; prihoz.ru/articles/full/raznye_ovoshchi/CHem-podkormit-fasol-i-goroh; antonovsad.ru/naydite-gorohu-mesto-4543; ferma.expert/rasteniya/kultury/kukuruza/poliv-kukuruzy
ural-sibir	iyul	ИЮЛЬ	poliv	ogorod	baklazhan	grunt	Баклажану — обильный регулярный полив тёплой водой под корень: от пересушки сбрасывает цветки и завязи, плоды горчат и грубеют. Мульча обязательна — баклажан очень влаголюбив.		ferma.expert/rasteniya/travy/shchavel; botanichka.ru/article/rheum; botanichka.ru/article/strelkovanie-salata; ncsemena.ru/article/shpinat-kress-salat-i-rukkola; prihoz.ru/articles/full/raznye_ovoshchi/CHem-podkormit-fasol-i-goroh; antonovsad.ru/naydite-gorohu-mesto-4543; ferma.expert/rasteniya/kultury/kukuruza/poliv-kukuruzy
severo-zapad	iyun	ИЮНЬ	poliv	ogorod	baklazhan	grunt	Баклажану — обильный регулярный полив тёплой водой под корень: от пересушки сбрасывает цветки и завязи, плоды горчат и грубеют. Мульча обязательна — баклажан очень влаголюбив.		ferma.expert/rasteniya/travy/shchavel; botanichka.ru/article/rheum; botanichka.ru/article/strelkovanie-salata; ncsemena.ru/article/shpinat-kress-salat-i-rukkola; prihoz.ru/articles/full/raznye_ovoshchi/CHem-podkormit-fasol-i-goroh; antonovsad.ru/naydite-gorohu-mesto-4543; ferma.expert/rasteniya/kultury/kukuruza/poliv-kukuruzy
srednyaya-polosa	iyul	ИЮЛЬ	obrabotka	ogorod	baklazhan	grunt	От колорадского жука (баклажан повреждается сильнее картофеля), тли, паутинного клеща и белокрылки в теплице — осмотр, ручной сбор жука, инсектицид/акарицид; от вершинной гнили — кальциевая селитра и стабильный полив.		ferma.expert/rasteniya/travy/shchavel; botanichka.ru/article/rheum; botanichka.ru/article/strelkovanie-salata; ncsemena.ru/article/shpinat-kress-salat-i-rukkola; prihoz.ru/articles/full/raznye_ovoshchi/CHem-podkormit-fasol-i-goroh; antonovsad.ru/naydite-gorohu-mesto-4543; ferma.expert/rasteniya/kultury/kukuruza/poliv-kukuruzy
yug	iyun	ИЮНЬ	obrabotka	ogorod	baklazhan	grunt	От колорадского жука (баклажан повреждается сильнее картофеля), тли, паутинного клеща и белокрылки в теплице — осмотр, ручной сбор жука, инсектицид/акарицид; от вершинной гнили — кальциевая селитра и стабильный полив.		ferma.expert/rasteniya/travy/shchavel; botanichka.ru/article/rheum; botanichka.ru/article/strelkovanie-salata; ncsemena.ru/article/shpinat-kress-salat-i-rukkola; prihoz.ru/articles/full/raznye_ovoshchi/CHem-podkormit-fasol-i-goroh; antonovsad.ru/naydite-gorohu-mesto-4543; ferma.expert/rasteniya/kultury/kukuruza/poliv-kukuruzy
ural-sibir	avgust	АВГУСТ	obrabotka	ogorod	baklazhan	grunt	От колорадского жука (баклажан повреждается сильнее картофеля), тли, паутинного клеща и белокрылки в теплице — осмотр, ручной сбор жука, инсектицид/акарицид; от вершинной гнили — кальциевая селитра и стабильный полив.		ferma.expert/rasteniya/travy/shchavel; botanichka.ru/article/rheum; botanichka.ru/article/strelkovanie-salata; ncsemena.ru/article/shpinat-kress-salat-i-rukkola; prihoz.ru/articles/full/raznye_ovoshchi/CHem-podkormit-fasol-i-goroh; antonovsad.ru/naydite-gorohu-mesto-4543; ferma.expert/rasteniya/kultury/kukuruza/poliv-kukuruzy
severo-zapad	iyul	ИЮЛЬ	obrabotka	ogorod	baklazhan	grunt	От колорадского жука (баклажан повреждается сильнее картофеля), тли, паутинного клеща и белокрылки в теплице — осмотр, ручной сбор жука, инсектицид/акарицид; от вершинной гнили — кальциевая селитра и стабильный полив.		ferma.expert/rasteniya/travy/shchavel; botanichka.ru/article/rheum; botanichka.ru/article/strelkovanie-salata; ncsemena.ru/article/shpinat-kress-salat-i-rukkola; prihoz.ru/articles/full/raznye_ovoshchi/CHem-podkormit-fasol-i-goroh; antonovsad.ru/naydite-gorohu-mesto-4543; ferma.expert/rasteniya/kultury/kukuruza/poliv-kukuruzy
srednyaya-polosa	iyun	ИЮНЬ	udobrenie	dekor	siren	grunt	После цветения сирени (в ближайшие 2-3 недели) — фосфорно-калийная подкормка без избытка азота; ранней весной — азотная. Сирень не выносит кислых почв: раз в 2-3 года подсыпают золу или доломитовую муку.		garshinka.ru/blog/siren-posle-cveteniya; botanichka.ru/article/obrezka-sireni-vidy-i-pravila; antonovsad.ru/uhod-za-zhimolostyu-vesnoy-3257; floristics.info/ru/stati/sad/2406; floristics.info/ru/stati/sadovodstvo/7245-petuniya-prishchipka-podkormka; bona-forte.ru/laboratories/life-hacking/330-petuniya
yug	may	МАЙ	udobrenie	dekor	siren	grunt	После цветения сирени (в ближайшие 2-3 недели) — фосфорно-калийная подкормка без избытка азота; ранней весной — азотная. Сирень не выносит кислых почв: раз в 2-3 года подсыпают золу или доломитовую муку.		garshinka.ru/blog/siren-posle-cveteniya; botanichka.ru/article/obrezka-sireni-vidy-i-pravila; antonovsad.ru/uhod-za-zhimolostyu-vesnoy-3257; floristics.info/ru/stati/sad/2406; floristics.info/ru/stati/sadovodstvo/7245-petuniya-prishchipka-podkormka; bona-forte.ru/laboratories/life-hacking/330-petuniya
ural-sibir	iyul	ИЮЛЬ	udobrenie	dekor	siren	grunt	После цветения сирени (в ближайшие 2-3 недели) — фосфорно-калийная подкормка без избытка азота; ранней весной — азотная. Сирень не выносит кислых почв: раз в 2-3 года подсыпают золу или доломитовую муку.		garshinka.ru/blog/siren-posle-cveteniya; botanichka.ru/article/obrezka-sireni-vidy-i-pravila; antonovsad.ru/uhod-za-zhimolostyu-vesnoy-3257; floristics.info/ru/stati/sad/2406; floristics.info/ru/stati/sadovodstvo/7245-petuniya-prishchipka-podkormka; bona-forte.ru/laboratories/life-hacking/330-petuniya
severo-zapad	iyun	ИЮНЬ	udobrenie	dekor	siren	grunt	После цветения сирени (в ближайшие 2-3 недели) — фосфорно-калийная подкормка без избытка азота; ранней весной — азотная. Сирень не выносит кислых почв: раз в 2-3 года подсыпают золу или доломитовую муку.		garshinka.ru/blog/siren-posle-cveteniya; botanichka.ru/article/obrezka-sireni-vidy-i-pravila; antonovsad.ru/uhod-za-zhimolostyu-vesnoy-3257; floristics.info/ru/stati/sad/2406; floristics.info/ru/stati/sadovodstvo/7245-petuniya-prishchipka-podkormka; bona-forte.ru/laboratories/life-hacking/330-petuniya
srednyaya-polosa	iyun	ИЮНЬ	obrezka	dekor	siren	grunt	Корневую поросль сирени (у корнесобственной) и дикую поросль от подвоя (у привитой) вырезают по уровню почвы или чуть глубже несколько раз за сезон — иначе куст израстает и слабеет. Формирующую обрезку ведут только летом, не осенью.		garshinka.ru/blog/siren-posle-cveteniya; botanichka.ru/article/obrezka-sireni-vidy-i-pravila; antonovsad.ru/uhod-za-zhimolostyu-vesnoy-3257; floristics.info/ru/stati/sad/2406; floristics.info/ru/stati/sadovodstvo/7245-petuniya-prishchipka-podkormka; bona-forte.ru/laboratories/life-hacking/330-petuniya
yug	may	МАЙ	obrezka	dekor	siren	grunt	Корневую поросль сирени (у корнесобственной) и дикую поросль от подвоя (у привитой) вырезают по уровню почвы или чуть глубже несколько раз за сезон — иначе куст израстает и слабеет. Формирующую обрезку ведут только летом, не осенью.		garshinka.ru/blog/siren-posle-cveteniya; botanichka.ru/article/obrezka-sireni-vidy-i-pravila; antonovsad.ru/uhod-za-zhimolostyu-vesnoy-3257; floristics.info/ru/stati/sad/2406; floristics.info/ru/stati/sadovodstvo/7245-petuniya-prishchipka-podkormka; bona-forte.ru/laboratories/life-hacking/330-petuniya
ural-sibir	iyul	ИЮЛЬ	obrezka	dekor	siren	grunt	Корневую поросль сирени (у корнесобственной) и дикую поросль от подвоя (у привитой) вырезают по уровню почвы или чуть глубже несколько раз за сезон — иначе куст израстает и слабеет. Формирующую обрезку ведут только летом, не осенью.		garshinka.ru/blog/siren-posle-cveteniya; botanichka.ru/article/obrezka-sireni-vidy-i-pravila; antonovsad.ru/uhod-za-zhimolostyu-vesnoy-3257; floristics.info/ru/stati/sad/2406; floristics.info/ru/stati/sadovodstvo/7245-petuniya-prishchipka-podkormka; bona-forte.ru/laboratories/life-hacking/330-petuniya
severo-zapad	iyun	ИЮНЬ	obrezka	dekor	siren	grunt	Корневую поросль сирени (у корнесобственной) и дикую поросль от подвоя (у привитой) вырезают по уровню почвы или чуть глубже несколько раз за сезон — иначе куст израстает и слабеет. Формирующую обрезку ведут только летом, не осенью.		garshinka.ru/blog/siren-posle-cveteniya; botanichka.ru/article/obrezka-sireni-vidy-i-pravila; antonovsad.ru/uhod-za-zhimolostyu-vesnoy-3257; floristics.info/ru/stati/sad/2406; floristics.info/ru/stati/sadovodstvo/7245-petuniya-prishchipka-podkormka; bona-forte.ru/laboratories/life-hacking/330-petuniya
srednyaya-polosa	mart	МАРТ	obrezka	dekor	zhimolost	grunt	Санитарная обрезка жимолости — рано весной до набухания почек либо после листопада: сухие, поломанные и лежащие на земле ветви. С 7-8 лет — прореживание загущающих нулевых побегов; старше 15 лет — омоложение вырезкой старых скелетных ветвей на сильный прикорневой побег или боковое ответвление.		garshinka.ru/blog/siren-posle-cveteniya; botanichka.ru/article/obrezka-sireni-vidy-i-pravila; antonovsad.ru/uhod-za-zhimolostyu-vesnoy-3257; floristics.info/ru/stati/sad/2406; floristics.info/ru/stati/sadovodstvo/7245-petuniya-prishchipka-podkormka; bona-forte.ru/laboratories/life-hacking/330-petuniya
yug	fevral	ФЕВРАЛЬ	obrezka	dekor	zhimolost	grunt	Санитарная обрезка жимолости — рано весной до набухания почек либо после листопада: сухие, поломанные и лежащие на земле ветви. С 7-8 лет — прореживание загущающих нулевых побегов; старше 15 лет — омоложение вырезкой старых скелетных ветвей на сильный прикорневой побег или боковое ответвление.		garshinka.ru/blog/siren-posle-cveteniya; botanichka.ru/article/obrezka-sireni-vidy-i-pravila; antonovsad.ru/uhod-za-zhimolostyu-vesnoy-3257; floristics.info/ru/stati/sad/2406; floristics.info/ru/stati/sadovodstvo/7245-petuniya-prishchipka-podkormka; bona-forte.ru/laboratories/life-hacking/330-petuniya
ural-sibir	aprel	АПРЕЛЬ	obrezka	dekor	zhimolost	grunt	Санитарная обрезка жимолости — рано весной до набухания почек либо после листопада: сухие, поломанные и лежащие на земле ветви. С 7-8 лет — прореживание загущающих нулевых побегов; старше 15 лет — омоложение вырезкой старых скелетных ветвей на сильный прикорневой побег или боковое ответвление.		garshinka.ru/blog/siren-posle-cveteniya; botanichka.ru/article/obrezka-sireni-vidy-i-pravila; antonovsad.ru/uhod-za-zhimolostyu-vesnoy-3257; floristics.info/ru/stati/sad/2406; floristics.info/ru/stati/sadovodstvo/7245-petuniya-prishchipka-podkormka; bona-forte.ru/laboratories/life-hacking/330-petuniya
severo-zapad	mart	МАРТ	obrezka	dekor	zhimolost	grunt	Санитарная обрезка жимолости — рано весной до набухания почек либо после листопада: сухие, поломанные и лежащие на земле ветви. С 7-8 лет — прореживание загущающих нулевых побегов; старше 15 лет — омоложение вырезкой старых скелетных ветвей на сильный прикорневой побег или боковое ответвление.		garshinka.ru/blog/siren-posle-cveteniya; botanichka.ru/article/obrezka-sireni-vidy-i-pravila; antonovsad.ru/uhod-za-zhimolostyu-vesnoy-3257; floristics.info/ru/stati/sad/2406; floristics.info/ru/stati/sadovodstvo/7245-petuniya-prishchipka-podkormka; bona-forte.ru/laboratories/life-hacking/330-petuniya
srednyaya-polosa	may	МАЙ	obrabotka	dekor	zhimolost	grunt	От тли (скручивание и пожелтение верхушек), жимолостного клеща и щитовки — инсектоакарицид (Актара, Биотлин) сразу после сбора урожая, не в плодоношение; от бурой пятнистости листьев — медьсодержащий препарат («Хом»).		garshinka.ru/blog/siren-posle-cveteniya; botanichka.ru/article/obrezka-sireni-vidy-i-pravila; antonovsad.ru/uhod-za-zhimolostyu-vesnoy-3257; floristics.info/ru/stati/sad/2406; floristics.info/ru/stati/sadovodstvo/7245-petuniya-prishchipka-podkormka; bona-forte.ru/laboratories/life-hacking/330-petuniya
yug	aprel	АПРЕЛЬ	obrabotka	dekor	zhimolost	grunt	От тли (скручивание и пожелтение верхушек), жимолостного клеща и щитовки — инсектоакарицид (Актара, Биотлин) сразу после сбора урожая, не в плодоношение; от бурой пятнистости листьев — медьсодержащий препарат («Хом»).		garshinka.ru/blog/siren-posle-cveteniya; botanichka.ru/article/obrezka-sireni-vidy-i-pravila; antonovsad.ru/uhod-za-zhimolostyu-vesnoy-3257; floristics.info/ru/stati/sad/2406; floristics.info/ru/stati/sadovodstvo/7245-petuniya-prishchipka-podkormka; bona-forte.ru/laboratories/life-hacking/330-petuniya
ural-sibir	iyun	ИЮНЬ	obrabotka	dekor	zhimolost	grunt	От тли (скручивание и пожелтение верхушек), жимолостного клеща и щитовки — инсектоакарицид (Актара, Биотлин) сразу после сбора урожая, не в плодоношение; от бурой пятнистости листьев — медьсодержащий препарат («Хом»).		garshinka.ru/blog/siren-posle-cveteniya; botanichka.ru/article/obrezka-sireni-vidy-i-pravila; antonovsad.ru/uhod-za-zhimolostyu-vesnoy-3257; floristics.info/ru/stati/sad/2406; floristics.info/ru/stati/sadovodstvo/7245-petuniya-prishchipka-podkormka; bona-forte.ru/laboratories/life-hacking/330-petuniya
severo-zapad	may	МАЙ	obrabotka	dekor	zhimolost	grunt	От тли (скручивание и пожелтение верхушек), жимолостного клеща и щитовки — инсектоакарицид (Актара, Биотлин) сразу после сбора урожая, не в плодоношение; от бурой пятнистости листьев — медьсодержащий препарат («Хом»).		garshinka.ru/blog/siren-posle-cveteniya; botanichka.ru/article/obrezka-sireni-vidy-i-pravila; antonovsad.ru/uhod-za-zhimolostyu-vesnoy-3257; floristics.info/ru/stati/sad/2406; floristics.info/ru/stati/sadovodstvo/7245-petuniya-prishchipka-podkormka; bona-forte.ru/laboratories/life-hacking/330-petuniya
srednyaya-polosa	avgust	АВГУСТ	udobrenie	dekor	zhimolost	grunt	После сбора урожая — фосфорно-калийная подкормка жимолости (закладка цветочных почек будущего года идёт с конца лета); осенью в приствольный круг — перегной или компост с лёгкой заделкой.		garshinka.ru/blog/siren-posle-cveteniya; botanichka.ru/article/obrezka-sireni-vidy-i-pravila; antonovsad.ru/uhod-za-zhimolostyu-vesnoy-3257; floristics.info/ru/stati/sad/2406; floristics.info/ru/stati/sadovodstvo/7245-petuniya-prishchipka-podkormka; bona-forte.ru/laboratories/life-hacking/330-petuniya
yug	iyul	ИЮЛЬ	udobrenie	dekor	zhimolost	grunt	После сбора урожая — фосфорно-калийная подкормка жимолости (закладка цветочных почек будущего года идёт с конца лета); осенью в приствольный круг — перегной или компост с лёгкой заделкой.		garshinka.ru/blog/siren-posle-cveteniya; botanichka.ru/article/obrezka-sireni-vidy-i-pravila; antonovsad.ru/uhod-za-zhimolostyu-vesnoy-3257; floristics.info/ru/stati/sad/2406; floristics.info/ru/stati/sadovodstvo/7245-petuniya-prishchipka-podkormka; bona-forte.ru/laboratories/life-hacking/330-petuniya
ural-sibir	sentyabr	СЕНТЯБРЬ	udobrenie	dekor	zhimolost	grunt	После сбора урожая — фосфорно-калийная подкормка жимолости (закладка цветочных почек будущего года идёт с конца лета); осенью в приствольный круг — перегной или компост с лёгкой заделкой.		garshinka.ru/blog/siren-posle-cveteniya; botanichka.ru/article/obrezka-sireni-vidy-i-pravila; antonovsad.ru/uhod-za-zhimolostyu-vesnoy-3257; floristics.info/ru/stati/sad/2406; floristics.info/ru/stati/sadovodstvo/7245-petuniya-prishchipka-podkormka; bona-forte.ru/laboratories/life-hacking/330-petuniya
severo-zapad	avgust	АВГУСТ	udobrenie	dekor	zhimolost	grunt	После сбора урожая — фосфорно-калийная подкормка жимолости (закладка цветочных почек будущего года идёт с конца лета); осенью в приствольный круг — перегной или компост с лёгкой заделкой.		garshinka.ru/blog/siren-posle-cveteniya; botanichka.ru/article/obrezka-sireni-vidy-i-pravila; antonovsad.ru/uhod-za-zhimolostyu-vesnoy-3257; floristics.info/ru/stati/sad/2406; floristics.info/ru/stati/sadovodstvo/7245-petuniya-prishchipka-podkormka; bona-forte.ru/laboratories/life-hacking/330-petuniya
srednyaya-polosa	oktyabr	ОКТЯБРЬ	mulcha	dekor	zhimolost	grunt	Мульчирование приствольного круга жимолости перегноем, компостом или щепой слоем 5-8 см — корни поверхностные, страдают от перегрева и пересыхания; мульчу обновляют весной и осенью.		garshinka.ru/blog/siren-posle-cveteniya; botanichka.ru/article/obrezka-sireni-vidy-i-pravila; antonovsad.ru/uhod-za-zhimolostyu-vesnoy-3257; floristics.info/ru/stati/sad/2406; floristics.info/ru/stati/sadovodstvo/7245-petuniya-prishchipka-podkormka; bona-forte.ru/laboratories/life-hacking/330-petuniya
yug	noyabr	НОЯБРЬ	mulcha	dekor	zhimolost	grunt	Мульчирование приствольного круга жимолости перегноем, компостом или щепой слоем 5-8 см — корни поверхностные, страдают от перегрева и пересыхания; мульчу обновляют весной и осенью.		garshinka.ru/blog/siren-posle-cveteniya; botanichka.ru/article/obrezka-sireni-vidy-i-pravila; antonovsad.ru/uhod-za-zhimolostyu-vesnoy-3257; floristics.info/ru/stati/sad/2406; floristics.info/ru/stati/sadovodstvo/7245-petuniya-prishchipka-podkormka; bona-forte.ru/laboratories/life-hacking/330-petuniya
ural-sibir	sentyabr	СЕНТЯБРЬ	mulcha	dekor	zhimolost	grunt	Мульчирование приствольного круга жимолости перегноем, компостом или щепой слоем 5-8 см — корни поверхностные, страдают от перегрева и пересыхания; мульчу обновляют весной и осенью.		garshinka.ru/blog/siren-posle-cveteniya; botanichka.ru/article/obrezka-sireni-vidy-i-pravila; antonovsad.ru/uhod-za-zhimolostyu-vesnoy-3257; floristics.info/ru/stati/sad/2406; floristics.info/ru/stati/sadovodstvo/7245-petuniya-prishchipka-podkormka; bona-forte.ru/laboratories/life-hacking/330-petuniya
severo-zapad	oktyabr	ОКТЯБРЬ	mulcha	dekor	zhimolost	grunt	Мульчирование приствольного круга жимолости перегноем, компостом или щепой слоем 5-8 см — корни поверхностные, страдают от перегрева и пересыхания; мульчу обновляют весной и осенью.		garshinka.ru/blog/siren-posle-cveteniya; botanichka.ru/article/obrezka-sireni-vidy-i-pravila; antonovsad.ru/uhod-za-zhimolostyu-vesnoy-3257; floristics.info/ru/stati/sad/2406; floristics.info/ru/stati/sadovodstvo/7245-petuniya-prishchipka-podkormka; bona-forte.ru/laboratories/life-hacking/330-petuniya
srednyaya-polosa	may	МАЙ	udobrenie	dekor	bereskleet	grunt	Бересклету — весенняя подкормка комплексным удобрением, на бедной почве повторно в начале лета. Пестролистные формы на ярком солнце окрашены контрастнее, но требуют больше влаги.		garshinka.ru/blog/siren-posle-cveteniya; botanichka.ru/article/obrezka-sireni-vidy-i-pravila; antonovsad.ru/uhod-za-zhimolostyu-vesnoy-3257; floristics.info/ru/stati/sad/2406; floristics.info/ru/stati/sadovodstvo/7245-petuniya-prishchipka-podkormka; bona-forte.ru/laboratories/life-hacking/330-petuniya
yug	aprel	АПРЕЛЬ	udobrenie	dekor	bereskleet	grunt	Бересклету — весенняя подкормка комплексным удобрением, на бедной почве повторно в начале лета. Пестролистные формы на ярком солнце окрашены контрастнее, но требуют больше влаги.		garshinka.ru/blog/siren-posle-cveteniya; botanichka.ru/article/obrezka-sireni-vidy-i-pravila; antonovsad.ru/uhod-za-zhimolostyu-vesnoy-3257; floristics.info/ru/stati/sad/2406; floristics.info/ru/stati/sadovodstvo/7245-petuniya-prishchipka-podkormka; bona-forte.ru/laboratories/life-hacking/330-petuniya
ural-sibir	iyun	ИЮНЬ	udobrenie	dekor	bereskleet	grunt	Бересклету — весенняя подкормка комплексным удобрением, на бедной почве повторно в начале лета. Пестролистные формы на ярком солнце окрашены контрастнее, но требуют больше влаги.		garshinka.ru/blog/siren-posle-cveteniya; botanichka.ru/article/obrezka-sireni-vidy-i-pravila; antonovsad.ru/uhod-za-zhimolostyu-vesnoy-3257; floristics.info/ru/stati/sad/2406; floristics.info/ru/stati/sadovodstvo/7245-petuniya-prishchipka-podkormka; bona-forte.ru/laboratories/life-hacking/330-petuniya
severo-zapad	may	МАЙ	udobrenie	dekor	bereskleet	grunt	Бересклету — весенняя подкормка комплексным удобрением, на бедной почве повторно в начале лета. Пестролистные формы на ярком солнце окрашены контрастнее, но требуют больше влаги.		garshinka.ru/blog/siren-posle-cveteniya; botanichka.ru/article/obrezka-sireni-vidy-i-pravila; antonovsad.ru/uhod-za-zhimolostyu-vesnoy-3257; floristics.info/ru/stati/sad/2406; floristics.info/ru/stati/sadovodstvo/7245-petuniya-prishchipka-podkormka; bona-forte.ru/laboratories/life-hacking/330-petuniya
srednyaya-polosa	iyun	ИЮНЬ	obrabotka	dekor	bereskleet	grunt	Бересклет — сильный магнит для тли и паутинного клеща (его сажают как растение-ловушку рядом с плодовыми): регулярный осмотр, смыв струёй воды, инсектицид/акарицид при массовом заселении; от мучнистой росы и пятнистостей — фунгицид.		garshinka.ru/blog/siren-posle-cveteniya; botanichka.ru/article/obrezka-sireni-vidy-i-pravila; antonovsad.ru/uhod-za-zhimolostyu-vesnoy-3257; floristics.info/ru/stati/sad/2406; floristics.info/ru/stati/sadovodstvo/7245-petuniya-prishchipka-podkormka; bona-forte.ru/laboratories/life-hacking/330-petuniya
yug	may	МАЙ	obrabotka	dekor	bereskleet	grunt	Бересклет — сильный магнит для тли и паутинного клеща (его сажают как растение-ловушку рядом с плодовыми): регулярный осмотр, смыв струёй воды, инсектицид/акарицид при массовом заселении; от мучнистой росы и пятнистостей — фунгицид.		garshinka.ru/blog/siren-posle-cveteniya; botanichka.ru/article/obrezka-sireni-vidy-i-pravila; antonovsad.ru/uhod-za-zhimolostyu-vesnoy-3257; floristics.info/ru/stati/sad/2406; floristics.info/ru/stati/sadovodstvo/7245-petuniya-prishchipka-podkormka; bona-forte.ru/laboratories/life-hacking/330-petuniya
ural-sibir	iyul	ИЮЛЬ	obrabotka	dekor	bereskleet	grunt	Бересклет — сильный магнит для тли и паутинного клеща (его сажают как растение-ловушку рядом с плодовыми): регулярный осмотр, смыв струёй воды, инсектицид/акарицид при массовом заселении; от мучнистой росы и пятнистостей — фунгицид.		garshinka.ru/blog/siren-posle-cveteniya; botanichka.ru/article/obrezka-sireni-vidy-i-pravila; antonovsad.ru/uhod-za-zhimolostyu-vesnoy-3257; floristics.info/ru/stati/sad/2406; floristics.info/ru/stati/sadovodstvo/7245-petuniya-prishchipka-podkormka; bona-forte.ru/laboratories/life-hacking/330-petuniya
severo-zapad	iyun	ИЮНЬ	obrabotka	dekor	bereskleet	grunt	Бересклет — сильный магнит для тли и паутинного клеща (его сажают как растение-ловушку рядом с плодовыми): регулярный осмотр, смыв струёй воды, инсектицид/акарицид при массовом заселении; от мучнистой росы и пятнистостей — фунгицид.		garshinka.ru/blog/siren-posle-cveteniya; botanichka.ru/article/obrezka-sireni-vidy-i-pravila; antonovsad.ru/uhod-za-zhimolostyu-vesnoy-3257; floristics.info/ru/stati/sad/2406; floristics.info/ru/stati/sadovodstvo/7245-petuniya-prishchipka-podkormka; bona-forte.ru/laboratories/life-hacking/330-petuniya
srednyaya-polosa	iyul	ИЮЛЬ	poliv	dekor	bereskleet	grunt	Бересклету — полив в засуху (молодым обязательно) и мульча приствольного круга; при сильном пересыхании раньше окрашивается осенью, но может сбросить лист.		garshinka.ru/blog/siren-posle-cveteniya; botanichka.ru/article/obrezka-sireni-vidy-i-pravila; antonovsad.ru/uhod-za-zhimolostyu-vesnoy-3257; floristics.info/ru/stati/sad/2406; floristics.info/ru/stati/sadovodstvo/7245-petuniya-prishchipka-podkormka; bona-forte.ru/laboratories/life-hacking/330-petuniya
yug	iyun	ИЮНЬ	poliv	dekor	bereskleet	grunt	Бересклету — полив в засуху (молодым обязательно) и мульча приствольного круга; при сильном пересыхании раньше окрашивается осенью, но может сбросить лист.		garshinka.ru/blog/siren-posle-cveteniya; botanichka.ru/article/obrezka-sireni-vidy-i-pravila; antonovsad.ru/uhod-za-zhimolostyu-vesnoy-3257; floristics.info/ru/stati/sad/2406; floristics.info/ru/stati/sadovodstvo/7245-petuniya-prishchipka-podkormka; bona-forte.ru/laboratories/life-hacking/330-petuniya
ural-sibir	avgust	АВГУСТ	poliv	dekor	bereskleet	grunt	Бересклету — полив в засуху (молодым обязательно) и мульча приствольного круга; при сильном пересыхании раньше окрашивается осенью, но может сбросить лист.		garshinka.ru/blog/siren-posle-cveteniya; botanichka.ru/article/obrezka-sireni-vidy-i-pravila; antonovsad.ru/uhod-za-zhimolostyu-vesnoy-3257; floristics.info/ru/stati/sad/2406; floristics.info/ru/stati/sadovodstvo/7245-petuniya-prishchipka-podkormka; bona-forte.ru/laboratories/life-hacking/330-petuniya
severo-zapad	iyul	ИЮЛЬ	poliv	dekor	bereskleet	grunt	Бересклету — полив в засуху (молодым обязательно) и мульча приствольного круга; при сильном пересыхании раньше окрашивается осенью, но может сбросить лист.		garshinka.ru/blog/siren-posle-cveteniya; botanichka.ru/article/obrezka-sireni-vidy-i-pravila; antonovsad.ru/uhod-za-zhimolostyu-vesnoy-3257; floristics.info/ru/stati/sad/2406; floristics.info/ru/stati/sadovodstvo/7245-petuniya-prishchipka-podkormka; bona-forte.ru/laboratories/life-hacking/330-petuniya
srednyaya-polosa	avgust	АВГУСТ	obrezka	dekor	bereskleet	grunt	Формирующую стрижку бересклета (изгороди, бордюры, шары) ведут в конце мая - июне и при необходимости повторно в конце лета — хорошо переносит стрижку и загущается.		garshinka.ru/blog/siren-posle-cveteniya; botanichka.ru/article/obrezka-sireni-vidy-i-pravila; antonovsad.ru/uhod-za-zhimolostyu-vesnoy-3257; floristics.info/ru/stati/sad/2406; floristics.info/ru/stati/sadovodstvo/7245-petuniya-prishchipka-podkormka; bona-forte.ru/laboratories/life-hacking/330-petuniya
yug	iyul	ИЮЛЬ	obrezka	dekor	bereskleet	grunt	Формирующую стрижку бересклета (изгороди, бордюры, шары) ведут в конце мая - июне и при необходимости повторно в конце лета — хорошо переносит стрижку и загущается.		garshinka.ru/blog/siren-posle-cveteniya; botanichka.ru/article/obrezka-sireni-vidy-i-pravila; antonovsad.ru/uhod-za-zhimolostyu-vesnoy-3257; floristics.info/ru/stati/sad/2406; floristics.info/ru/stati/sadovodstvo/7245-petuniya-prishchipka-podkormka; bona-forte.ru/laboratories/life-hacking/330-petuniya
ural-sibir	sentyabr	СЕНТЯБРЬ	obrezka	dekor	bereskleet	grunt	Формирующую стрижку бересклета (изгороди, бордюры, шары) ведут в конце мая - июне и при необходимости повторно в конце лета — хорошо переносит стрижку и загущается.		garshinka.ru/blog/siren-posle-cveteniya; botanichka.ru/article/obrezka-sireni-vidy-i-pravila; antonovsad.ru/uhod-za-zhimolostyu-vesnoy-3257; floristics.info/ru/stati/sad/2406; floristics.info/ru/stati/sadovodstvo/7245-petuniya-prishchipka-podkormka; bona-forte.ru/laboratories/life-hacking/330-petuniya
severo-zapad	avgust	АВГУСТ	obrezka	dekor	bereskleet	grunt	Формирующую стрижку бересклета (изгороди, бордюры, шары) ведут в конце мая - июне и при необходимости повторно в конце лета — хорошо переносит стрижку и загущается.		garshinka.ru/blog/siren-posle-cveteniya; botanichka.ru/article/obrezka-sireni-vidy-i-pravila; antonovsad.ru/uhod-za-zhimolostyu-vesnoy-3257; floristics.info/ru/stati/sad/2406; floristics.info/ru/stati/sadovodstvo/7245-petuniya-prishchipka-podkormka; bona-forte.ru/laboratories/life-hacking/330-petuniya
srednyaya-polosa	oktyabr	ОКТЯБРЬ	ukrytie	dekor	bereskleet	grunt	Молодые посадки бересклета и вечнозелёные виды (б. Форчуна) на зиму мульчируют и прикрывают лапником — защита от выпревания и весеннего ожога; взрослые листопадные виды зимостойки.		garshinka.ru/blog/siren-posle-cveteniya; botanichka.ru/article/obrezka-sireni-vidy-i-pravila; antonovsad.ru/uhod-za-zhimolostyu-vesnoy-3257; floristics.info/ru/stati/sad/2406; floristics.info/ru/stati/sadovodstvo/7245-petuniya-prishchipka-podkormka; bona-forte.ru/laboratories/life-hacking/330-petuniya
yug	noyabr	НОЯБРЬ	ukrytie	dekor	bereskleet	grunt	Молодые посадки бересклета и вечнозелёные виды (б. Форчуна) на зиму мульчируют и прикрывают лапником — защита от выпревания и весеннего ожога; взрослые листопадные виды зимостойки.		garshinka.ru/blog/siren-posle-cveteniya; botanichka.ru/article/obrezka-sireni-vidy-i-pravila; antonovsad.ru/uhod-za-zhimolostyu-vesnoy-3257; floristics.info/ru/stati/sad/2406; floristics.info/ru/stati/sadovodstvo/7245-petuniya-prishchipka-podkormka; bona-forte.ru/laboratories/life-hacking/330-petuniya
ural-sibir	sentyabr	СЕНТЯБРЬ	ukrytie	dekor	bereskleet	grunt	Молодые посадки бересклета и вечнозелёные виды (б. Форчуна) на зиму мульчируют и прикрывают лапником — защита от выпревания и весеннего ожога; взрослые листопадные виды зимостойки.		garshinka.ru/blog/siren-posle-cveteniya; botanichka.ru/article/obrezka-sireni-vidy-i-pravila; antonovsad.ru/uhod-za-zhimolostyu-vesnoy-3257; floristics.info/ru/stati/sad/2406; floristics.info/ru/stati/sadovodstvo/7245-petuniya-prishchipka-podkormka; bona-forte.ru/laboratories/life-hacking/330-petuniya
severo-zapad	oktyabr	ОКТЯБРЬ	ukrytie	dekor	bereskleet	grunt	Молодые посадки бересклета и вечнозелёные виды (б. Форчуна) на зиму мульчируют и прикрывают лапником — защита от выпревания и весеннего ожога; взрослые листопадные виды зимостойки.		garshinka.ru/blog/siren-posle-cveteniya; botanichka.ru/article/obrezka-sireni-vidy-i-pravila; antonovsad.ru/uhod-za-zhimolostyu-vesnoy-3257; floristics.info/ru/stati/sad/2406; floristics.info/ru/stati/sadovodstvo/7245-petuniya-prishchipka-podkormka; bona-forte.ru/laboratories/life-hacking/330-petuniya
srednyaya-polosa	mart	МАРТ	obrezka	dekor	doren	grunt	Дёрен ради яркой коры обрезают радикально ранней весной: раз в 2-3 года «на пень» (10-20 см) либо ежегодно вырезают треть самых старых ветвей — молодой прирост окрашен ярче всего. Без обрезки куст оголяется снизу и кора тускнеет.		garshinka.ru/blog/siren-posle-cveteniya; botanichka.ru/article/obrezka-sireni-vidy-i-pravila; antonovsad.ru/uhod-za-zhimolostyu-vesnoy-3257; floristics.info/ru/stati/sad/2406; floristics.info/ru/stati/sadovodstvo/7245-petuniya-prishchipka-podkormka; bona-forte.ru/laboratories/life-hacking/330-petuniya
yug	fevral	ФЕВРАЛЬ	obrezka	dekor	doren	grunt	Дёрен ради яркой коры обрезают радикально ранней весной: раз в 2-3 года «на пень» (10-20 см) либо ежегодно вырезают треть самых старых ветвей — молодой прирост окрашен ярче всего. Без обрезки куст оголяется снизу и кора тускнеет.		garshinka.ru/blog/siren-posle-cveteniya; botanichka.ru/article/obrezka-sireni-vidy-i-pravila; antonovsad.ru/uhod-za-zhimolostyu-vesnoy-3257; floristics.info/ru/stati/sad/2406; floristics.info/ru/stati/sadovodstvo/7245-petuniya-prishchipka-podkormka; bona-forte.ru/laboratories/life-hacking/330-petuniya
ural-sibir	aprel	АПРЕЛЬ	obrezka	dekor	doren	grunt	Дёрен ради яркой коры обрезают радикально ранней весной: раз в 2-3 года «на пень» (10-20 см) либо ежегодно вырезают треть самых старых ветвей — молодой прирост окрашен ярче всего. Без обрезки куст оголяется снизу и кора тускнеет.		garshinka.ru/blog/siren-posle-cveteniya; botanichka.ru/article/obrezka-sireni-vidy-i-pravila; antonovsad.ru/uhod-za-zhimolostyu-vesnoy-3257; floristics.info/ru/stati/sad/2406; floristics.info/ru/stati/sadovodstvo/7245-petuniya-prishchipka-podkormka; bona-forte.ru/laboratories/life-hacking/330-petuniya
severo-zapad	mart	МАРТ	obrezka	dekor	doren	grunt	Дёрен ради яркой коры обрезают радикально ранней весной: раз в 2-3 года «на пень» (10-20 см) либо ежегодно вырезают треть самых старых ветвей — молодой прирост окрашен ярче всего. Без обрезки куст оголяется снизу и кора тускнеет.		garshinka.ru/blog/siren-posle-cveteniya; botanichka.ru/article/obrezka-sireni-vidy-i-pravila; antonovsad.ru/uhod-za-zhimolostyu-vesnoy-3257; floristics.info/ru/stati/sad/2406; floristics.info/ru/stati/sadovodstvo/7245-petuniya-prishchipka-podkormka; bona-forte.ru/laboratories/life-hacking/330-petuniya
srednyaya-polosa	may	МАЙ	udobrenie	dekor	doren	grunt	Дёрену — весенняя азотная подкормка для мощного прироста (его же обрезают на кору); пестролистные сорта на солнце ярче, в тени зеленеют.		garshinka.ru/blog/siren-posle-cveteniya; botanichka.ru/article/obrezka-sireni-vidy-i-pravila; antonovsad.ru/uhod-za-zhimolostyu-vesnoy-3257; floristics.info/ru/stati/sad/2406; floristics.info/ru/stati/sadovodstvo/7245-petuniya-prishchipka-podkormka; bona-forte.ru/laboratories/life-hacking/330-petuniya
yug	aprel	АПРЕЛЬ	udobrenie	dekor	doren	grunt	Дёрену — весенняя азотная подкормка для мощного прироста (его же обрезают на кору); пестролистные сорта на солнце ярче, в тени зеленеют.		garshinka.ru/blog/siren-posle-cveteniya; botanichka.ru/article/obrezka-sireni-vidy-i-pravila; antonovsad.ru/uhod-za-zhimolostyu-vesnoy-3257; floristics.info/ru/stati/sad/2406; floristics.info/ru/stati/sadovodstvo/7245-petuniya-prishchipka-podkormka; bona-forte.ru/laboratories/life-hacking/330-petuniya
ural-sibir	iyun	ИЮНЬ	udobrenie	dekor	doren	grunt	Дёрену — весенняя азотная подкормка для мощного прироста (его же обрезают на кору); пестролистные сорта на солнце ярче, в тени зеленеют.		garshinka.ru/blog/siren-posle-cveteniya; botanichka.ru/article/obrezka-sireni-vidy-i-pravila; antonovsad.ru/uhod-za-zhimolostyu-vesnoy-3257; floristics.info/ru/stati/sad/2406; floristics.info/ru/stati/sadovodstvo/7245-petuniya-prishchipka-podkormka; bona-forte.ru/laboratories/life-hacking/330-petuniya
severo-zapad	may	МАЙ	udobrenie	dekor	doren	grunt	Дёрену — весенняя азотная подкормка для мощного прироста (его же обрезают на кору); пестролистные сорта на солнце ярче, в тени зеленеют.		garshinka.ru/blog/siren-posle-cveteniya; botanichka.ru/article/obrezka-sireni-vidy-i-pravila; antonovsad.ru/uhod-za-zhimolostyu-vesnoy-3257; floristics.info/ru/stati/sad/2406; floristics.info/ru/stati/sadovodstvo/7245-petuniya-prishchipka-podkormka; bona-forte.ru/laboratories/life-hacking/330-petuniya
srednyaya-polosa	iyun	ИЮНЬ	poliv	dekor	doren	grunt	Дёрен влаголюбив (в природе растёт по берегам): полив в засуху, особенно молодым и после обрезки «на пень»; мульча. В сушь мельчает лист.		garshinka.ru/blog/siren-posle-cveteniya; botanichka.ru/article/obrezka-sireni-vidy-i-pravila; antonovsad.ru/uhod-za-zhimolostyu-vesnoy-3257; floristics.info/ru/stati/sad/2406; floristics.info/ru/stati/sadovodstvo/7245-petuniya-prishchipka-podkormka; bona-forte.ru/laboratories/life-hacking/330-petuniya
yug	may	МАЙ	poliv	dekor	doren	grunt	Дёрен влаголюбив (в природе растёт по берегам): полив в засуху, особенно молодым и после обрезки «на пень»; мульча. В сушь мельчает лист.		garshinka.ru/blog/siren-posle-cveteniya; botanichka.ru/article/obrezka-sireni-vidy-i-pravila; antonovsad.ru/uhod-za-zhimolostyu-vesnoy-3257; floristics.info/ru/stati/sad/2406; floristics.info/ru/stati/sadovodstvo/7245-petuniya-prishchipka-podkormka; bona-forte.ru/laboratories/life-hacking/330-petuniya
ural-sibir	iyul	ИЮЛЬ	poliv	dekor	doren	grunt	Дёрен влаголюбив (в природе растёт по берегам): полив в засуху, особенно молодым и после обрезки «на пень»; мульча. В сушь мельчает лист.		garshinka.ru/blog/siren-posle-cveteniya; botanichka.ru/article/obrezka-sireni-vidy-i-pravila; antonovsad.ru/uhod-za-zhimolostyu-vesnoy-3257; floristics.info/ru/stati/sad/2406; floristics.info/ru/stati/sadovodstvo/7245-petuniya-prishchipka-podkormka; bona-forte.ru/laboratories/life-hacking/330-petuniya
severo-zapad	iyun	ИЮНЬ	poliv	dekor	doren	grunt	Дёрен влаголюбив (в природе растёт по берегам): полив в засуху, особенно молодым и после обрезки «на пень»; мульча. В сушь мельчает лист.		garshinka.ru/blog/siren-posle-cveteniya; botanichka.ru/article/obrezka-sireni-vidy-i-pravila; antonovsad.ru/uhod-za-zhimolostyu-vesnoy-3257; floristics.info/ru/stati/sad/2406; floristics.info/ru/stati/sadovodstvo/7245-petuniya-prishchipka-podkormka; bona-forte.ru/laboratories/life-hacking/330-petuniya
srednyaya-polosa	iyul	ИЮЛЬ	obrabotka	dekor	doren	grunt	От мучнистой росы (белый налёт в загущённых и притенённых посадках) и тли на молодом приросте дёрена — фунгицид и инсектицид; прореживание для проветривания.		garshinka.ru/blog/siren-posle-cveteniya; botanichka.ru/article/obrezka-sireni-vidy-i-pravila; antonovsad.ru/uhod-za-zhimolostyu-vesnoy-3257; floristics.info/ru/stati/sad/2406; floristics.info/ru/stati/sadovodstvo/7245-petuniya-prishchipka-podkormka; bona-forte.ru/laboratories/life-hacking/330-petuniya
yug	iyun	ИЮНЬ	obrabotka	dekor	doren	grunt	От мучнистой росы (белый налёт в загущённых и притенённых посадках) и тли на молодом приросте дёрена — фунгицид и инсектицид; прореживание для проветривания.		garshinka.ru/blog/siren-posle-cveteniya; botanichka.ru/article/obrezka-sireni-vidy-i-pravila; antonovsad.ru/uhod-za-zhimolostyu-vesnoy-3257; floristics.info/ru/stati/sad/2406; floristics.info/ru/stati/sadovodstvo/7245-petuniya-prishchipka-podkormka; bona-forte.ru/laboratories/life-hacking/330-petuniya
ural-sibir	avgust	АВГУСТ	obrabotka	dekor	doren	grunt	От мучнистой росы (белый налёт в загущённых и притенённых посадках) и тли на молодом приросте дёрена — фунгицид и инсектицид; прореживание для проветривания.		garshinka.ru/blog/siren-posle-cveteniya; botanichka.ru/article/obrezka-sireni-vidy-i-pravila; antonovsad.ru/uhod-za-zhimolostyu-vesnoy-3257; floristics.info/ru/stati/sad/2406; floristics.info/ru/stati/sadovodstvo/7245-petuniya-prishchipka-podkormka; bona-forte.ru/laboratories/life-hacking/330-petuniya
severo-zapad	iyul	ИЮЛЬ	obrabotka	dekor	doren	grunt	От мучнистой росы (белый налёт в загущённых и притенённых посадках) и тли на молодом приросте дёрена — фунгицид и инсектицид; прореживание для проветривания.		garshinka.ru/blog/siren-posle-cveteniya; botanichka.ru/article/obrezka-sireni-vidy-i-pravila; antonovsad.ru/uhod-za-zhimolostyu-vesnoy-3257; floristics.info/ru/stati/sad/2406; floristics.info/ru/stati/sadovodstvo/7245-petuniya-prishchipka-podkormka; bona-forte.ru/laboratories/life-hacking/330-petuniya
srednyaya-polosa	may	МАЙ	obrezka	dekor	petuniya,barhatcy,nasturciya	grunt	Прищипка рассады петунии, высокорослых бархатцев и настурции над 4-5-м листом при высадке — кустистость и обильное ветвление; у петунии прищипку повторяют по мере отрастания плетей.		garshinka.ru/blog/siren-posle-cveteniya; botanichka.ru/article/obrezka-sireni-vidy-i-pravila; antonovsad.ru/uhod-za-zhimolostyu-vesnoy-3257; floristics.info/ru/stati/sad/2406; floristics.info/ru/stati/sadovodstvo/7245-petuniya-prishchipka-podkormka; bona-forte.ru/laboratories/life-hacking/330-petuniya
yug	aprel	АПРЕЛЬ	obrezka	dekor	petuniya,barhatcy,nasturciya	grunt	Прищипка рассады петунии, высокорослых бархатцев и настурции над 4-5-м листом при высадке — кустистость и обильное ветвление; у петунии прищипку повторяют по мере отрастания плетей.		garshinka.ru/blog/siren-posle-cveteniya; botanichka.ru/article/obrezka-sireni-vidy-i-pravila; antonovsad.ru/uhod-za-zhimolostyu-vesnoy-3257; floristics.info/ru/stati/sad/2406; floristics.info/ru/stati/sadovodstvo/7245-petuniya-prishchipka-podkormka; bona-forte.ru/laboratories/life-hacking/330-petuniya
ural-sibir	iyun	ИЮНЬ	obrezka	dekor	petuniya,barhatcy,nasturciya	grunt	Прищипка рассады петунии, высокорослых бархатцев и настурции над 4-5-м листом при высадке — кустистость и обильное ветвление; у петунии прищипку повторяют по мере отрастания плетей.		garshinka.ru/blog/siren-posle-cveteniya; botanichka.ru/article/obrezka-sireni-vidy-i-pravila; antonovsad.ru/uhod-za-zhimolostyu-vesnoy-3257; floristics.info/ru/stati/sad/2406; floristics.info/ru/stati/sadovodstvo/7245-petuniya-prishchipka-podkormka; bona-forte.ru/laboratories/life-hacking/330-petuniya
severo-zapad	may	МАЙ	obrezka	dekor	petuniya,barhatcy,nasturciya	grunt	Прищипка рассады петунии, высокорослых бархатцев и настурции над 4-5-м листом при высадке — кустистость и обильное ветвление; у петунии прищипку повторяют по мере отрастания плетей.		garshinka.ru/blog/siren-posle-cveteniya; botanichka.ru/article/obrezka-sireni-vidy-i-pravila; antonovsad.ru/uhod-za-zhimolostyu-vesnoy-3257; floristics.info/ru/stati/sad/2406; floristics.info/ru/stati/sadovodstvo/7245-petuniya-prishchipka-podkormka; bona-forte.ru/laboratories/life-hacking/330-petuniya
srednyaya-polosa	iyun	ИЮНЬ	udobrenie	dekor	petuniya,barhatcy,kalendula,nasturciya	grunt	Петунии в цвету — комплексное удобрение для цветущих каждые 10-14 дней (культура очень «прожорлива»). Бархатцы, календула и настурция на богатой почве жируют в ущерб цветению — им подкормки минимальны, азот исключают.		garshinka.ru/blog/siren-posle-cveteniya; botanichka.ru/article/obrezka-sireni-vidy-i-pravila; antonovsad.ru/uhod-za-zhimolostyu-vesnoy-3257; floristics.info/ru/stati/sad/2406; floristics.info/ru/stati/sadovodstvo/7245-petuniya-prishchipka-podkormka; bona-forte.ru/laboratories/life-hacking/330-petuniya
yug	may	МАЙ	udobrenie	dekor	petuniya,barhatcy,kalendula,nasturciya	grunt	Петунии в цвету — комплексное удобрение для цветущих каждые 10-14 дней (культура очень «прожорлива»). Бархатцы, календула и настурция на богатой почве жируют в ущерб цветению — им подкормки минимальны, азот исключают.		garshinka.ru/blog/siren-posle-cveteniya; botanichka.ru/article/obrezka-sireni-vidy-i-pravila; antonovsad.ru/uhod-za-zhimolostyu-vesnoy-3257; floristics.info/ru/stati/sad/2406; floristics.info/ru/stati/sadovodstvo/7245-petuniya-prishchipka-podkormka; bona-forte.ru/laboratories/life-hacking/330-petuniya
ural-sibir	iyul	ИЮЛЬ	udobrenie	dekor	petuniya,barhatcy,kalendula,nasturciya	grunt	Петунии в цвету — комплексное удобрение для цветущих каждые 10-14 дней (культура очень «прожорлива»). Бархатцы, календула и настурция на богатой почве жируют в ущерб цветению — им подкормки минимальны, азот исключают.		garshinka.ru/blog/siren-posle-cveteniya; botanichka.ru/article/obrezka-sireni-vidy-i-pravila; antonovsad.ru/uhod-za-zhimolostyu-vesnoy-3257; floristics.info/ru/stati/sad/2406; floristics.info/ru/stati/sadovodstvo/7245-petuniya-prishchipka-podkormka; bona-forte.ru/laboratories/life-hacking/330-petuniya
severo-zapad	iyun	ИЮНЬ	udobrenie	dekor	petuniya,barhatcy,kalendula,nasturciya	grunt	Петунии в цвету — комплексное удобрение для цветущих каждые 10-14 дней (культура очень «прожорлива»). Бархатцы, календула и настурция на богатой почве жируют в ущерб цветению — им подкормки минимальны, азот исключают.		garshinka.ru/blog/siren-posle-cveteniya; botanichka.ru/article/obrezka-sireni-vidy-i-pravila; antonovsad.ru/uhod-za-zhimolostyu-vesnoy-3257; floristics.info/ru/stati/sad/2406; floristics.info/ru/stati/sadovodstvo/7245-petuniya-prishchipka-podkormka; bona-forte.ru/laboratories/life-hacking/330-petuniya
srednyaya-polosa	iyun	ИЮНЬ	obrezka	dekor	petuniya,barhatcy,kalendula,nasturciya	grunt	Регулярное удаление отцветших цветков и завязей у летников продлевает цветение до заморозков и не даёт истощающего самосева; вытянувшуюся петунию в июле обрезают на треть с последующей подкормкой.		garshinka.ru/blog/siren-posle-cveteniya; botanichka.ru/article/obrezka-sireni-vidy-i-pravila; antonovsad.ru/uhod-za-zhimolostyu-vesnoy-3257; floristics.info/ru/stati/sad/2406; floristics.info/ru/stati/sadovodstvo/7245-petuniya-prishchipka-podkormka; bona-forte.ru/laboratories/life-hacking/330-petuniya
yug	may	МАЙ	obrezka	dekor	petuniya,barhatcy,kalendula,nasturciya	grunt	Регулярное удаление отцветших цветков и завязей у летников продлевает цветение до заморозков и не даёт истощающего самосева; вытянувшуюся петунию в июле обрезают на треть с последующей подкормкой.		garshinka.ru/blog/siren-posle-cveteniya; botanichka.ru/article/obrezka-sireni-vidy-i-pravila; antonovsad.ru/uhod-za-zhimolostyu-vesnoy-3257; floristics.info/ru/stati/sad/2406; floristics.info/ru/stati/sadovodstvo/7245-petuniya-prishchipka-podkormka; bona-forte.ru/laboratories/life-hacking/330-petuniya
ural-sibir	iyul	ИЮЛЬ	obrezka	dekor	petuniya,barhatcy,kalendula,nasturciya	grunt	Регулярное удаление отцветших цветков и завязей у летников продлевает цветение до заморозков и не даёт истощающего самосева; вытянувшуюся петунию в июле обрезают на треть с последующей подкормкой.		garshinka.ru/blog/siren-posle-cveteniya; botanichka.ru/article/obrezka-sireni-vidy-i-pravila; antonovsad.ru/uhod-za-zhimolostyu-vesnoy-3257; floristics.info/ru/stati/sad/2406; floristics.info/ru/stati/sadovodstvo/7245-petuniya-prishchipka-podkormka; bona-forte.ru/laboratories/life-hacking/330-petuniya
severo-zapad	iyun	ИЮНЬ	obrezka	dekor	petuniya,barhatcy,kalendula,nasturciya	grunt	Регулярное удаление отцветших цветков и завязей у летников продлевает цветение до заморозков и не даёт истощающего самосева; вытянувшуюся петунию в июле обрезают на треть с последующей подкормкой.		garshinka.ru/blog/siren-posle-cveteniya; botanichka.ru/article/obrezka-sireni-vidy-i-pravila; antonovsad.ru/uhod-za-zhimolostyu-vesnoy-3257; floristics.info/ru/stati/sad/2406; floristics.info/ru/stati/sadovodstvo/7245-petuniya-prishchipka-podkormka; bona-forte.ru/laboratories/life-hacking/330-petuniya
srednyaya-polosa	iyun	ИЮНЬ	obrabotka	dekor	petuniya,barhatcy,kalendula,nasturciya	grunt	Защита летников: петуния — от тли, белокрылки и серой гнили в сырость («Фитоспорин», прореживание); бархатцы почти не поражаются и сами отпугивают нематоду; календула к концу лета часто покрывается мучнистой росой; настурцию оккупируют крестоцветная блошка и капустная белянка (её сажают ловушкой у капусты).		garshinka.ru/blog/siren-posle-cveteniya; botanichka.ru/article/obrezka-sireni-vidy-i-pravila; antonovsad.ru/uhod-za-zhimolostyu-vesnoy-3257; floristics.info/ru/stati/sad/2406; floristics.info/ru/stati/sadovodstvo/7245-petuniya-prishchipka-podkormka; bona-forte.ru/laboratories/life-hacking/330-petuniya
yug	may	МАЙ	obrabotka	dekor	petuniya,barhatcy,kalendula,nasturciya	grunt	Защита летников: петуния — от тли, белокрылки и серой гнили в сырость («Фитоспорин», прореживание); бархатцы почти не поражаются и сами отпугивают нематоду; календула к концу лета часто покрывается мучнистой росой; настурцию оккупируют крестоцветная блошка и капустная белянка (её сажают ловушкой у капусты).		garshinka.ru/blog/siren-posle-cveteniya; botanichka.ru/article/obrezka-sireni-vidy-i-pravila; antonovsad.ru/uhod-za-zhimolostyu-vesnoy-3257; floristics.info/ru/stati/sad/2406; floristics.info/ru/stati/sadovodstvo/7245-petuniya-prishchipka-podkormka; bona-forte.ru/laboratories/life-hacking/330-petuniya
ural-sibir	iyul	ИЮЛЬ	obrabotka	dekor	petuniya,barhatcy,kalendula,nasturciya	grunt	Защита летников: петуния — от тли, белокрылки и серой гнили в сырость («Фитоспорин», прореживание); бархатцы почти не поражаются и сами отпугивают нематоду; календула к концу лета часто покрывается мучнистой росой; настурцию оккупируют крестоцветная блошка и капустная белянка (её сажают ловушкой у капусты).		garshinka.ru/blog/siren-posle-cveteniya; botanichka.ru/article/obrezka-sireni-vidy-i-pravila; antonovsad.ru/uhod-za-zhimolostyu-vesnoy-3257; floristics.info/ru/stati/sad/2406; floristics.info/ru/stati/sadovodstvo/7245-petuniya-prishchipka-podkormka; bona-forte.ru/laboratories/life-hacking/330-petuniya
severo-zapad	iyun	ИЮНЬ	obrabotka	dekor	petuniya,barhatcy,kalendula,nasturciya	grunt	Защита летников: петуния — от тли, белокрылки и серой гнили в сырость («Фитоспорин», прореживание); бархатцы почти не поражаются и сами отпугивают нематоду; календула к концу лета часто покрывается мучнистой росой; настурцию оккупируют крестоцветная блошка и капустная белянка (её сажают ловушкой у капусты).		garshinka.ru/blog/siren-posle-cveteniya; botanichka.ru/article/obrezka-sireni-vidy-i-pravila; antonovsad.ru/uhod-za-zhimolostyu-vesnoy-3257; floristics.info/ru/stati/sad/2406; floristics.info/ru/stati/sadovodstvo/7245-petuniya-prishchipka-podkormka; bona-forte.ru/laboratories/life-hacking/330-petuniya
srednyaya-polosa	iyul	ИЮЛЬ	urozhay	dekor	kalendula	grunt	Календулу на лекарственное сырьё собирают всё цветение — полностью раскрытые корзинки каждые 2-3 дня; это заодно продлевает цветение. Сушат в тени.		garshinka.ru/blog/siren-posle-cveteniya; botanichka.ru/article/obrezka-sireni-vidy-i-pravila; antonovsad.ru/uhod-za-zhimolostyu-vesnoy-3257; floristics.info/ru/stati/sad/2406; floristics.info/ru/stati/sadovodstvo/7245-petuniya-prishchipka-podkormka; bona-forte.ru/laboratories/life-hacking/330-petuniya
yug	iyun	ИЮНЬ	urozhay	dekor	kalendula	grunt	Календулу на лекарственное сырьё собирают всё цветение — полностью раскрытые корзинки каждые 2-3 дня; это заодно продлевает цветение. Сушат в тени.		garshinka.ru/blog/siren-posle-cveteniya; botanichka.ru/article/obrezka-sireni-vidy-i-pravila; antonovsad.ru/uhod-za-zhimolostyu-vesnoy-3257; floristics.info/ru/stati/sad/2406; floristics.info/ru/stati/sadovodstvo/7245-petuniya-prishchipka-podkormka; bona-forte.ru/laboratories/life-hacking/330-petuniya
ural-sibir	avgust	АВГУСТ	urozhay	dekor	kalendula	grunt	Календулу на лекарственное сырьё собирают всё цветение — полностью раскрытые корзинки каждые 2-3 дня; это заодно продлевает цветение. Сушат в тени.		garshinka.ru/blog/siren-posle-cveteniya; botanichka.ru/article/obrezka-sireni-vidy-i-pravila; antonovsad.ru/uhod-za-zhimolostyu-vesnoy-3257; floristics.info/ru/stati/sad/2406; floristics.info/ru/stati/sadovodstvo/7245-petuniya-prishchipka-podkormka; bona-forte.ru/laboratories/life-hacking/330-petuniya
severo-zapad	iyul	ИЮЛЬ	urozhay	dekor	kalendula	grunt	Календулу на лекарственное сырьё собирают всё цветение — полностью раскрытые корзинки каждые 2-3 дня; это заодно продлевает цветение. Сушат в тени.		garshinka.ru/blog/siren-posle-cveteniya; botanichka.ru/article/obrezka-sireni-vidy-i-pravila; antonovsad.ru/uhod-za-zhimolostyu-vesnoy-3257; floristics.info/ru/stati/sad/2406; floristics.info/ru/stati/sadovodstvo/7245-petuniya-prishchipka-podkormka; bona-forte.ru/laboratories/life-hacking/330-petuniya
srednyaya-polosa	avgust	АВГУСТ	razmnozhenie	dekor	barhatcy,kalendula,nasturciya,petuniya	grunt	Сбор семян летников — с полностью побуревших сухих корзинок и коробочек в сухую погоду. Сортовые F1-петунии и махровые бархатцы из семян не воспроизводятся; календула и настурция обильно возобновляются самосевом.		garshinka.ru/blog/siren-posle-cveteniya; botanichka.ru/article/obrezka-sireni-vidy-i-pravila; antonovsad.ru/uhod-za-zhimolostyu-vesnoy-3257; floristics.info/ru/stati/sad/2406; floristics.info/ru/stati/sadovodstvo/7245-petuniya-prishchipka-podkormka; bona-forte.ru/laboratories/life-hacking/330-petuniya
yug	iyul	ИЮЛЬ	razmnozhenie	dekor	barhatcy,kalendula,nasturciya,petuniya	grunt	Сбор семян летников — с полностью побуревших сухих корзинок и коробочек в сухую погоду. Сортовые F1-петунии и махровые бархатцы из семян не воспроизводятся; календула и настурция обильно возобновляются самосевом.		garshinka.ru/blog/siren-posle-cveteniya; botanichka.ru/article/obrezka-sireni-vidy-i-pravila; antonovsad.ru/uhod-za-zhimolostyu-vesnoy-3257; floristics.info/ru/stati/sad/2406; floristics.info/ru/stati/sadovodstvo/7245-petuniya-prishchipka-podkormka; bona-forte.ru/laboratories/life-hacking/330-petuniya
ural-sibir	sentyabr	СЕНТЯБРЬ	razmnozhenie	dekor	barhatcy,kalendula,nasturciya,petuniya	grunt	Сбор семян летников — с полностью побуревших сухих корзинок и коробочек в сухую погоду. Сортовые F1-петунии и махровые бархатцы из семян не воспроизводятся; календула и настурция обильно возобновляются самосевом.		garshinka.ru/blog/siren-posle-cveteniya; botanichka.ru/article/obrezka-sireni-vidy-i-pravila; antonovsad.ru/uhod-za-zhimolostyu-vesnoy-3257; floristics.info/ru/stati/sad/2406; floristics.info/ru/stati/sadovodstvo/7245-petuniya-prishchipka-podkormka; bona-forte.ru/laboratories/life-hacking/330-petuniya
severo-zapad	avgust	АВГУСТ	razmnozhenie	dekor	barhatcy,kalendula,nasturciya,petuniya	grunt	Сбор семян летников — с полностью побуревших сухих корзинок и коробочек в сухую погоду. Сортовые F1-петунии и махровые бархатцы из семян не воспроизводятся; календула и настурция обильно возобновляются самосевом.		garshinka.ru/blog/siren-posle-cveteniya; botanichka.ru/article/obrezka-sireni-vidy-i-pravila; antonovsad.ru/uhod-za-zhimolostyu-vesnoy-3257; floristics.info/ru/stati/sad/2406; floristics.info/ru/stati/sadovodstvo/7245-petuniya-prishchipka-podkormka; bona-forte.ru/laboratories/life-hacking/330-petuniya
srednyaya-polosa	oktyabr	ОКТЯБРЬ	posev	dekor	kalendula,barhatcy	grunt	Подзимний посев холодостойких летников (календула, немахровые бархатцы) в конце октября - ноябре по подмёрзшей земле — более раннее и крепкое цветение на следующий год.		garshinka.ru/blog/siren-posle-cveteniya; botanichka.ru/article/obrezka-sireni-vidy-i-pravila; antonovsad.ru/uhod-za-zhimolostyu-vesnoy-3257; floristics.info/ru/stati/sad/2406; floristics.info/ru/stati/sadovodstvo/7245-petuniya-prishchipka-podkormka; bona-forte.ru/laboratories/life-hacking/330-petuniya
yug	noyabr	НОЯБРЬ	posev	dekor	kalendula,barhatcy	grunt	Подзимний посев холодостойких летников (календула, немахровые бархатцы) в конце октября - ноябре по подмёрзшей земле — более раннее и крепкое цветение на следующий год.		garshinka.ru/blog/siren-posle-cveteniya; botanichka.ru/article/obrezka-sireni-vidy-i-pravila; antonovsad.ru/uhod-za-zhimolostyu-vesnoy-3257; floristics.info/ru/stati/sad/2406; floristics.info/ru/stati/sadovodstvo/7245-petuniya-prishchipka-podkormka; bona-forte.ru/laboratories/life-hacking/330-petuniya
ural-sibir	sentyabr	СЕНТЯБРЬ	posev	dekor	kalendula,barhatcy	grunt	Подзимний посев холодостойких летников (календула, немахровые бархатцы) в конце октября - ноябре по подмёрзшей земле — более раннее и крепкое цветение на следующий год.		garshinka.ru/blog/siren-posle-cveteniya; botanichka.ru/article/obrezka-sireni-vidy-i-pravila; antonovsad.ru/uhod-za-zhimolostyu-vesnoy-3257; floristics.info/ru/stati/sad/2406; floristics.info/ru/stati/sadovodstvo/7245-petuniya-prishchipka-podkormka; bona-forte.ru/laboratories/life-hacking/330-petuniya
severo-zapad	oktyabr	ОКТЯБРЬ	posev	dekor	kalendula,barhatcy	grunt	Подзимний посев холодостойких летников (календула, немахровые бархатцы) в конце октября - ноябре по подмёрзшей земле — более раннее и крепкое цветение на следующий год.		garshinka.ru/blog/siren-posle-cveteniya; botanichka.ru/article/obrezka-sireni-vidy-i-pravila; antonovsad.ru/uhod-za-zhimolostyu-vesnoy-3257; floristics.info/ru/stati/sad/2406; floristics.info/ru/stati/sadovodstvo/7245-petuniya-prishchipka-podkormka; bona-forte.ru/laboratories/life-hacking/330-petuniya
srednyaya-polosa	aprel	АПРЕЛЬ	posev	sad	cheremuha-virginskaya	grunt	Посадка черёмухи виргинской — весной, до распускания почек, на солнечное место. Заранее предусмотреть ограничитель корневой поросли.		
srednyaya-polosa	aprel	АПРЕЛЬ	obrabotka	sad	cheremuha-virginskaya	grunt	Ранневесенняя обработка черёмухи виргинской от горностаевой моли по спящим почкам, повтор через 10-12 дней.		
srednyaya-polosa	may	МАЙ	obrezka	sad	cheremuha-virginskaya	grunt	Формирующая обрезка черёмухи виргинской и обязательное удаление корневой поросли у основания.		
srednyaya-polosa	may	МАЙ	udobrenie	sad	cheremuha-virginskaya	grunt	Весенняя минеральная подкормка черёмухи виргинской (нитроаммофоска) для роста побегов и листвы.		
srednyaya-polosa	avgust	АВГУСТ	urozhay	sad	cheremuha-virginskaya	grunt	Сбор плодов черёмухи виргинской — терпкие, на варенье, компоты и сушку.		
srednyaya-polosa	sentyabr	СЕНТЯБРЬ	udobrenie	sad	cheremuha-virginskaya	grunt	Осенняя подкормка черёмухи виргинской перепревшим навозом или золой в приствольный круг — для обильного цветения будущего года.		
srednyaya-polosa	oktyabr	ОКТЯБРЬ	mulcha	sad	cheremuha-virginskaya	grunt	Мульчирование приствольного круга черёмухи виргинской перегноем или компостом слоем 5-8 см.		
srednyaya-polosa	aprel	АПРЕЛЬ	posev	dekor	forsiciya	grunt	Посадка форзиции — ранней весной, до распускания почек, на солнечное место.		
srednyaya-polosa	may	МАЙ	obrezka	dekor	forsiciya	grunt	Обрезка форзиции сразу после цветения: побеги укорачивают на треть, двухлетние побеги с цветочными почками не трогают.		
srednyaya-polosa	may	МАЙ	udobrenie	dekor	forsiciya	grunt	Азотная подкормка форзиции сразу после цветения — для закладки цветочных почек будущего года.		
srednyaya-polosa	avgust	АВГУСТ	udobrenie	dekor	forsiciya	grunt	Фосфорно-калийная подкормка форзиции без азота — для вызревания побегов и зимостойкости.		
srednyaya-polosa	oktyabr	ОКТЯБРЬ	ukrytie	dekor	forsiciya	grunt	Мульчирование приствольного круга форзиции палой листвой или опилками; в морозные малоснежные зимы — лёгкое укрытие нижней части куста для защиты цветочных почек.		
srednyaya-polosa	aprel	АПРЕЛЬ	posev	dekor	tsuga-kanadskaya	grunt	Посадка тсуги канадской весной в полутень или тень, на влажную кислую дренированную почву.		
srednyaya-polosa	mart	МАРТ	obrezka	dekor	tsuga-kanadskaya	grunt	Санитарная обрезка тсуги канадской ранней весной — сухие и повреждённые за зиму ветви.		
srednyaya-polosa	may	МАЙ	poliv	dekor	tsuga-kanadskaya	grunt	Регулярный полив и мульчирование хвойным опадом или корой — тсуга не переносит пересыхания земляного кома.		
srednyaya-polosa	iyul	ИЮЛЬ	obrabotka	dekor	tsuga-kanadskaya	grunt	От паутинного клеща на тсуге в жаркую сухую погоду — дождевание кроны и акарицид при заселении.		
srednyaya-polosa	oktyabr	ОКТЯБРЬ	ukrytie	dekor	tsuga-kanadskaya	grunt	Укрытие молодых растений тсуги канадской лапником на зиму, особенно на открытых ветреных местах.		
srednyaya-polosa	aprel	АПРЕЛЬ	posev	dekor	bereza	grunt	Весенняя посадка берёзы, до распускания почек; корневую шейку не заглублять.		
srednyaya-polosa	fevral	ФЕВРАЛЬ	obrezka	dekor	bereza	grunt	Обрезка берёзы до начала сокодвижения (по морозу, в конце зимы) — иначе ранки долго «плачут» соком.		
srednyaya-polosa	may	МАЙ	udobrenie	dekor	bereza	grunt	Весенняя азотная подкормка молодой берёзы для быстрого роста после зимы.		
srednyaya-polosa	may	МАЙ	obrabotka	dekor	bereza	grunt	От тли и листовёртки на берёзе в мае — инсектицид при массовом появлении.		
srednyaya-polosa	iyul	ИЮЛЬ	obrabotka	dekor	bereza	grunt	От гусениц шелкопряда на берёзе при массовом появлении — стряхивание и инсектицидная обработка.		
srednyaya-polosa	aprel	АПРЕЛЬ	posev	dekor	dub	grunt	Весенняя посадка молодого саженца дуба (1-2 года) — взрослые деревья пересадку почти не переносят из-за стержневого корня.		
srednyaya-polosa	aprel	АПРЕЛЬ	obrabotka	dekor	dub	grunt	Искореняющая обработка дуба медным или железным купоросом (300 г на 10 л) до распускания почек.		
srednyaya-polosa	may	МАЙ	obrabotka	dekor	dub	grunt	От мучнистой росы на дубе (белый налёт на листьях) — 1%-я бордоская жидкость в апреле-мае; от дубовой листовёртки — инсектицид при появлении гусениц.		
srednyaya-polosa	mart	МАРТ	obrezka	dekor	dub	grunt	Санитарная обрезка молодых дубов — сухие и конкурирующие побеги, формирование одного лидирующего ствола.		
srednyaya-polosa	sentyabr	СЕНТЯБРЬ	razmnozhenie	dekor	dub	grunt	Сбор жёлудей для размножения — стратификация во влажном песке до весеннего посева.		
srednyaya-polosa	aprel	АПРЕЛЬ	posev	dekor	listvennitsa	grunt	Весенняя посадка лиственницы на солнечное место, до начала роста побегов.		
srednyaya-polosa	may	МАЙ	obrabotka	dekor	listvennitsa	grunt	От лиственничной чехлоноски и хермеса весной — инсектицид по молодой хвое при заселении.		
srednyaya-polosa	iyun	ИЮНЬ	obrabotka	dekor	listvennitsa	grunt	От лиственничной паутинной листовёртки — вырезка побегов с паутинными гнёздами, при необходимости инсектицид.		
srednyaya-polosa	mart	МАРТ	obrezka	dekor	listvennitsa	grunt	Санитарная обрезка лиственницы — сухие и повреждённые ветви; формирующая обрезка не требуется.		
srednyaya-polosa	may	МАЙ	posev	dekor	ginkgo-biloba	grunt	Посадка гинкго билоба — весной, после весенних заморозков, на солнце или в лёгкую полутень; для сада выбирают привитый мужской сорт.		
srednyaya-polosa	iyun	ИЮНЬ	udobrenie	dekor	ginkgo-biloba	grunt	Подкормка молодых растений гинкго билоба комплексным удобрением весной.		
srednyaya-polosa	mart	МАРТ	obrezka	dekor	ginkgo-biloba	grunt	Формирующая обрезка молодых растений гинкго билоба — задание одного лидирующего побега.		
srednyaya-polosa	oktyabr	ОКТЯБРЬ	ukrytie	dekor	ginkgo-biloba	grunt	Укрытие молодых растений гинкго билоба на зиму (первые 2-3 года) — сухие листья или лапник, ствол можно обернуть лутрасилом.		
srednyaya-polosa	aprel	АПРЕЛЬ	posev	dekor	pihta	grunt	Посадка пихты — ранней весной саженцами с ЗКС старше 5 лет, в полутень на влажную дренированную слабокислую почву.		
srednyaya-polosa	may	МАЙ	poliv	dekor	pihta	grunt	Регулярный полив и дождевание кроны пихты в засуху; мульчирование хвойным опадом или корой — пихта не переносит сухого воздуха.		
srednyaya-polosa	may	МАЙ	udobrenie	dekor	pihta	grunt	Весенняя подкормка пихты удобрением для хвойных без извести и избытка азота.		
srednyaya-polosa	may	МАЙ	obrabotka	dekor	pihta	grunt	От пихтового хермеса (белый пушок и вздутия на хвое) — обработка инсектицидом в начале распускания почек и повторно летом.		
srednyaya-polosa	mart	МАРТ	obrezka	dekor	pihta	grunt	Санитарная обрезка пихты ранней весной — сухие, подмёрзшие ветви, «двойные» верхушки.		
srednyaya-polosa	oktyabr	ОКТЯБРЬ	ukrytie	dekor	pihta	grunt	Притенение молодых пихт с южной стороны на зиму от солнечного ожога, мульчирование приствольного круга, связывание узких крон от снеголома.		
srednyaya-polosa	aprel	АПРЕЛЬ	posev	dekor	mikrobiota	grunt	Посадка микробиоты — весной или в конце лета в полутень, в яму с песком и перегноем; на сырых участках — на приподнятую гряду.		
srednyaya-polosa	may	МАЙ	poliv	dekor	mikrobiota	grunt	Полив микробиоты только молодым растениям и в сильную засуху; мульчирование хвойным опадом или корой, обновляется ежегодно.		
srednyaya-polosa	mart	МАРТ	obrezka	dekor	mikrobiota	grunt	Санитарная обрезка микробиоты — сухие и поломанные веточки; прищипка концов побегов для загущения ковра.		
srednyaya-polosa	iyun	ИЮНЬ	razmnozhenie	dekor	mikrobiota	grunt	Размножение микробиоты полуодревесневшими черенками летом и отделением укоренившихся отводков.		
srednyaya-polosa	aprel	АПРЕЛЬ	posev	dekor	boyaryshnik	grunt	Посадка боярышника — весной до распускания почек или осенью, на солнце; для живой изгороди — траншея, растения через 50–70 см.		
srednyaya-polosa	aprel	АПРЕЛЬ	udobrenie	dekor	boyaryshnik	grunt	Весенняя азотная подкормка боярышника (перегной, мочевина); плодовым видам перед цветением — фосфорно-калийное.		
srednyaya-polosa	may	МАЙ	obrabotka	dekor	boyaryshnik	grunt	От боярышницы (гусеницы объедают листья и почки), тли и листовёртки — сбор зимующих гнёзд и обработка инсектицидом по молодым гусеницам.		
srednyaya-polosa	may	МАЙ	obrezka	dekor	boyaryshnik	grunt	Формирующая стрижка живой изгороди из боярышника в конце мая — июне; санитарная обрезка солитеров и вырезка корневой поросли.		
srednyaya-polosa	iyul	ИЮЛЬ	obrezka	dekor	boyaryshnik	grunt	Повторная летняя стрижка изгороди из боярышника в июле для плотной формы.		
srednyaya-polosa	sentyabr	СЕНТЯБРЬ	urozhay	dekor	boyaryshnik	grunt	Сбор плодов боярышника при полном окрашивании (сентябрь) — на компоты, джемы, сушку и лекарственное сырьё.		
srednyaya-polosa	aprel	АПРЕЛЬ	posev	dekor	klen-yaponskiy	grunt	Посадка клёна японского (привитой саженец) весной после заморозков или ранней осенью, в полутень на влажную кислую дренированную почву с толстой мульчей из коры хвойных.		
srednyaya-polosa	may	МАЙ	poliv	dekor	klen-yaponskiy	grunt	Регулярный полив клёна японского без пересыхания кома, особенно в жару; обновление мульчи из сосновой коры.		
srednyaya-polosa	may	МАЙ	udobrenie	dekor	klen-yaponskiy	grunt	Весной — небольшая доза удобрения для рододендронов или хвойных; избыток азота даёт невызревающий подмерзающий прирост.		
srednyaya-polosa	fevral	ФЕВРАЛЬ	obrezka	dekor	klen-yaponskiy	grunt	Санитарная и лёгкая формирующая обрезка клёна японского в безлистном состоянии (конец зимы, до сокодвижения); сильная обрезка портит габитус.		
srednyaya-polosa	oktyabr	ОКТЯБРЬ	ukrytie	dekor	klen-yaponskiy	grunt	Укрытие клёна японского на зиму: каркас со спанбондом в 2–3 слоя, толстая мульча приствольного круга; молодые растения надёжнее держать в контейнере с холодной зимовкой при 0…+5 °C.		
srednyaya-polosa	mart	МАРТ	posev	dekor	metasekvoyya	grunt	Посадка метасеквойи — саженцем с ЗКС в марте—апреле или в ноябре, в защищённое от поздних заморозков и ветра влажное место (лучше у воды или южной стены), в глубокую яму с дренажом и торфом; корневая шейка на уровне почвы.		
srednyaya-polosa	may	МАЙ	poliv	dekor	metasekvoyya	grunt	Обильный полив метасеквойи 1–2 раза в неделю в сухую погоду (влаголюбива, засухи не переносит); мульча корой или щепой слоем 7–10 см с отступом от ствола.		
srednyaya-polosa	aprel	АПРЕЛЬ	udobrenie	dekor	metasekvoyya	grunt	Весенняя подкормка метасеквойи удобрением для хвойных без извести, с магнием; со второй половины лета азот не вносят — прирост не успевает вызреть.		
srednyaya-polosa	mart	МАРТ	obrezka	dekor	metasekvoyya	grunt	Санитарная обрезка метасеквойи до распускания почек — сухие, поломанные и подмёрзшие концы побегов; при раздвоении лидера оставляют один.		
srednyaya-polosa	oktyabr	ОКТЯБРЬ	ukrytie	dekor	metasekvoyya	grunt	Молодые метасеквойи (первые 3–5 лет) на зиму мульчируют слоем 15–20 см и укрывают спанбондом; поздний невызревший прирост подмерзает — весной его вырезают до живой почки.		
srednyaya-polosa	aprel	АПРЕЛЬ	posev	dekor	ryabina	grunt	Посадка рябины — весной до распускания почек или в сентябре, на солнце, саженцем с ЗКС; корневую шейку не заглублять, место прививки у сортовых — выше почвы. Для сладкоплодных сортов сажают 2–3 сорта для опыления.		
srednyaya-polosa	aprel	АПРЕЛЬ	udobrenie	dekor	ryabina	grunt	Весенняя азотная подкормка рябины (перегной, мочевина 15–20 г/м²); перед цветением и после — фосфорно-калийное для урожая и вызревания древесины.		
srednyaya-polosa	may	МАЙ	obrabotka	dekor	ryabina	grunt	От рябиновой моли (червивые плоды), рябиновой тли и галлового клеща — обработка инсектицидом/акарицидом через 7–10 дней после цветения и повторно; от монилиоза и ржавчины — уборка падалицы, медьсодержащий фунгицид, не сажать рядом с можжевельником.		
srednyaya-polosa	mart	МАРТ	obrezka	dekor	ryabina	grunt	Обрезка рябины ранней весной до набухания почек (рано трогается в рост) — прореживание середины кроны, перевод проводника на боковую ветвь у пирамидальных форм, вырезка сухих ветвей и корневой поросли ниже прививки.		
srednyaya-polosa	sentyabr	СЕНТЯБРЬ	urozhay	dekor	ryabina	grunt	Сбор плодов рябины кистями при полном окрашивании (август—сентябрь); у видовой и части сортов горечь уходит после первых заморозков. На сушку, заморозку, компоты, настойки.		
srednyaya-polosa	aprel	АПРЕЛЬ	posev	dekor	ryabinolistnik	grunt	Посадка рябинника — весной или в сентябре на солнце или в полутень во влажную почву; сразу вкопать ограничитель корней (лента, бордюр на 20–30 см) против расползания поросли; корневая шейка на 2–3 см выше уровня земли.		
srednyaya-polosa	iyun	ИЮНЬ	poliv	dekor	ryabinolistnik	grunt	Регулярный полив рябинника в сухую погоду (влаголюбив, засуху переносит плохо — листья мельчают и буреют по краю) и мульчирование корой или компостом слоем 6–8 см.		
srednyaya-polosa	aprel	АПРЕЛЬ	obrezka	dekor	ryabinolistnik	grunt	Ранневесенняя обрезка рябинника до распускания почек — вырезка старых (старше 4–5 лет) и слабых побегов «на пень», раз в 2–3 года можно срезать весь куст на 15–20 см; отцветшие метёлки убирают после цветения, лишнюю поросль подрубают.		
srednyaya-polosa	may	МАЙ	razmnozhenie	dekor	ryabinolistnik	grunt	Размножение рябинника отделением укоренившейся корневой поросли и делением куста весной или в конце лета, зелёными и полуодревесневшими черенками — летом.		
srednyaya-polosa	mart	МАРТ	posev	dekor	sumah	grunt	Посадка сумаха — саженцем с ЗКС с марта по ноябрь на солнечное дренированное место; корневая шейка на 3–5 см ниже уровня почвы, сразу вкопать ограничитель корней радиусом 1–1,5 м.		
srednyaya-polosa	mart	МАРТ	obrezka	dekor	sumah	grunt	Ранневесенняя санитарная обрезка сумаха — вырезка подмёрзших за зиму концов побегов (крона от этого только гуще); раз в 5–7 лет — омоложение «на пень».		
srednyaya-polosa	may	МАЙ	poliv	dekor	sumah	grunt	Полив молодого сумаха в засуху первые 2 года и мульчирование корой или торфом слоем 6–8 см; взрослое растение засухоустойчиво.		
srednyaya-polosa	aprel	АПРЕЛЬ	razmnozhenie	dekor	sumah	grunt	Подрубка лопатой и выкопка корневой поросли сумаха по всему участку несколько раз за сезон; отделённая поросль и корневые черенки — материал для размножения.		
srednyaya-polosa	oktyabr	ОКТЯБРЬ	ukrytie	dekor	sumah	grunt	Молодые сумахи первые 2–3 зимы — мульча приствольного круга и окучивание основания в бесснежные морозы.		
srednyaya-polosa	aprel	АПРЕЛЬ	posev	dekor	bagryanik	grunt	Посадка багряника японского — саженцем с ЗКС весной или в начале осени в полутень на влажную плодородную дренированную слабокислую почву без застоя воды; корневую шейку не заглублять, мульча слоем 7–10 см.		
srednyaya-polosa	iyun	ИЮНЬ	poliv	dekor	bagryanik	grunt	Регулярный полив багряника без пересыхания кома и дождевание кроны в жару; при недостатке влаги — краевой ожог листьев и ранний листопад.		
srednyaya-polosa	aprel	АПРЕЛЬ	udobrenie	dekor	bagryanik	grunt	Весенняя подкормка багряника удобрением для лиственных без извести; со второй половины лета азот не вносят — прирост не успеет вызреть.		
srednyaya-polosa	mart	МАРТ	obrezka	dekor	bagryanik	grunt	Санитарная обрезка багряника ранней весной — сухие и подмёрзшие концы побегов; у молодого растения для многоствольной формы оставляют 3–5 сильных стволов.		
srednyaya-polosa	oktyabr	ОКТЯБРЬ	ukrytie	dekor	bagryanik	grunt	Молодым багряникам (первые 2–3 года) на зиму — мульча приствольного круга слоем 10–15 см; в бесснежные морозы прикрывают основание. Взрослое дерево зимостойко до −30 °C без укрытия.		
srednyaya-polosa	aprel	АПРЕЛЬ	posev	dekor	badan	grunt	Посадка бадана делёнкой с розеткой листьев весной или в конце лета в полутень на дренированную почву от слабокислой до слабощелочной; корневище кладут горизонтально у поверхности, точку роста не заглубляют.		
srednyaya-polosa	aprel	АПРЕЛЬ	obrezka	dekor	badan	grunt	Весной у бадана осторожно обрывают перезимовавшие бурые листья вместе с черешком (не срезать ножом — срез загнивает); отцветшие цветоносы срезают у основания.		
srednyaya-polosa	iyun	ИЮНЬ	poliv	dekor	badan	grunt	Полив бадана только в затяжную засуху (застоя воды не терпит — корневище загнивает); мульча компостом или перегноем слоем 3–5 см, розетку не засыпать.		
srednyaya-polosa	iyun	ИЮНЬ	udobrenie	dekor	badan	grunt	Одна подкормка бадана за лето — комплексным удобрением в разведённом виде после цветения; свежий навоз не вносят.		
srednyaya-polosa	may	МАЙ	obrabotka	dekor	badan	grunt	От слизней и улиток на бадане в сырую погоду — ловушки, подсыпка золы или песка, мульча хвоёй; на переувлажнённых участках следят за пятнистостью листьев и гнилью корневища.		
srednyaya-polosa	dekabr	ДЕКАБРЬ	obrabotka	dekor	krokus,podsnezhnik,tyulpan,liliya	grunt	В оттепель отаптывать снег над осенними посадками луковичных и в приствольных кругах молодых деревьев — обрушивает подснежные ходы мышей и полёвок.		агропроверка: снегоуплотнение против грызунов — зимой в оттепель
severo-zapad	dekabr	ДЕКАБРЬ	obrabotka	dekor	krokus,podsnezhnik,tyulpan,liliya	grunt	В оттепель отаптывать снег над осенними посадками луковичных и в приствольных кругах молодых деревьев — обрушивает подснежные ходы мышей и полёвок.		агропроверка: снегоуплотнение против грызунов — зимой в оттепель
ural-sibir	dekabr	ДЕКАБРЬ	obrabotka	dekor	krokus,podsnezhnik,tyulpan,liliya	grunt	В оттепель отаптывать снег над осенними посадками луковичных и в приствольных кругах молодых деревьев — обрушивает подснежные ходы мышей и полёвок.		агропроверка: снегоуплотнение против грызунов — зимой в оттепель
srednyaya-polosa	aprel	АПРЕЛЬ	ukrytie	dekor	bagryanik	grunt	Молодые багряники первые 2–3 года весной прикрывают спанбондом по распускающемуся приросту от возвратных заморозков — молодые листья катсуры к ним чувствительны.		
ural-sibir	aprel	АПРЕЛЬ	obrabotka	sad	smorodina,kryzhovnik	grunt	Во 2–3-й декаде апреля, до распускания почек — искореняющее опрыскивание смородины и крыжовника (распускаются одними из первых): 3%-я бордоская жидкость или мочевина 5–7 %.		reports/2026-09-11_sverka-rekomendaciy-klimat.md
srednyaya-polosa	oktyabr	ОКТЯБРЬ	poliv	dekor	tuya,mozhzhevelnik,samshit,el,sosna,roza,gortenziya	grunt	Влагозарядковый полив хвойных и декоративных кустарников — пока почва в зоне корней не остыла ниже +4…5 °C, при отсутствии осенних дождей.		reports/2026-09-11_sverka-rekomendaciy-klimat.md
severo-zapad	oktyabr	ОКТЯБРЬ	poliv	dekor	tuya,mozhzhevelnik,samshit,el,sosna,roza,gortenziya	grunt	Влагозарядковый полив хвойных и декоративных кустарников — пока почва в зоне корней не остыла ниже +4…5 °C, при отсутствии осенних дождей.		reports/2026-09-11_sverka-rekomendaciy-klimat.md
yug	noyabr	НОЯБРЬ	poliv	dekor	tuya,mozhzhevelnik,samshit,el,sosna,roza,gortenziya	grunt	Влагозарядковый полив хвойных, роз и гортензий — в ноябре, пока почва в зоне корней не остыла ниже +4…5 °C, при отсутствии дождей.		reports/2026-09-11_sverka-rekomendaciy-klimat.md
ural-sibir	sentyabr	СЕНТЯБРЬ	poliv	dekor	tuya,mozhzhevelnik,samshit,el,sosna,roza,gortenziya	grunt	Влагозарядковый полив хвойных и декоративных кустарников — в сентябре – 1-й декаде октября, пока почва в зоне корней не остыла ниже +4…5 °C.		reports/2026-09-11_sverka-rekomendaciy-klimat.md
srednyaya-polosa	iyun	ИЮНЬ	poliv	dekor	tuya,mozhzhevelnik,samshit	grunt	Полив хвойных и вечнозелёных в засуху — профилактика ослабления и летних ожогов; молодые растения особенно чувствительны к пересыханию.		reports/2026-09-11_sverka-rekomendaciy-klimat.md
yug	iyun	ИЮНЬ	poliv	dekor	tuya,mozhzhevelnik,samshit	grunt	Полив хвойных и вечнозелёных в засуху — профилактика ослабления и летних ожогов; молодые растения особенно чувствительны к пересыханию.		reports/2026-09-11_sverka-rekomendaciy-klimat.md
ural-sibir	iyun	ИЮНЬ	poliv	dekor	tuya,mozhzhevelnik,samshit	grunt	Полив хвойных и вечнозелёных в засуху — профилактика ослабления и летних ожогов; молодые растения особенно чувствительны к пересыханию.		reports/2026-09-11_sverka-rekomendaciy-klimat.md
severo-zapad	iyun	ИЮНЬ	poliv	dekor	tuya,mozhzhevelnik,samshit	grunt	Полив хвойных и вечнозелёных в засуху — профилактика ослабления и летних ожогов; молодые растения особенно чувствительны к пересыханию.		reports/2026-09-11_sverka-rekomendaciy-klimat.md
yug	iyul	ИЮЛЬ	udobrenie	ogorod	petrushka	grunt	Корневая петрушка: с июля — фосфорно-калийная подкормка (суперфосфат 15–20 г + сульфат калия 15 г на м²) для налива корнеплода; азот исключить (рыхлый корнеплод, нитраты, плохая лёжкость).		reports/2026-09-11_sverka-rekomendaciy-klimat.md
srednyaya-polosa	iyul	ИЮЛЬ	udobrenie	ogorod	petrushka	grunt	Корневая петрушка: с июля — фосфорно-калийная подкормка (суперфосфат 15–20 г + сульфат калия 15 г на м²) для налива корнеплода; азот исключить (рыхлый корнеплод, нитраты, плохая лёжкость).		reports/2026-09-11_sverka-rekomendaciy-klimat.md
severo-zapad	iyul	ИЮЛЬ	udobrenie	ogorod	petrushka	grunt	Корневая петрушка: с июля – августа — фосфорно-калийная подкормка (суперфосфат 15–20 г + сульфат калия 15 г на м²) для налива корнеплода; азот исключить.		reports/2026-09-11_sverka-rekomendaciy-klimat.md
ural-sibir	iyul	ИЮЛЬ	udobrenie	ogorod	petrushka	grunt	Корневая петрушка: с июля – августа — фосфорно-калийная подкормка (суперфосфат 15–20 г + сульфат калия 15 г на м²) для налива корнеплода; азот исключить.		reports/2026-09-11_sverka-rekomendaciy-klimat.md
yug	avgust	АВГУСТ	posev	ogorod	salat,rukkola,shpinat,kinza	grunt	Осенний конвейерный подсев салатных на Юге — с 3-й декады августа, по спаду жары; продолжают в сентябре каждые 2 недели. Осенью стрелкования нет, качество листа лучше весеннего.		reports/2026-09-11_sverka-rekomendaciy-klimat.md